사고부문,사고번호,사고일시,요일,시군구,사고내용,사망자수,중상자수,경상자수,부상신고자수,사고유형,법규위반,노면상태,기상상태,도로형태,가해운전자 차종,가해운전자 성별,가해운전자 연령,가해운전자 상해정도,피해운전자 차종,피해운전자 성별,피해운전자 연령,피해운전자 상해정도
노인운전자사고,2020021300100508,2020년 2월 13일 20시,목요일,부산광역시 영도구 동삼동,중상사고,0,1,0,0,차대사람 - 횡단중,안전운전불이행,건조,맑음,단일로 - 기타,승용,남,66세,상해없음,보행자,남,71세,중상
노인운전자사고,2020021300100511,2020년 2월 13일 20시,목요일,부산광역시 사상구 삼락동,사망사고,1,0,0,0,차대사람 - 차도통행중,안전운전불이행,건조,맑음,단일로 - 기타,특수,남,65세,상해없음,보행자,남,84세,사망
노인운전자사고,2020021400100171,2020년 2월 14일 10시,금요일,부산광역시 사하구 신평동,부상신고사고,0,0,0,1,차대차 - 측면충돌,안전운전불이행,건조,맑음,단일로 - 지하차도(도로)내,기타불명,남,70세,부상신고,승용,남,65세,상해없음
노인운전자사고,2020021400100248,2020년 2월 14일 13시,금요일,부산광역시 부산진구 부암동,중상사고,0,1,2,0,차대차 - 측면충돌,신호위반,건조,맑음,교차로 - 교차로안,승용,남,65세,상해없음,승합,남,39세,경상
노인운전자사고,2020021400100249,2020년 2월 14일 13시,금요일,부산광역시 연제구 연산동,경상사고,0,0,1,0,차대사람 - 횡단중,보행자보호의무위반,건조,맑음,단일로 - 기타,이륜,남,68세,상해없음,보행자,여,7세,경상
노인운전자사고,2020021400100373,2020년 2월 14일 16시,금요일,부산광역시 해운대구 우동,경상사고,0,0,1,0,차대사람 - 보도통행중,보행자보호의무위반,건조,맑음,단일로 - 기타,승용,남,70세,상해없음,보행자,남,30세,경상
노인운전자사고,2020021400100452,2020년 2월 14일 18시,금요일,부산광역시 동구 범일동,경상사고,0,0,1,0,차대차 - 추돌,안전운전불이행,건조,맑음,단일로 - 기타,승용,남,68세,상해없음,승용,여,40세,경상
노인운전자사고,2020021400100624,2020년 2월 14일 22시,금요일,부산광역시 연제구 연산동,부상신고사고,0,0,0,1,차대차 - 기타,안전운전불이행,건조,맑음,단일로 - 기타,이륜,남,65세,부상신고,승용,남,67세,상해없음
노인운전자사고,2020021500100145,2020년 2월 15일 10시,토요일,부산광역시 기장군 기장읍,경상사고,0,0,1,0,차대차 - 측면충돌,직진우회전진행방해,건조,맑음,교차로 - 교차로안,승용,남,78세,상해없음,승용,남,62세,경상
노인운전자사고,2020021500100243,2020년 2월 15일 13시,토요일,부산광역시 남구 용호동,경상사고,0,0,1,0,차대사람 - 기타,신호위반,건조,맑음,교차로 - 교차로횡단보도내,승용,남,77세,상해없음,보행자,남,71세,경상
노인운전자사고,2020021500100273,2020년 2월 15일 14시,토요일,부산광역시 사하구 장림동,중상사고,0,2,1,0,차대차 - 기타,안전운전불이행,건조,맑음,교차로 - 교차로부근,승용,남,65세,경상,화물,남,63세,중상
노인운전자사고,2020021500100274,2020년 2월 15일 14시,토요일,부산광역시 연제구 거제동,중상사고,0,1,0,0,차대사람 - 차도통행중,보행자보호의무위반,건조,맑음,교차로 - 교차로안,승용,남,67세,상해없음,보행자,남,73세,중상
노인운전자사고,2020021500100368,2020년 2월 15일 17시,토요일,부산광역시 금정구 서동,중상사고,0,1,0,0,차대차 - 기타,안전운전불이행,건조,맑음,단일로 - 기타,승용,남,73세,상해없음,이륜,남,38세,중상
노인운전자사고,2020021500100369,2020년 2월 15일 17시,토요일,부산광역시 기장군 기장읍,경상사고,0,0,3,0,차대차 - 기타,안전운전불이행,건조,맑음,교차로 - 교차로안,화물,남,66세,상해없음,승용,남,35세,경상
노인운전자사고,2020021500100519,2020년 2월 15일 21시,토요일,부산광역시 중구 부평동2가,경상사고,0,0,1,0,차대차 - 측면충돌,안전운전불이행,건조,맑음,단일로 - 기타,승용,남,70세,상해없음,이륜,남,21세,경상
노인운전자사고,2020021600100009,2020년 2월 16일 00시,일요일,부산광역시 사상구 모라동,경상사고,0,0,1,0,차대차 - 측면충돌,신호위반,건조,맑음,단일로 - 기타,승용,남,66세,상해없음,이륜,남,52세,경상
노인운전자사고,2020021600100139,2020년 2월 16일 08시,일요일,부산광역시 중구 부평동2가,중상사고,0,1,0,0,차대사람 - 차도통행중,안전운전불이행,건조,맑음,교차로 - 교차로부근,화물,남,70세,상해없음,보행자,여,60세,중상
노인운전자사고,2020021600100453,2020년 2월 16일 21시,일요일,부산광역시 사하구 하단동,경상사고,0,0,1,0,차대차 - 측면충돌,안전거리미확보,건조,맑음,단일로 - 교량,승용,남,82세,상해없음,승용,남,63세,경상
노인운전자사고,2020021700100198,2020년 2월 17일 11시,월요일,부산광역시 동래구 명장동,경상사고,0,0,1,0,차대사람 - 횡단중,보행자보호의무위반,건조,맑음,교차로 - 교차로횡단보도내,승용,남,66세,상해없음,보행자,여,55세,경상
노인운전자사고,2020021700100431,2020년 2월 17일 17시,월요일,부산광역시 사하구 구평동,경상사고,0,0,2,0,차대차 - 측면충돌,과속,건조,맑음,단일로 - 기타,승용,남,67세,경상,승용,남,57세,경상
노인운전자사고,2.02002E+15,2020년 2월 17일 18시,월요일,부산광역시 사상구 엄궁동,경상사고,0,0,1,0,차대차 - 기타,안전운전불이행,건조,맑음,교차로 - 교차로안,승용,남,72세,상해없음,이륜,남,27세,경상
노인운전자사고,2020021800100464,2020년 2월 18일 17시,화요일,부산광역시 중구 중앙동2가,경상사고,0,0,1,0,차대차 - 측면충돌,교차로운행방법위반,건조,맑음,교차로 - 교차로안,승용,남,69세,상해없음,승용,남,58세,경상
노인운전자사고,2020021800100525,2020년 2월 18일 18시,화요일,부산광역시 금정구 구서동,경상사고,0,0,2,2,차대차 - 측면충돌,신호위반,건조,맑음,교차로 - 교차로안,승용,여,75세,상해없음,승용,남,31세,부상신고
노인운전자사고,2020021800100654,2020년 2월 18일 20시,화요일,부산광역시 해운대구 우동,경상사고,0,0,1,0,차대차 - 측면충돌,안전운전불이행,건조,맑음,교차로 - 교차로부근,승용,남,72세,상해없음,승용,여,31세,경상
노인운전자사고,2020021800100723,2020년 2월 18일 22시,화요일,부산광역시 남구 대연동,중상사고,0,1,0,0,차대차 - 측면충돌,신호위반,건조,맑음,교차로 - 교차로부근,승용,남,65세,상해없음,원동기,남,33세,중상
노인운전자사고,2020021900100207,2020년 2월 19일 11시,수요일,부산광역시 사상구 주례동,경상사고,0,0,1,0,차대차 - 측면충돌,차로위반,건조,맑음,단일로 - 기타,화물,남,68세,상해없음,화물,남,62세,경상
노인운전자사고,2020021900100392,2020년 2월 19일 16시,수요일,부산광역시 동구 초량동,경상사고,0,0,1,0,차대차 - 기타,신호위반,건조,맑음,교차로 - 교차로안,승용,남,72세,상해없음,승용,남,38세,경상
노인운전자사고,2020021900100449,2020년 2월 19일 17시,수요일,부산광역시 금정구 장전동,경상사고,0,0,1,0,차대차 - 기타,교차로운행방법위반,건조,맑음,교차로 - 교차로안,승용,여,65세,상해없음,이륜,남,28세,경상
노인운전자사고,2020022000100077,2020년 2월 20일 07시,목요일,부산광역시 동래구 안락동,부상신고사고,0,0,0,1,차대차 - 측면충돌,직진우회전진행방해,건조,맑음,교차로 - 교차로안,이륜,남,68세,부상신고,승용,여,54세,상해없음
노인운전자사고,2020022000100322,2020년 2월 20일 14시,목요일,부산광역시 해운대구 중동,중상사고,0,1,0,0,차량단독 - 기타,안전운전불이행,건조,맑음,단일로 - 기타,승합,남,67세,상해없음,,,,
노인운전자사고,2020022000100323,2020년 2월 20일 14시,목요일,부산광역시 부산진구 부전동,경상사고,0,0,1,0,차대사람 - 기타,안전운전불이행,건조,맑음,단일로 - 기타,승용,남,67세,상해없음,보행자,남,45세,경상
노인운전자사고,2020022000100402,2020년 2월 20일 16시,목요일,부산광역시 남구 문현동,경상사고,0,0,1,0,차대차 - 측면충돌,안전운전불이행,건조,맑음,단일로 - 기타,특수,남,75세,상해없음,승용,남,32세,경상
노인운전자사고,2020022000100547,2020년 2월 20일 19시,목요일,부산광역시 동구 좌천동,경상사고,0,0,1,0,차대차 - 측면충돌,안전거리미확보,건조,맑음,단일로 - 기타,특수,남,65세,기타불명,승용,남,50세,경상
노인운전자사고,2020022000100549,2020년 2월 20일 19시,목요일,부산광역시 사상구 감전동,중상사고,0,2,1,0,차대차 - 측면충돌,안전거리미확보,건조,맑음,단일로 - 교량,특수,남,70세,상해없음,승용,여,43세,경상
노인운전자사고,2020022000100692,2020년 2월 20일 23시,목요일,부산광역시 북구 구포동,경상사고,0,0,1,0,차대사람 - 횡단중,보행자보호의무위반,건조,맑음,교차로 - 교차로횡단보도내,승용,남,65세,기타불명,보행자,남,38세,경상
노인운전자사고,2020022100100066,2020년 2월 21일 05시,금요일,부산광역시 남구 문현동,중상사고,0,1,0,0,차대사람 - 횡단중,신호위반,건조,맑음,교차로 - 교차로횡단보도내,승용,남,74세,상해없음,보행자,여,60세,중상
노인운전자사고,2020022100100174,2020년 2월 21일 09시,금요일,부산광역시 부산진구 부전동,경상사고,0,0,3,0,차대차 - 측면충돌,안전거리미확보,건조,맑음,기타 - 기타,승용,남,65세,상해없음,승용,남,61세,경상
노인운전자사고,2020022100100199,2020년 2월 21일 10시,금요일,부산광역시 중구 부평동2가,부상신고사고,0,0,0,1,차대차 - 측면충돌,안전운전불이행,건조,맑음,단일로 - 기타,이륜,남,71세,부상신고,승용,여,53세,상해없음
노인운전자사고,2020022100100313,2020년 2월 21일 14시,금요일,부산광역시 금정구 청룡동,경상사고,0,0,1,0,차대차 - 기타,안전운전불이행,건조,맑음,단일로 - 기타,승용,남,76세,경상,이륜,남,66세,기타불명
노인운전자사고,2020022100100344,2020년 2월 21일 15시,금요일,부산광역시 남구 대연동,경상사고,0,0,1,0,차대사람 - 차도통행중,안전운전불이행,건조,맑음,기타 - 기타,승용,남,74세,상해없음,보행자,남,79세,경상
노인운전자사고,2020022200100138,2020년 2월 22일 09시,토요일,부산광역시 사상구 괘법동,부상신고사고,0,0,0,1,차대차 - 정면충돌,신호위반,건조,맑음,교차로 - 교차로안,이륜,남,69세,부상신고,승용,남,62세,상해없음
노인운전자사고,2020022200100234,2020년 2월 22일 13시,토요일,부산광역시 서구 서대신동2가,경상사고,0,0,1,0,차대차 - 측면충돌,안전거리미확보,건조,맑음,교차로 - 교차로부근,승용,남,71세,상해없음,승용,남,34세,경상
노인운전자사고,2020022200100264,2020년 2월 22일 14시,토요일,부산광역시 사하구 하단동,경상사고,0,0,1,0,차대차 - 측면충돌,중앙선침범,건조,맑음,단일로 - 기타,승용,남,73세,상해없음,이륜,남,18세,경상
노인운전자사고,2.02002E+15,2020년 2월 23일 08시,일요일,부산광역시 강서구 녹산동,경상사고,0,0,1,0,차대차 - 기타,안전운전불이행,건조,맑음,단일로 - 기타,승용,남,70세,상해없음,승용,여,52세,경상
노인운전자사고,2020022300100072,2020년 2월 23일 09시,일요일,부산광역시 중구 중앙동4가,경상사고,0,0,1,0,차대차 - 측면충돌,안전운전불이행,건조,맑음,교차로 - 교차로부근,승용,남,72세,상해없음,특수,남,38세,상해없음
노인운전자사고,2020022300100247,2020년 2월 23일 18시,일요일,부산광역시 수영구 남천동,경상사고,0,0,1,0,차대차 - 측면충돌,안전운전불이행,건조,맑음,교차로 - 교차로부근,승용,남,76세,상해없음,승용,남,28세,경상
노인운전자사고,2020022400100022,2020년 2월 24일 05시,월요일,부산광역시 서구 충무동1가,경상사고,0,0,1,0,차대차 - 측면충돌,안전운전불이행,건조,맑음,교차로 - 교차로안,화물,남,67세,상해없음,승용,여,32세,경상
노인운전자사고,2020022400100136,2020년 2월 24일 10시,월요일,부산광역시 강서구 명지동,중상사고,0,1,0,0,차대사람 - 기타,안전운전불이행,건조,맑음,단일로 - 기타,건설기계,남,70세,상해없음,보행자,여,72세,중상
노인운전자사고,2020022400100374,2020년 2월 24일 18시,월요일,부산광역시 사하구 감천동,경상사고,0,0,1,0,차대차 - 추돌,안전운전불이행,건조,맑음,단일로 - 기타,승용,남,65세,상해없음,승용,여,32세,경상
노인운전자사고,2020022400100507,2020년 2월 24일 23시,월요일,부산광역시 사상구 학장동,중상사고,0,1,0,0,차대사람 - 차도통행중,안전운전불이행,젖음/습기,비,교차로 - 교차로횡단보도내,승용,남,68세,상해없음,보행자,남,56세,중상
노인운전자사고,2020022500100036,2020년 2월 25일 03시,화요일,부산광역시 부산진구 부전동,경상사고,0,0,3,0,차대차 - 기타,안전운전불이행,젖음/습기,비,기타 - 기타,화물,남,65세,상해없음,화물,남,31세,경상
노인운전자사고,2.02002E+15,2020년 2월 25일 17시,화요일,부산광역시 기장군 기장읍,경상사고,0,0,1,0,차대차 - 측면충돌,안전거리미확보,젖음/습기,흐림,단일로 - 기타,화물,남,73세,상해없음,화물,남,58세,경상
노인운전자사고,2020022500100428,2020년 2월 25일 21시,화요일,부산광역시 사상구 괘법동,중상사고,0,1,0,0,차대사람 - 보도통행중,안전운전불이행,건조,맑음,단일로 - 기타,승용,남,69세,상해없음,보행자,여,63세,중상
노인운전자사고,2020022600100117,2020년 2월 26일 09시,수요일,부산광역시 사상구 삼락동,중상사고,0,1,1,0,차대차 - 기타,안전운전불이행,건조,맑음,기타 - 기타,승용,남,67세,상해없음,화물,남,56세,중상
노인운전자사고,2020022600100223,2020년 2월 26일 14시,수요일,부산광역시 중구 남포동1가,중상사고,0,1,0,0,차대사람 - 횡단중,보행자보호의무위반,건조,맑음,교차로 - 교차로부근,화물,남,72세,상해없음,보행자,남,80세,중상
노인운전자사고,2020022600100226,2020년 2월 26일 14시,수요일,부산광역시 금정구 남산동,경상사고,0,0,1,0,차대사람 - 보도통행중,기타,건조,흐림,단일로 - 기타,승용,남,72세,상해없음,보행자,여,57세,경상
노인운전자사고,2020022700100034,2020년 2월 27일 04시,목요일,부산광역시 남구 용호동,경상사고,0,0,1,0,차대차 - 추돌,안전운전불이행,젖음/습기,비,교차로 - 교차로안,승용,남,72세,상해없음,승용,남,23세,경상
노인운전자사고,2020022700100041,2020년 2월 27일 05시,목요일,부산광역시 사하구 괴정동,중상사고,0,1,0,0,차대사람 - 횡단중,안전운전불이행,젖음/습기,흐림,단일로 - 지하차도(도로)내,승용,남,65세,상해없음,보행자,남,79세,중상
노인운전자사고,2020022800100068,2020년 2월 28일 08시,금요일,부산광역시 동래구 온천동,경상사고,0,0,1,0,차대차 - 기타,안전운전불이행,건조,맑음,단일로 - 교량,화물,남,66세,상해없음,승용,남,32세,경상
노인운전자사고,2.02002E+15,2020년 2월 28일 09시,금요일,부산광역시 북구 금곡동,경상사고,0,0,2,0,차대차 - 기타,안전운전불이행,건조,맑음,단일로 - 기타,승용,남,70세,상해없음,승용,남,26세,경상
노인운전자사고,2020022800100091,2020년 2월 28일 09시,금요일,부산광역시 영도구 청학동,경상사고,0,0,1,0,차대차 - 측면충돌,안전운전불이행,건조,맑음,단일로 - 기타,승용,남,70세,상해없음,승용,남,32세,기타불명
노인운전자사고,2020022800100093,2020년 2월 28일 09시,금요일,부산광역시 해운대구 재송동,중상사고,0,1,0,0,차대사람 - 횡단중,보행자보호의무위반,건조,맑음,교차로 - 교차로횡단보도내,승용,남,72세,상해없음,보행자,남,79세,중상
노인운전자사고,2.02002E+15,2020년 2월 28일 10시,금요일,부산광역시 동구 좌천동,경상사고,0,0,1,0,차대차 - 측면충돌,신호위반,건조,맑음,교차로 - 교차로부근,승용,여,65세,상해없음,승용,남,60세,경상
노인운전자사고,2020022800100129,2020년 2월 28일 11시,금요일,부산광역시 연제구 거제동,경상사고,0,0,1,0,차대사람 - 길가장자리구역통행중,안전운전불이행,건조,흐림,단일로 - 기타,화물,남,71세,상해없음,보행자,남,42세,경상
노인운전자사고,2020022900100154,2020년 2월 29일 12시,토요일,부산광역시 연제구 거제동,중상사고,0,1,0,0,차량단독 - 전도전복 - 전도,안전운전불이행,건조,맑음,교차로 - 교차로부근,농기계,남,80세,중상,,,,
노인운전자사고,2020022900100288,2020년 2월 29일 18시,토요일,부산광역시 해운대구 송정동,경상사고,0,0,3,0,차대차 - 기타,안전운전불이행,건조,맑음,단일로 - 기타,이륜,남,69세,상해없음,승용,남,40세,경상
노인운전자사고,2020030100100143,2020년 3월 1일 15시,일요일,부산광역시 남구 대연동,경상사고,0,0,2,0,차대차 - 측면충돌,안전운전불이행,건조,맑음,교차로 - 교차로안,승용,남,80세,상해없음,승용,남,27세,경상
노인운전자사고,2020030200100007,2020년 3월 2일 01시,월요일,부산광역시 사상구 주례동,중상사고,0,1,1,0,차대차 - 측면충돌,차로위반,건조,맑음,교차로 - 교차로안,승용,남,69세,상해없음,이륜,남,33세,중상
노인운전자사고,2020030200100302,2020년 3월 2일 17시,월요일,부산광역시 연제구 거제동,중상사고,0,1,0,0,차대사람 - 횡단중,신호위반,건조,맑음,교차로 - 교차로횡단보도내,승용,남,65세,상해없음,보행자,남,28세,중상
노인운전자사고,2020030200100363,2020년 3월 2일 19시,월요일,부산광역시 동래구 사직동,경상사고,0,0,1,0,차대차 - 추돌,안전운전불이행,건조,맑음,교차로 - 교차로안,승용,남,65세,상해없음,이륜,남,29세,경상
노인운전자사고,2020030200100364,2020년 3월 2일 19시,월요일,부산광역시 부산진구 개금동,경상사고,0,0,1,0,차대차 - 측면충돌,신호위반,건조,맑음,교차로 - 교차로부근,승용,남,65세,상해없음,이륜,남,32세,경상
노인운전자사고,2020030200100392,2020년 3월 2일 20시,월요일,부산광역시 동래구 명륜동,경상사고,0,0,1,0,차대차 - 기타,안전운전불이행,건조,맑음,교차로 - 교차로안,승용,남,66세,상해없음,이륜,남,47세,경상
노인운전자사고,2.02003E+15,2020년 3월 2일 23시,월요일,부산광역시 영도구 봉래동3가,경상사고,0,0,2,0,차대차 - 측면충돌,안전운전불이행,건조,맑음,단일로 - 기타,승용,남,66세,상해없음,승용,남,19세,경상
노인운전자사고,2020030300100314,2020년 3월 3일 19시,화요일,부산광역시 사하구 신평동,경상사고,0,0,3,0,차대차 - 추돌,안전운전불이행,건조,맑음,교차로 - 교차로부근,승용,남,65세,상해없음,승용,남,37세,경상
노인운전자사고,2020030300100342,2020년 3월 3일 20시,화요일,부산광역시 동래구 온천동,경상사고,0,0,2,0,차대차 - 측면충돌,안전운전불이행,건조,맑음,단일로 - 기타,승용,남,65세,경상,승용,여,62세,경상
노인운전자사고,2020030400100114,2020년 3월 4일 11시,수요일,부산광역시 기장군 철마면,경상사고,0,0,2,0,차대차 - 추돌,안전거리미확보,기타,맑음,단일로 - 기타,승용,남,65세,경상,화물,남,44세,상해없음
노인운전자사고,2020030400100143,2020년 3월 4일 12시,수요일,부산광역시 동래구 수안동,중상사고,0,1,0,0,차대차 - 측면충돌,안전운전불이행,건조,맑음,교차로 - 교차로안,자전거,남,72세,중상,승합,남,60세,상해없음
노인운전자사고,2.02003E+15,2020년 3월 4일 20시,수요일,부산광역시 금정구 구서동,경상사고,0,0,1,0,차대차 - 측면충돌,차로위반,건조,맑음,단일로 - 기타,승용,남,67세,상해없음,승용,남,53세,경상
노인운전자사고,2020030500100091,2020년 3월 5일 08시,목요일,부산광역시 서구 동대신동1가,경상사고,0,0,1,1,차대차 - 측면충돌,차로위반,건조,맑음,교차로 - 교차로부근,승용,남,68세,부상신고,승용,여,38세,경상
노인운전자사고,2020030600100087,2020년 3월 6일 08시,금요일,부산광역시 동래구 온천동,중상사고,0,1,0,0,차대사람 - 기타,보행자보호의무위반,건조,맑음,교차로 - 교차로안,승용,남,85세,상해없음,보행자,여,19세,중상
노인운전자사고,2020030600100088,2020년 3월 6일 08시,금요일,부산광역시 연제구 연산동,경상사고,0,0,1,0,차대차 - 후진중충돌,안전운전불이행,건조,맑음,단일로 - 기타,승용,남,65세,기타불명,개인형이동수단(PM),여,23세,경상
노인운전자사고,2020030600100153,2020년 3월 6일 10시,금요일,부산광역시 영도구 봉래동1가,중상사고,0,1,0,0,차대차 - 측면충돌,직진우회전진행방해,건조,맑음,교차로 - 교차로안,승용,남,78세,상해없음,승용,여,49세,상해없음
노인운전자사고,2020030700100065,2020년 3월 7일 06시,토요일,부산광역시 사상구 모라동,경상사고,0,0,1,0,차대차 - 측면충돌,교차로운행방법위반,건조,맑음,교차로 - 교차로안,승용,남,68세,상해없음,승용,남,34세,경상
노인운전자사고,2020030700100071,2020년 3월 7일 07시,토요일,부산광역시 중구 중앙동4가,경상사고,0,0,2,0,차대차 - 측면충돌,교차로운행방법위반,건조,맑음,교차로 - 교차로안,승용,남,77세,기타불명,승용,여,48세,경상
노인운전자사고,2020030700100194,2020년 3월 7일 13시,토요일,부산광역시 기장군 기장읍,경상사고,0,0,1,1,차대차 - 측면충돌,직진우회전진행방해,건조,맑음,교차로 - 교차로안,승용,남,65세,상해없음,승용,남,26세,경상
노인운전자사고,2020030800100058,2020년 3월 8일 06시,일요일,부산광역시 동래구 안락동,중상사고,0,1,0,0,차대차 - 측면충돌,교차로운행방법위반,건조,맑음,교차로 - 교차로안,승용,남,65세,상해없음,화물,남,76세,중상
노인운전자사고,2020030800100074,2020년 3월 8일 08시,일요일,부산광역시 금정구 구서동,경상사고,0,0,2,0,차대차 - 측면충돌,교차로운행방법위반,건조,맑음,단일로 - 기타,승용,남,76세,상해없음,승용,남,59세,경상
노인운전자사고,2020030900100037,2020년 3월 9일 06시,월요일,부산광역시 강서구 명지동,경상사고,0,0,1,0,차대차 - 측면충돌,신호위반,건조,맑음,교차로 - 교차로안,승용,남,68세,상해없음,승용,여,58세,경상
노인운전자사고,2020030900100231,2020년 3월 9일 13시,월요일,부산광역시 사상구 주례동,경상사고,0,0,1,0,차대차 - 측면충돌,안전운전불이행,건조,흐림,기타 - 기타,화물,남,73세,상해없음,원동기,여,40세,상해없음
노인운전자사고,2.02003E+15,2020년 3월 9일 14시,월요일,부산광역시 사상구 모라동,중상사고,0,1,2,0,차대사람 - 횡단중,보행자보호의무위반,건조,맑음,교차로 - 교차로부근,승용,남,77세,상해없음,보행자,남,23세,중상
노인운전자사고,2020030900100287,2020년 3월 9일 15시,월요일,부산광역시 기장군 정관읍,경상사고,0,0,1,0,차대차 - 측면충돌,안전운전불이행,건조,맑음,교차로 - 교차로안,승용,여,67세,상해없음,자전거,남,77세,경상
노인운전자사고,2.02003E+15,2020년 3월 9일 21시,월요일,부산광역시 북구 만덕동,경상사고,0,0,2,0,차대차 - 기타,안전운전불이행,젖음/습기,비,교차로 - 교차로안,화물,남,65세,상해없음,승용,남,34세,경상
노인운전자사고,2020031100100238,2020년 3월 11일 14시,수요일,부산광역시 기장군 기장읍,경상사고,0,0,1,0,차대차 - 측면충돌,교차로운행방법위반,건조,맑음,교차로 - 교차로안,이륜,남,68세,기타불명,승용,남,55세,경상
노인운전자사고,2020031100100336,2020년 3월 11일 17시,수요일,부산광역시 금정구 금사동,경상사고,0,0,1,0,차대차 - 기타,안전운전불이행,건조,맑음,단일로 - 기타,건설기계,남,70세,상해없음,승용,남,25세,경상
노인운전자사고,2020031100100388,2020년 3월 11일 18시,수요일,부산광역시 연제구 연산동,경상사고,0,0,1,0,차대차 - 추돌,안전운전불이행,건조,맑음,교차로 - 교차로부근,승용,남,75세,상해없음,이륜,남,38세,경상
노인운전자사고,2020031100100458,2020년 3월 11일 20시,수요일,부산광역시 동래구 안락동,경상사고,0,0,1,0,차대차 - 추돌,신호위반,건조,맑음,교차로 - 교차로안,승용,남,72세,상해없음,승용,남,62세,경상
노인운전자사고,2020031200100035,2020년 3월 12일 04시,목요일,부산광역시 해운대구 좌동,경상사고,0,0,5,0,차대차 - 측면충돌,신호위반,건조,맑음,교차로 - 교차로안,승용,남,68세,상해없음,승용,남,18세,경상
노인운전자사고,2020031200100121,2020년 3월 12일 09시,목요일,부산광역시 중구 남포동6가,경상사고,0,0,1,0,차대차 - 측면충돌,교차로운행방법위반,건조,맑음,단일로 - 기타,건설기계,남,73세,상해없음,승용,여,59세,경상
노인운전자사고,2020031200100122,2020년 3월 12일 09시,목요일,부산광역시 남구 용호동,경상사고,0,0,1,0,차대사람 - 기타,보행자보호의무위반,건조,맑음,단일로 - 기타,승용,남,71세,상해없음,보행자,남,56세,경상
노인운전자사고,2020031200100178,2020년 3월 12일 11시,목요일,부산광역시 북구 덕천동,경상사고,0,0,1,0,차대차 - 기타,교차로운행방법위반,건조,맑음,교차로 - 교차로부근,승용,남,71세,상해없음,이륜,남,33세,경상
노인운전자사고,2020031200100301,2020년 3월 12일 15시,목요일,부산광역시 사하구 다대동,경상사고,0,0,1,0,차대차 - 기타,안전운전불이행,건조,맑음,교차로 - 교차로부근,자전거,남,68세,경상,화물,남,73세,상해없음
노인운전자사고,2020031200100408,2020년 3월 12일 18시,목요일,부산광역시 중구 영주동,경상사고,0,0,1,0,차대차 - 측면충돌,신호위반,건조,맑음,교차로 - 교차로부근,승용,남,72세,상해없음,이륜,남,24세,경상
노인운전자사고,2020031200100409,2020년 3월 12일 18시,목요일,부산광역시 강서구 대저1동,중상사고,0,1,0,0,차대차 - 기타,안전운전불이행,건조,맑음,단일로 - 기타,승용,남,66세,상해없음,자전거,여,61세,중상
노인운전자사고,2020031200100475,2020년 3월 12일 20시,목요일,부산광역시 서구 부민동3가,중상사고,0,1,0,0,차대사람 - 횡단중,안전운전불이행,건조,맑음,단일로 - 기타,승용,남,74세,상해없음,보행자,남,59세,중상
노인운전자사고,2020031200100562,2020년 3월 12일 23시,목요일,부산광역시 부산진구 부전동,경상사고,0,0,1,0,차대차 - 기타,신호위반,건조,기타,교차로 - 교차로부근,승용,남,70세,상해없음,승용,남,59세,경상
노인운전자사고,2020031300100089,2020년 3월 13일 09시,금요일,부산광역시 금정구 장전동,중상사고,0,1,0,0,차대사람 - 횡단중,안전운전불이행,건조,맑음,교차로 - 교차로안,승용,여,72세,상해없음,보행자,여,81세,중상
노인운전자사고,2020031300100091,2020년 3월 13일 09시,금요일,부산광역시 연제구 연산동,경상사고,0,0,2,0,차대차 - 추돌,안전운전불이행,건조,맑음,교차로 - 교차로부근,승용,남,70세,기타불명,승용,남,55세,경상
노인운전자사고,2020031300100115,2020년 3월 13일 10시,금요일,부산광역시 동래구 온천동,경상사고,0,0,1,0,차대차 - 추돌,안전운전불이행,건조,맑음,단일로 - 기타,승용,남,70세,상해없음,승용,남,49세,경상
노인운전자사고,2020031300100145,2020년 3월 13일 11시,금요일,부산광역시 부산진구 가야동,경상사고,0,0,2,0,차대차 - 기타,안전운전불이행,건조,맑음,교차로 - 교차로부근,승용,남,73세,상해없음,승용,남,31세,경상
노인운전자사고,2020031300100399,2020년 3월 13일 19시,금요일,부산광역시 해운대구 반여동,경상사고,0,0,1,0,차대차 - 기타,안전거리미확보,건조,맑음,기타 - 기타,화물,남,70세,상해없음,승용,남,67세,경상
노인운전자사고,2020031300100493,2020년 3월 13일 22시,금요일,부산광역시 사상구 덕포동,경상사고,0,0,1,0,차대사람 - 횡단중,안전운전불이행,건조,맑음,교차로 - 교차로안,승용,남,65세,상해없음,보행자,남,50세,경상
노인운전자사고,2020031400100104,2020년 3월 14일 08시,토요일,부산광역시 해운대구 우동,중상사고,0,1,0,0,차대사람 - 길가장자리구역통행중,안전운전불이행,건조,맑음,단일로 - 기타,승용,남,68세,기타불명,보행자,여,48세,중상
노인운전자사고,2020031400100106,2020년 3월 14일 08시,토요일,부산광역시 사상구 학장동,중상사고,0,1,0,0,차대차 - 측면충돌,차로위반,건조,맑음,단일로 - 기타,화물,남,70세,상해없음,승용,여,35세,중상