사고부문,사고번호,사고일시,요일,시군구,사고내용,사망자수,중상자수,경상자수,부상신고자수,사고유형,법규위반,노면상태,기상상태,도로형태,가해운전자 차종,가해운전자 성별,가해운전자 연령,가해운전자 상해정도,피해운전자 차종,피해운전자 성별,피해운전자 연령,피해운전자 상해정도
노인운전자사고,2020041100100297,2020년 4월 11일 15시,토요일,부산광역시 수영구 광안동,중상사고,0,1,0,0,차대차 - 기타,신호위반,건조,맑음,교차로 - 교차로안,승용,여,75세,상해없음,이륜,남,22세,중상
노인운전자사고,2.02004E+15,2020년 4월 11일 16시,토요일,부산광역시 북구 화명동,경상사고,0,0,1,0,차대차 - 추돌,안전운전불이행,건조,맑음,단일로 - 기타,승용,남,67세,상해없음,화물,남,63세,경상
노인운전자사고,2020041100100341,2020년 4월 11일 16시,토요일,부산광역시 동래구 낙민동,중상사고,0,1,0,0,차대사람 - 횡단중,중앙선침범,건조,맑음,교차로 - 교차로안,승합,남,76세,상해없음,보행자,여,43세,중상
노인운전자사고,2020041100100374,2020년 4월 11일 17시,토요일,부산광역시 동래구 낙민동,경상사고,0,0,1,0,차대사람 - 횡단중,안전운전불이행,건조,맑음,교차로 - 교차로안,승용,여,68세,상해없음,보행자,여,16세,경상
노인운전자사고,2020041100100454,2020년 4월 11일 19시,토요일,부산광역시 사상구 괘법동,경상사고,0,0,1,0,차대차 - 추돌,안전운전불이행,건조,맑음,단일로 - 기타,승용,남,75세,상해없음,이륜,남,18세,경상
노인운전자사고,2020041100100508,2020년 4월 11일 21시,토요일,부산광역시 동래구 사직동,중상사고,0,1,3,0,차대차 - 기타,중앙선침범,젖음/습기,비,단일로 - 기타,승용,남,76세,중상,승용,남,38세,경상
노인운전자사고,2020041200100134,2020년 4월 12일 11시,일요일,부산광역시 동구 범일동,경상사고,0,0,3,0,차대차 - 추돌,안전운전불이행,젖음/습기,흐림,단일로 - 기타,승용,남,71세,상해없음,승용,여,46세,경상
노인운전자사고,2020041300100163,2020년 4월 13일 11시,월요일,부산광역시 연제구 연산동,중상사고,0,1,0,0,차대사람 - 보도통행중,기타,건조,맑음,단일로 - 기타,화물,남,69세,상해없음,보행자,여,52세,중상
노인운전자사고,2020041300100164,2020년 4월 13일 11시,월요일,부산광역시 사상구 덕포동,경상사고,0,0,1,0,차대차 - 측면충돌,안전운전불이행,건조,맑음,단일로 - 기타,승용,남,70세,상해없음,이륜,남,29세,경상
노인운전자사고,2020041300100265,2020년 4월 13일 14시,월요일,부산광역시 연제구 연산동,경상사고,0,0,2,0,차대차 - 기타,안전거리미확보,건조,맑음,단일로 - 기타,승용,남,67세,상해없음,승용,남,42세,경상
노인운전자사고,2.02004E+15,2020년 4월 13일 15시,월요일,부산광역시 남구 대연동,중상사고,0,1,0,0,차대차 - 측면충돌,안전거리미확보,건조,맑음,단일로 - 기타,승용,남,67세,상해없음,이륜,남,31세,중상
노인운전자사고,2020041400100002,2020년 4월 14일 00시,화요일,부산광역시 동래구 수안동,사망사고,1,0,0,0,차대사람 - 횡단중,안전운전불이행,건조,맑음,교차로 - 교차로부근,승용,남,65세,상해없음,보행자,남,47세,사망
노인운전자사고,2020041400100051,2020년 4월 14일 06시,화요일,부산광역시 강서구 명지동,경상사고,0,0,2,0,차대차 - 측면충돌,안전거리미확보,건조,맑음,단일로 - 지하차도(도로)내,승용,남,66세,상해없음,승용,남,51세,경상
노인운전자사고,2020041400100202,2020년 4월 14일 12시,화요일,부산광역시 동래구 복천동,경상사고,0,0,1,0,차대차 - 후진중충돌,안전운전불이행,건조,맑음,단일로 - 기타,승용,남,66세,상해없음,이륜,남,36세,경상
노인운전자사고,2020041400100333,2020년 4월 14일 16시,화요일,부산광역시 동래구 명장동,경상사고,0,0,1,0,차대차 - 측면충돌,교차로운행방법위반,건조,맑음,교차로 - 교차로안,승용,남,65세,상해없음,승용,여,50세,경상
노인운전자사고,2020041400100408,2020년 4월 14일 17시,화요일,부산광역시 강서구 죽동동,경상사고,0,0,1,0,차대차 - 추돌,안전거리미확보,건조,맑음,단일로 - 기타,승용,남,68세,상해없음,화물,남,25세,경상
노인운전자사고,2020041400100472,2020년 4월 14일 19시,화요일,부산광역시 남구 용호동,경상사고,0,0,1,0,차대사람 - 차도통행중,안전운전불이행,건조,맑음,단일로 - 기타,이륜,남,77세,상해없음,보행자,여,48세,경상
노인운전자사고,2020041400100586,2020년 4월 14일 23시,화요일,부산광역시 영도구 동삼동,중상사고,0,1,0,0,차대사람 - 횡단중,안전운전불이행,건조,맑음,단일로 - 기타,승용,남,70세,상해없음,보행자,남,59세,중상
노인운전자사고,2020041500100023,2020년 4월 15일 01시,수요일,부산광역시 금정구 장전동,경상사고,0,0,1,0,차대차 - 추돌,안전운전불이행,건조,맑음,단일로 - 기타,승용,남,67세,기타불명,승용,남,44세,상해없음
노인운전자사고,2020041500100173,2020년 4월 15일 12시,수요일,부산광역시 동구 초량동,중상사고,0,1,1,0,차대차 - 추돌,안전운전불이행,건조,맑음,단일로 - 기타,승용,남,65세,상해없음,승용,남,50세,중상
노인운전자사고,2020041500100226,2020년 4월 15일 14시,수요일,부산광역시 사상구 삼락동,중상사고,0,1,0,0,차대차 - 추돌,안전운전불이행,건조,맑음,단일로 - 기타,화물,남,65세,상해없음,화물,남,58세,중상
노인운전자사고,2020041500100393,2020년 4월 15일 19시,수요일,부산광역시 부산진구 전포동,경상사고,0,0,1,0,차대차 - 기타,안전운전불이행,건조,맑음,단일로 - 기타,승용,남,66세,상해없음,승용,여,45세,경상
노인운전자사고,2020041500100413,2020년 4월 15일 20시,수요일,부산광역시 영도구 청학동,중상사고,0,1,0,0,차대차 - 측면충돌,신호위반,건조,맑음,교차로 - 교차로안,승용,여,72세,상해없음,이륜,남,57세,중상
노인운전자사고,2020041600100146,2020년 4월 16일 11시,목요일,부산광역시 부산진구 양정동,경상사고,0,0,1,0,차대차 - 측면충돌,안전운전불이행,건조,맑음,단일로 - 기타,이륜,남,66세,경상,승용,남,38세,상해없음
노인운전자사고,2020041600100197,2020년 4월 16일 13시,목요일,부산광역시 금정구 부곡동,중상사고,0,1,0,0,차대차 - 측면충돌,안전거리미확보,건조,맑음,단일로 - 기타,화물,남,71세,상해없음,승용,여,28세,중상
노인운전자사고,2020041700100035,2020년 4월 17일 04시,금요일,부산광역시 부산진구 전포동,경상사고,0,0,1,0,차대차 - 측면충돌,신호위반,건조,기타,교차로 - 교차로안,승용,남,70세,기타불명,승용,남,47세,경상
노인운전자사고,2020041700100247,2020년 4월 17일 14시,금요일,부산광역시 사상구 감전동,중상사고,0,2,2,0,차대차 - 정면충돌,중앙선침범,젖음/습기,비,단일로 - 기타,승용,남,72세,경상,승용,여,54세,중상
노인운전자사고,2020041700100311,2020년 4월 17일 16시,금요일,부산광역시 강서구 범방동,중상사고,0,1,1,0,차대차 - 추돌,중앙선침범,젖음/습기,비,단일로 - 기타,승용,남,78세,상해없음,화물,남,56세,중상
노인운전자사고,2020041700100342,2020년 4월 17일 17시,금요일,부산광역시 북구 구포동,경상사고,0,0,1,0,차대차 - 후진중충돌,안전운전불이행,젖음/습기,비,단일로 - 지하차도(도로)내,화물,남,65세,상해없음,승용,여,28세,경상
노인운전자사고,2020041700100345,2020년 4월 17일 17시,금요일,부산광역시 사상구 엄궁동,경상사고,0,0,2,0,차대차 - 기타,차로위반,건조,맑음,교차로 - 교차로부근,승용,남,67세,상해없음,승합,남,55세,상해없음
노인운전자사고,2020041700100405,2020년 4월 17일 19시,금요일,부산광역시 서구 서대신동2가,경상사고,0,0,1,0,차대차 - 측면충돌,중앙선침범,젖음/습기,비,단일로 - 기타,화물,남,71세,상해없음,승용,남,50세,경상
노인운전자사고,2020041800100101,2020년 4월 18일 08시,토요일,부산광역시 수영구 수영동,부상신고사고,0,0,0,1,차대차 - 기타,안전운전불이행,건조,맑음,단일로 - 기타,자전거,여,69세,기타불명,자전거,남,48세,부상신고
노인운전자사고,2020041800100345,2020년 4월 18일 16시,토요일,부산광역시 사상구 감전동,중상사고,0,1,0,0,차대차 - 측면충돌,안전거리미확보,건조,맑음,단일로 - 기타,이륜,남,76세,중상,건설기계,남,51세,상해없음
노인운전자사고,2020041900100261,2020년 4월 19일 18시,일요일,부산광역시 남구 문현동,경상사고,0,0,3,0,차대차 - 측면충돌,안전거리미확보,젖음/습기,비,단일로 - 기타,화물,남,72세,경상,화물,남,60세,경상
노인운전자사고,2.02004E+15,2020년 4월 20일 11시,월요일,부산광역시 금정구 금사동,경상사고,0,0,1,0,차대차 - 측면충돌,직진우회전진행방해,건조,맑음,교차로 - 교차로안,이륜,남,81세,상해없음,승용,남,39세,경상
노인운전자사고,2020042000100328,2020년 4월 20일 16시,월요일,부산광역시 서구 아미동2가,경상사고,0,0,1,0,차대차 - 측면충돌,안전거리미확보,건조,맑음,교차로 - 교차로안,승용,남,65세,상해없음,이륜,남,22세,경상
노인운전자사고,2020042000100366,2020년 4월 20일 17시,월요일,부산광역시 부산진구 연지동,경상사고,0,0,1,0,차대차 - 기타,교차로운행방법위반,건조,맑음,교차로 - 교차로안,승용,남,68세,상해없음,자전거,남,56세,경상
노인운전자사고,2020042000100427,2020년 4월 20일 19시,월요일,부산광역시 동래구 명장동,중상사고,0,1,0,0,차대차 - 측면충돌,안전거리미확보,건조,맑음,교차로 - 교차로횡단보도내,승용,남,72세,상해없음,이륜,남,38세,중상
노인운전자사고,2020042100100049,2020년 4월 21일 07시,화요일,부산광역시 강서구 미음동,중상사고,0,2,13,0,차대차 - 기타,신호위반,건조,맑음,교차로 - 교차로안,화물,남,66세,상해없음,승합,남,34세,경상
노인운전자사고,2020042100100135,2020년 4월 21일 10시,화요일,부산광역시 수영구 민락동,경상사고,0,0,1,0,차대차 - 측면충돌,안전운전불이행,건조,맑음,교차로 - 교차로부근,승용,여,68세,상해없음,승용,여,41세,경상
노인운전자사고,2020042100100158,2020년 4월 21일 11시,화요일,부산광역시 동래구 온천동,경상사고,0,0,1,0,차대차 - 기타,안전운전불이행,건조,맑음,교차로 - 교차로안,자전거,여,68세,경상,화물,남,33세,상해없음
노인운전자사고,2020042100100186,2020년 4월 21일 12시,화요일,부산광역시 사상구 덕포동,경상사고,0,0,4,0,차대차 - 측면충돌,교차로운행방법위반,건조,맑음,교차로 - 교차로안,승용,남,65세,상해없음,승용,남,37세,경상
노인운전자사고,2020042100100215,2020년 4월 21일 13시,화요일,부산광역시 해운대구 중동,중상사고,0,1,1,0,차대차 - 기타,교차로운행방법위반,건조,맑음,교차로 - 교차로안,승용,여,65세,상해없음,이륜,남,73세,경상
노인운전자사고,2.02004E+15,2020년 4월 21일 16시,화요일,부산광역시 동구 초량동,중상사고,0,1,0,0,차대차 - 추돌,안전운전불이행,건조,맑음,단일로 - 기타,화물,남,71세,상해없음,승용,남,67세,중상
노인운전자사고,2020042100100345,2020년 4월 21일 17시,화요일,부산광역시 서구 충무동1가,경상사고,0,0,2,0,차대차 - 측면충돌,신호위반,건조,맑음,교차로 - 교차로부근,화물,남,69세,경상,승용,여,26세,경상
노인운전자사고,2020042100100395,2020년 4월 21일 18시,화요일,부산광역시 해운대구 우동,중상사고,0,1,0,0,차대사람 - 기타,안전운전불이행,건조,맑음,교차로 - 교차로안,승용,여,66세,상해없음,보행자,여,20세,중상
노인운전자사고,2020042200100122,2020년 4월 22일 09시,수요일,부산광역시 연제구 연산동,경상사고,0,0,1,0,차대차 - 측면충돌,신호위반,건조,맑음,교차로 - 교차로안,승용,남,71세,상해없음,이륜,남,72세,경상
노인운전자사고,2020042200100174,2020년 4월 22일 11시,수요일,부산광역시 동구 초량동,경상사고,0,0,1,0,차대사람 - 기타,안전운전불이행,건조,맑음,단일로 - 기타,승용,남,74세,상해없음,보행자,남,70세,경상
노인운전자사고,2020042200100292,2020년 4월 22일 15시,수요일,부산광역시 남구 대연동,경상사고,0,0,3,0,차대차 - 측면충돌,안전운전불이행,건조,맑음,단일로 - 기타,승용,남,69세,상해없음,승용,남,64세,경상
노인운전자사고,2020042200100293,2020년 4월 22일 15시,수요일,부산광역시 금정구 장전동,경상사고,0,0,1,0,차대차 - 기타,신호위반,건조,맑음,교차로 - 교차로부근,승용,남,69세,상해없음,화물,남,50세,경상
노인운전자사고,2020042200100435,2020년 4월 22일 19시,수요일,부산광역시 중구 남포동4가,중상사고,0,1,1,0,차대차 - 측면충돌,차로위반,건조,맑음,단일로 - 기타,승용,남,73세,상해없음,승합,남,59세,상해없음
노인운전자사고,2020042300100181,2020년 4월 23일 11시,목요일,부산광역시 금정구 남산동,경상사고,0,0,1,0,차대차 - 추돌,안전거리미확보,건조,맑음,단일로 - 기타,승용,남,74세,상해없음,원동기,남,28세,경상
노인운전자사고,2020042300100182,2020년 4월 23일 11시,목요일,부산광역시 기장군 기장읍,경상사고,0,0,1,0,차대차 - 측면충돌,안전운전불이행,건조,맑음,단일로 - 기타,승용,남,85세,상해없음,이륜,남,71세,경상
노인운전자사고,2020042300100204,2020년 4월 23일 12시,목요일,부산광역시 서구 아미동1가,경상사고,0,0,1,0,차대차 - 측면충돌,안전거리미확보,건조,맑음,단일로 - 기타,승용,남,75세,상해없음,승용,남,66세,경상
노인운전자사고,2020042300100207,2020년 4월 23일 12시,목요일,부산광역시 사상구 학장동,부상신고사고,0,0,0,1,차대차 - 기타,안전운전불이행,건조,맑음,교차로 - 교차로안,원동기,남,65세,부상신고,화물,남,45세,상해없음
노인운전자사고,2.02004E+15,2020년 4월 23일 17시,목요일,부산광역시 남구 대연동,경상사고,0,0,1,0,차대차 - 기타,교차로운행방법위반,건조,맑음,교차로 - 교차로안,승용,남,72세,기타불명,승합,남,45세,상해없음
노인운전자사고,2020042300100402,2020년 4월 23일 18시,목요일,부산광역시 영도구 동삼동,중상사고,0,1,0,0,차대차 - 정면충돌,안전운전불이행,건조,맑음,단일로 - 기타,승용,남,66세,상해없음,이륜,남,28세,중상
노인운전자사고,2020042300100475,2020년 4월 23일 20시,목요일,부산광역시 강서구 명지동,중상사고,0,1,0,0,차량단독 - 전도전복 - 전복,안전운전불이행,건조,맑음,단일로 - 기타,승용,남,65세,상해없음,,,,
노인운전자사고,2020042400100059,2020년 4월 24일 06시,금요일,부산광역시 북구 구포동,중상사고,0,1,0,0,차대차 - 기타,안전운전불이행,건조,맑음,단일로 - 고가도로위,승용,여,66세,상해없음,원동기,남,63세,중상
노인운전자사고,2020042400100126,2020년 4월 24일 09시,금요일,부산광역시 북구 덕천동,경상사고,0,0,1,0,차대차 - 측면충돌,안전운전불이행,건조,맑음,단일로 - 지하차도(도로)내,자전거,남,68세,상해없음,자전거,남,72세,경상
노인운전자사고,2020042400100235,2020년 4월 24일 12시,금요일,부산광역시 부산진구 부전동,부상신고사고,0,0,0,1,차대차 - 기타,불법유턴,건조,맑음,단일로 - 기타,자전거,남,76세,부상신고,이륜,남,26세,상해없음
노인운전자사고,2020042400100263,2020년 4월 24일 13시,금요일,부산광역시 기장군 기장읍,경상사고,0,0,1,0,차대차 - 측면충돌,교차로운행방법위반,건조,맑음,교차로 - 교차로안,승용,남,71세,상해없음,승용,여,26세,경상
노인운전자사고,2020042500100102,2020년 4월 25일 08시,토요일,부산광역시 북구 구포동,경상사고,0,0,1,0,차량단독 - 기타,안전운전불이행,기타,맑음,단일로 - 기타,이륜,남,75세,경상,,,,
노인운전자사고,2020042500100103,2020년 4월 25일 08시,토요일,부산광역시 강서구 명지동,사망사고,1,2,0,0,차대차 - 측면충돌,신호위반,건조,맑음,교차로 - 교차로안,승용,남,70세,중상,승합,남,54세,상해없음
노인운전자사고,2020042500100162,2020년 4월 25일 10시,토요일,부산광역시 기장군 기장읍,중상사고,0,1,0,0,차대차 - 측면충돌,안전운전불이행,건조,맑음,단일로 - 기타,화물,남,68세,상해없음,이륜,남,60세,중상
노인운전자사고,2020042500100432,2020년 4월 25일 18시,토요일,부산광역시 부산진구 범전동,경상사고,0,0,1,0,차대차 - 정면충돌,안전거리미확보,건조,맑음,단일로 - 기타,승용,남,79세,기타불명,승용,남,50세,경상
노인운전자사고,2020042500100495,2020년 4월 25일 20시,토요일,부산광역시 사상구 엄궁동,중상사고,0,1,0,0,차대차 - 기타,안전운전불이행,건조,맑음,단일로 - 기타,승용,남,65세,상해없음,승용,남,32세,중상
노인운전자사고,2.02004E+15,2020년 4월 25일 23시,토요일,부산광역시 영도구 청학동,경상사고,0,0,2,0,차대차 - 측면충돌,안전운전불이행,건조,맑음,교차로 - 교차로안,승용,남,70세,상해없음,승용,남,51세,상해없음
노인운전자사고,2020042500100581,2020년 4월 25일 23시,토요일,부산광역시 부산진구 당감동,중상사고,0,1,0,0,차대사람 - 횡단중,안전운전불이행,건조,맑음,교차로 - 교차로횡단보도내,승용,남,67세,상해없음,보행자,남,60세,중상
노인운전자사고,2020042600100185,2020년 4월 26일 13시,일요일,부산광역시 금정구 회동동,부상신고사고,0,0,0,1,차량단독 - 기타,안전운전불이행,건조,맑음,단일로 - 기타,화물,남,76세,부상신고,,,,
노인운전자사고,2020042600100208,2020년 4월 26일 14시,일요일,부산광역시 사하구 다대동,경상사고,0,0,3,1,차대차 - 측면충돌,안전거리미확보,건조,맑음,교차로 - 교차로부근,승용,남,72세,부상신고,승용,남,38세,경상
노인운전자사고,2020042600100238,2020년 4월 26일 15시,일요일,부산광역시 서구 아미동2가,경상사고,0,0,2,0,차대차 - 추돌,안전거리미확보,건조,맑음,교차로 - 교차로부근,승용,남,67세,상해없음,승용,남,63세,경상
노인운전자사고,2020042600100373,2020년 4월 26일 19시,일요일,부산광역시 중구 창선동1가,경상사고,0,0,1,0,차대사람 - 기타,안전운전불이행,건조,맑음,단일로 - 기타,승용,남,71세,상해없음,보행자,여,26세,경상
노인운전자사고,2020042600100449,2020년 4월 26일 22시,일요일,부산광역시 부산진구 양정동,경상사고,0,0,1,0,차대차 - 측면충돌,교차로운행방법위반,건조,맑음,교차로 - 교차로안,화물,남,67세,상해없음,승용,여,49세,경상
노인운전자사고,2020042700100083,2020년 4월 27일 08시,월요일,부산광역시 사하구 구평동,경상사고,0,0,1,0,차대차 - 기타,신호위반,건조,맑음,교차로 - 교차로부근,화물,남,66세,상해없음,이륜,남,44세,경상
노인운전자사고,2020042700100213,2020년 4월 27일 12시,월요일,부산광역시 남구 용호동,경상사고,0,0,1,0,차대차 - 기타,안전운전불이행,건조,맑음,교차로 - 교차로부근,화물,남,71세,기타불명,승용,여,49세,경상
노인운전자사고,2020042700100286,2020년 4월 27일 14시,월요일,부산광역시 서구 동대신동1가,경상사고,0,0,1,0,차대차 - 측면충돌,안전운전불이행,건조,맑음,단일로 - 기타,원동기,남,84세,경상,승용,남,54세,상해없음
노인운전자사고,2.02004E+15,2020년 4월 27일 15시,월요일,부산광역시 부산진구 당감동,경상사고,0,0,3,0,차대차 - 정면충돌,안전운전불이행,건조,맑음,교차로 - 교차로부근,승용,남,65세,상해없음,승합,남,55세,상해없음
노인운전자사고,2020042700100321,2020년 4월 27일 15시,월요일,부산광역시 강서구 명지동,경상사고,0,0,1,0,차대사람 - 기타,보행자보호의무위반,건조,맑음,교차로 - 교차로부근,승용,여,66세,상해없음,보행자,남,5세,경상
노인운전자사고,2.02004E+15,2020년 4월 27일 18시,월요일,부산광역시 영도구 대교동2가,중상사고,0,1,1,0,차대차 - 기타,기타,건조,맑음,단일로 - 기타,승용,남,68세,상해없음,이륜,남,38세,중상
노인운전자사고,2.02004E+15,2020년 4월 28일 08시,화요일,부산광역시 서구 암남동,중상사고,0,1,0,0,차대사람 - 기타,안전운전불이행,건조,맑음,단일로 - 기타,화물,남,66세,상해없음,보행자,여,72세,중상
노인운전자사고,2020042900100003,2020년 4월 29일 00시,수요일,부산광역시 수영구 민락동,경상사고,0,0,2,0,차대차 - 측면충돌,안전운전불이행,건조,맑음,단일로 - 기타,승용,남,65세,경상,승용,여,27세,경상
노인운전자사고,2020042900100037,2020년 4월 29일 04시,수요일,부산광역시 중구 중앙동5가,경상사고,0,0,3,0,차대차 - 정면충돌,신호위반,건조,맑음,교차로 - 교차로안,승용,남,68세,상해없음,승용,남,59세,경상
노인운전자사고,2020042900100079,2020년 4월 29일 08시,수요일,부산광역시 연제구 거제동,중상사고,0,1,0,0,차대차 - 측면충돌,안전거리미확보,건조,맑음,단일로 - 기타,화물,남,65세,상해없음,원동기,남,40세,중상
노인운전자사고,2020042900100109,2020년 4월 29일 09시,수요일,부산광역시 해운대구 반송동,사망사고,1,0,0,0,차대사람 - 횡단중,안전운전불이행,건조,맑음,교차로 - 교차로안,승용,남,69세,기타불명,보행자,여,70세,사망
노인운전자사고,2020042900100142,2020년 4월 29일 10시,수요일,부산광역시 동구 초량동,경상사고,0,0,1,0,차대사람 - 길가장자리구역통행중,안전운전불이행,건조,맑음,단일로 - 기타,승용,남,65세,상해없음,보행자,남,73세,경상
노인운전자사고,2020042900100143,2020년 4월 29일 10시,수요일,부산광역시 남구 문현동,중상사고,0,1,0,0,차대사람 - 기타,안전운전불이행,건조,맑음,단일로 - 기타,승용,남,75세,기타불명,보행자,여,19세,중상
노인운전자사고,2020042900100325,2020년 4월 29일 15시,수요일,부산광역시 사상구 괘법동,부상신고사고,0,0,0,1,차대차 - 기타,교차로운행방법위반,건조,맑음,교차로 - 교차로안,이륜,남,72세,부상신고,승용,남,58세,상해없음
노인운전자사고,2020042900100371,2020년 4월 29일 16시,수요일,부산광역시 부산진구 전포동,경상사고,0,0,1,0,차대차 - 기타,신호위반,건조,맑음,교차로 - 교차로안,화물,남,66세,상해없음,승용,남,46세,경상
노인운전자사고,2020042900100517,2020년 4월 29일 19시,수요일,부산광역시 영도구 대교동1가,경상사고,0,0,1,0,차대차 - 측면충돌,안전운전불이행,건조,맑음,단일로 - 기타,승합,남,69세,상해없음,승용,남,61세,경상
노인운전자사고,2020042900100609,2020년 4월 29일 21시,수요일,부산광역시 사상구 주례동,부상신고사고,0,0,0,1,차량단독 - 기타,안전운전불이행,건조,맑음,단일로 - 기타,승용,남,68세,상해없음,,,,
노인운전자사고,2.02004E+15,2020년 4월 30일 12시,목요일,부산광역시 강서구 녹산동,경상사고,0,0,1,0,차대차 - 기타,안전운전불이행,건조,맑음,단일로 - 기타,승용,남,74세,경상,화물,남,32세,상해없음
노인운전자사고,2020043000100488,2020년 4월 30일 19시,목요일,부산광역시 남구 대연동,경상사고,0,0,4,0,차대차 - 측면충돌,신호위반,건조,맑음,교차로 - 교차로안,이륜,남,74세,경상,승용,남,52세,경상
노인운전자사고,2020043000100541,2020년 4월 30일 21시,목요일,부산광역시 동구 수정동,경상사고,0,0,1,0,차대차 - 정면충돌,중앙선침범,건조,맑음,단일로 - 기타,이륜,남,71세,상해없음,이륜,남,31세,경상
노인운전자사고,2020043000100544,2020년 4월 30일 21시,목요일,부산광역시 강서구 강동동,경상사고,0,0,2,0,차대차 - 기타,안전운전불이행,건조,맑음,교차로 - 교차로부근,승용,남,68세,상해없음,화물,남,63세,경상
노인운전자사고,2020050100100183,2020년 5월 1일 12시,금요일,부산광역시 중구 남포동5가,경상사고,0,0,1,0,차대차 - 기타,안전운전불이행,건조,맑음,단일로 - 기타,승용,남,67세,상해없음,자전거,남,56세,경상
노인운전자사고,2.02005E+15,2020년 5월 1일 14시,금요일,부산광역시 서구 아미동2가,경상사고,0,0,2,0,차대차 - 기타,기타,건조,맑음,단일로 - 기타,화물,남,75세,상해없음,이륜,남,53세,경상
노인운전자사고,2020050100100273,2020년 5월 1일 14시,금요일,부산광역시 기장군 일광면,경상사고,0,0,2,0,차대차 - 추돌,안전거리미확보,건조,맑음,단일로 - 기타,화물,남,66세,상해없음,승용,여,34세,경상
노인운전자사고,2020050100100391,2020년 5월 1일 17시,금요일,부산광역시 동래구 명장동,중상사고,0,1,0,0,차대사람 - 횡단중,보행자보호의무위반,건조,맑음,교차로 - 교차로안,화물,남,66세,상해없음,보행자,여,75세,중상
노인운전자사고,2020050100100393,2020년 5월 1일 17시,금요일,부산광역시 금정구 서동,경상사고,0,0,1,0,차대사람 - 기타,안전운전불이행,건조,맑음,단일로 - 기타,승용,남,65세,상해없음,보행자,남,54세,경상
노인운전자사고,2020050200100011,2020년 5월 2일 00시,토요일,부산광역시 동래구 명륜동,경상사고,0,0,1,0,차대사람 - 기타,안전운전불이행,건조,맑음,교차로 - 교차로안,승용,남,68세,상해없음,보행자,남,37세,경상
노인운전자사고,2020050200100046,2020년 5월 2일 03시,토요일,부산광역시 연제구 연산동,경상사고,0,0,1,0,차대차 - 기타,안전거리미확보,건조,맑음,교차로 - 교차로부근,승용,남,65세,상해없음,원동기,남,17세,경상
노인운전자사고,2020050200100125,2020년 5월 2일 10시,토요일,부산광역시 사하구 하단동,중상사고,0,3,2,0,차대차 - 추돌,과속,건조,맑음,단일로 - 기타,승용,남,71세,상해없음,승용,남,45세,중상
노인운전자사고,2020050200100196,2020년 5월 2일 12시,토요일,부산광역시 부산진구 개금동,중상사고,0,1,0,0,차대사람 - 보도통행중,신호위반,건조,맑음,교차로 - 교차로횡단보도내,승용,남,66세,상해없음,보행자,여,56세,중상
노인운전자사고,2020050200100198,2020년 5월 2일 12시,토요일,부산광역시 연제구 연산동,중상사고,0,1,0,0,차대차 - 기타,교차로운행방법위반,건조,맑음,교차로 - 교차로안,승용,남,67세,상해없음,이륜,남,30세,중상
노인운전자사고,2020050200100234,2020년 5월 2일 13시,토요일,부산광역시 기장군 기장읍,중상사고,0,1,0,0,차대사람 - 횡단중,보행자보호의무위반,건조,맑음,교차로 - 교차로안,승용,남,71세,상해없음,보행자,여,52세,중상
노인운전자사고,2020050200100462,2020년 5월 2일 20시,토요일,부산광역시 중구 남포동6가,중상사고,0,1,0,0,차대사람 - 기타,안전운전불이행,건조,맑음,교차로 - 교차로부근,승용,남,68세,상해없음,보행자,여,60세,중상
노인운전자사고,2020050300100016,2020년 5월 3일 01시,일요일,부산광역시 금정구 구서동,경상사고,0,0,3,0,차대차 - 기타,교차로운행방법위반,젖음/습기,맑음,교차로 - 교차로안,승용,남,65세,상해없음,승용,남,26세,경상
노인운전자사고,2.02005E+15,2020년 5월 3일 20시,일요일,부산광역시 서구 충무동1가,부상신고사고,0,0,0,1,차대사람 - 횡단중,안전운전불이행,젖음/습기,비,교차로 - 교차로안,승용,남,67세,상해없음,보행자,남,64세,부상신고
노인운전자사고,2020050400100005,2020년 5월 4일 00시,월요일,부산광역시 서구 초장동,부상신고사고,0,0,0,1,차량단독 - 기타,안전운전불이행,건조,맑음,단일로 - 기타,승용,남,72세,상해없음,,,,
노인운전자사고,2020050400100244,2020년 5월 4일 13시,월요일,부산광역시 연제구 연산동,부상신고사고,0,0,0,1,차대차 - 측면충돌,안전거리미확보,건조,맑음,교차로 - 교차로부근,승용,남,80세,상해없음,승용,남,55세,부상신고
노인운전자사고,2.02005E+15,2020년 5월 4일 15시,월요일,부산광역시 부산진구 범전동,중상사고,0,1,2,0,차대차 - 측면충돌,신호위반,건조,맑음,교차로 - 교차로안,승용,남,80세,상해없음,승용,남,51세,경상
노인운전자사고,2020050400100495,2020년 5월 4일 18시,월요일,부산광역시 해운대구 송정동,중상사고,0,1,0,0,차대차 - 추돌,안전운전불이행,건조,맑음,교차로 - 교차로부근,승용,남,77세,상해없음,승용,여,48세,중상