사고부문,사고번호,사고일시,요일,시군구,사고내용,사망자수,중상자수,경상자수,부상신고자수,사고유형,법규위반,노면상태,기상상태,도로형태,가해운전자 차종,가해운전자 성별,가해운전자 연령,가해운전자 상해정도,피해운전자 차종,피해운전자 성별,피해운전자 연령,피해운전자 상해정도
노인운전자사고,2.02005E+15,2020년 5월 5일 14시,화요일,부산광역시 영도구 대교동2가,경상사고,0,0,1,0,차대차 - 추돌,안전운전불이행,건조,맑음,단일로 - 기타,승용,남,68세,상해없음,승용,남,66세,경상
노인운전자사고,2020050500100337,2020년 5월 5일 19시,화요일,부산광역시 연제구 연산동,부상신고사고,0,0,0,1,차대사람 - 횡단중,안전운전불이행,건조,맑음,교차로 - 교차로횡단보도내,승용,남,69세,상해없음,보행자,여,32세,부상신고
노인운전자사고,2020050500100437,2020년 5월 5일 23시,화요일,부산광역시 사상구 덕포동,중상사고,0,1,0,0,차대사람 - 기타,안전운전불이행,건조,맑음,단일로 - 기타,승용,남,68세,상해없음,보행자,남,59세,중상
노인운전자사고,2020050600100116,2020년 5월 6일 09시,수요일,부산광역시 북구 만덕동,중상사고,0,1,0,0,차대차 - 측면충돌,안전거리미확보,건조,맑음,단일로 - 기타,원동기,남,80세,중상,승용,여,36세,상해없음
노인운전자사고,2020050600100149,2020년 5월 6일 10시,수요일,부산광역시 남구 용호동,부상신고사고,0,0,0,1,차대사람 - 차도통행중,안전운전불이행,건조,맑음,단일로 - 기타,승용,여,67세,상해없음,보행자,남,86세,부상신고
노인운전자사고,2.02005E+15,2020년 5월 6일 10시,수요일,부산광역시 부산진구 개금동,경상사고,0,0,1,0,차대사람 - 길가장자리구역통행중,안전운전불이행,건조,맑음,단일로 - 기타,승용,남,76세,상해없음,보행자,여,60세,경상
노인운전자사고,2020050600100182,2020년 5월 6일 11시,수요일,부산광역시 동래구 복천동,중상사고,0,1,0,0,차대사람 - 차도통행중,안전운전불이행,건조,맑음,단일로 - 기타,승용,여,70세,상해없음,보행자,여,85세,중상
노인운전자사고,2020050600100266,2020년 5월 6일 13시,수요일,부산광역시 부산진구 부전동,중상사고,0,1,1,0,차대차 - 기타,신호위반,건조,맑음,교차로 - 교차로안,승용,남,73세,상해없음,이륜,남,42세,중상
노인운전자사고,2020050600100392,2020년 5월 6일 16시,수요일,부산광역시 동구 범일동,경상사고,0,0,4,0,차대차 - 측면충돌,교차로운행방법위반,건조,맑음,교차로 - 교차로안,승용,여,65세,상해없음,승용,남,40세,경상
노인운전자사고,2020050600100444,2020년 5월 6일 17시,수요일,부산광역시 강서구 봉림동,경상사고,0,0,1,0,차대차 - 측면충돌,안전거리미확보,건조,맑음,단일로 - 기타,화물,남,70세,상해없음,승용,여,26세,경상
노인운전자사고,2020050600100502,2020년 5월 6일 18시,수요일,부산광역시 영도구 영선동2가,경상사고,0,0,1,0,차대차 - 측면충돌,불법유턴,건조,맑음,단일로 - 기타,자전거,남,69세,경상,승용,여,23세,상해없음
노인운전자사고,2020050600100504,2020년 5월 6일 18시,수요일,부산광역시 금정구 구서동,중상사고,0,1,0,0,차대사람 - 기타,안전운전불이행,건조,맑음,단일로 - 기타,승용,남,65세,기타불명,보행자,여,41세,중상
노인운전자사고,2020050600100505,2020년 5월 6일 18시,수요일,부산광역시 사하구 괴정동,경상사고,0,0,1,0,차대사람 - 횡단중,신호위반,건조,맑음,교차로 - 교차로횡단보도내,승용,남,69세,상해없음,보행자,남,29세,경상
노인운전자사고,2020050600100585,2020년 5월 6일 20시,수요일,부산광역시 북구 구포동,경상사고,0,0,1,0,차대차 - 측면충돌,안전운전불이행,건조,맑음,교차로 - 교차로안,승용,남,68세,상해없음,승용,남,35세,경상
노인운전자사고,2020050700100229,2020년 5월 7일 11시,목요일,부산광역시 사하구 괴정동,중상사고,0,1,0,0,차대차 - 기타,불법유턴,건조,맑음,단일로 - 지하차도(도로)내,승용,남,70세,상해없음,이륜,남,39세,중상
노인운전자사고,2.02005E+15,2020년 5월 7일 11시,목요일,부산광역시 사하구 하단동,부상신고사고,0,0,0,2,차대차 - 측면충돌,교차로운행방법위반,건조,맑음,교차로 - 교차로안,승용,남,70세,부상신고,화물,남,46세,부상신고
노인운전자사고,2020050700100308,2020년 5월 7일 13시,목요일,부산광역시 연제구 거제동,경상사고,0,0,1,0,차대차 - 측면충돌,교차로운행방법위반,건조,맑음,교차로 - 교차로안,승용,남,68세,상해없음,승용,여,24세,경상
노인운전자사고,2020050700100342,2020년 5월 7일 14시,목요일,부산광역시 남구 대연동,중상사고,0,1,0,0,차대차 - 기타,신호위반,건조,맑음,단일로 - 기타,승용,남,69세,상해없음,이륜,남,35세,중상
노인운전자사고,2.02005E+15,2020년 5월 8일 11시,금요일,부산광역시 연제구 연산동,경상사고,0,0,1,0,차대차 - 측면충돌,안전운전불이행,건조,맑음,단일로 - 기타,승용,남,71세,상해없음,자전거,남,81세,경상
노인운전자사고,2020050800100249,2020년 5월 8일 13시,금요일,부산광역시 북구 구포동,경상사고,0,0,2,0,차대차 - 기타,안전거리미확보,건조,맑음,단일로 - 기타,승용,남,75세,상해없음,승용,남,26세,경상
노인운전자사고,2020050900100461,2020년 5월 9일 19시,토요일,부산광역시 금정구 장전동,중상사고,0,1,1,1,차대차 - 측면충돌,안전운전불이행,젖음/습기,비,단일로 - 기타,승용,남,65세,상해없음,승용,여,67세,중상
노인운전자사고,2020050900100501,2020년 5월 9일 20시,토요일,부산광역시 동래구 명장동,중상사고,0,1,2,0,차대차 - 정면충돌,중앙선침범,젖음/습기,흐림,단일로 - 기타,승용,남,66세,상해없음,승용,남,63세,경상
노인운전자사고,2020050900100527,2020년 5월 9일 21시,토요일,부산광역시 동래구 수안동,경상사고,0,0,1,0,차대사람 - 기타,안전운전불이행,건조,맑음,교차로 - 교차로안,승용,여,66세,상해없음,보행자,여,45세,경상
노인운전자사고,2020051000100048,2020년 5월 10일 03시,일요일,부산광역시 해운대구 재송동,사망사고,1,0,1,0,차대차 - 정면충돌,신호위반,건조,맑음,교차로 - 교차로안,승합,남,70세,상해없음,이륜,남,17세,사망
노인운전자사고,2020051000100068,2020년 5월 10일 05시,일요일,부산광역시 수영구 광안동,중상사고,0,4,0,0,차대차 - 측면충돌,안전거리미확보,건조,맑음,단일로 - 기타,승용,남,71세,기타불명,승용,남,64세,중상
노인운전자사고,2020051000100083,2020년 5월 10일 07시,일요일,부산광역시 사상구 괘법동,중상사고,0,1,0,0,차대차 - 기타,안전운전불이행,건조,맑음,단일로 - 기타,이륜,남,67세,상해없음,이륜,남,24세,중상
노인운전자사고,2020051000100092,2020년 5월 10일 08시,일요일,부산광역시 부산진구 초읍동,중상사고,0,1,0,0,차대차 - 측면충돌,안전거리미확보,건조,맑음,기타 - 기타,이륜,남,68세,중상,승용,남,53세,상해없음
노인운전자사고,2020051100100057,2020년 5월 11일 06시,월요일,부산광역시 북구 만덕동,중상사고,0,1,1,0,차량단독 - 공작물충돌,안전운전불이행,건조,맑음,단일로 - 터널,승용,남,66세,경상,,,,
노인운전자사고,2020051100100104,2020년 5월 11일 08시,월요일,부산광역시 해운대구 중동,경상사고,0,0,1,0,차대차 - 기타,안전운전불이행,건조,맑음,단일로 - 기타,자전거,여,65세,경상,승용,여,44세,상해없음
노인운전자사고,2020051100100106,2020년 5월 11일 08시,월요일,부산광역시 사하구 하단동,경상사고,0,0,1,0,차대차 - 측면충돌,안전운전불이행,건조,맑음,교차로 - 교차로안,승용,남,69세,상해없음,승용,여,28세,경상
노인운전자사고,2020051100100228,2020년 5월 11일 11시,월요일,부산광역시 사하구 다대동,경상사고,0,0,1,0,차대차 - 측면충돌,안전거리미확보,건조,맑음,단일로 - 기타,승용,남,77세,상해없음,승용,남,36세,경상
노인운전자사고,2020051100100271,2020년 5월 11일 12시,월요일,부산광역시 북구 구포동,경상사고,0,0,1,0,차대차 - 기타,안전운전불이행,건조,맑음,교차로 - 교차로부근,원동기,남,81세,경상,화물,남,52세,상해없음
노인운전자사고,2020051100100434,2020년 5월 11일 16시,월요일,부산광역시 서구 암남동,경상사고,0,0,4,0,차대차 - 측면충돌,차로위반,건조,맑음,단일로 - 교량,화물,남,77세,경상,승용,남,58세,경상
노인운전자사고,2020051100100661,2020년 5월 11일 23시,월요일,부산광역시 사하구 하단동,중상사고,0,1,0,0,차대차 - 측면충돌,안전거리미확보,건조,기타,교차로 - 교차로부근,승용,남,71세,상해없음,승용,남,22세,상해없음
노인운전자사고,2020051200100324,2020년 5월 12일 15시,화요일,부산광역시 동래구 복천동,중상사고,0,1,0,0,차대차 - 기타,안전운전불이행,건조,맑음,단일로 - 기타,승용,남,67세,상해없음,이륜,남,69세,중상
노인운전자사고,2020051200100362,2020년 5월 12일 16시,화요일,부산광역시 동래구 안락동,경상사고,0,0,1,0,차대차 - 기타,안전운전불이행,건조,맑음,교차로 - 교차로안,승용,남,73세,상해없음,승용,여,63세,경상
노인운전자사고,2020051200100496,2020년 5월 12일 19시,화요일,부산광역시 수영구 망미동,경상사고,0,0,1,0,차대차 - 추돌,안전거리미확보,건조,맑음,교차로 - 교차로부근,승용,남,73세,상해없음,승용,남,36세,경상
노인운전자사고,2020051300100148,2020년 5월 13일 09시,수요일,부산광역시 해운대구 반여동,경상사고,0,0,1,0,차대차 - 측면충돌,안전거리미확보,건조,맑음,단일로 - 기타,승용,여,66세,상해없음,승용,남,32세,경상
노인운전자사고,2020051300100149,2020년 5월 13일 09시,수요일,부산광역시 사하구 감천동,중상사고,0,1,1,0,차대차 - 측면충돌,안전운전불이행,건조,맑음,단일로 - 기타,화물,남,65세,경상,화물,여,61세,중상
노인운전자사고,2020051300100216,2020년 5월 13일 11시,수요일,부산광역시 사상구 학장동,경상사고,0,0,1,0,차대차 - 기타,중앙선침범,건조,맑음,단일로 - 기타,화물,남,66세,상해없음,승용,여,46세,경상
노인운전자사고,2020051300100279,2020년 5월 13일 13시,수요일,부산광역시 사상구 주례동,중상사고,0,1,0,0,차대차 - 측면충돌,중앙선침범,건조,맑음,교차로 - 교차로안,원동기,남,65세,상해없음,원동기,남,45세,중상
노인운전자사고,2020051300100311,2020년 5월 13일 14시,수요일,부산광역시 동구 수정동,경상사고,0,0,1,0,차대사람 - 기타,안전운전불이행,건조,맑음,단일로 - 기타,승합,남,73세,상해없음,보행자,남,25세,경상
노인운전자사고,2020051300100444,2020년 5월 13일 17시,수요일,부산광역시 수영구 광안동,경상사고,0,0,1,0,차대차 - 기타,안전운전불이행,건조,맑음,단일로 - 기타,승용,남,69세,상해없음,이륜,남,40세,경상
노인운전자사고,2020051300100446,2020년 5월 13일 17시,수요일,부산광역시 동래구 안락동,중상사고,0,1,0,0,차대사람 - 차도통행중,안전운전불이행,건조,맑음,단일로 - 기타,승용,남,68세,상해없음,보행자,여,27세,중상
노인운전자사고,2020051300100447,2020년 5월 13일 17시,수요일,부산광역시 부산진구 개금동,중상사고,0,1,0,0,차대사람 - 보도통행중,기타,건조,맑음,기타 - 기타,승용,남,68세,상해없음,보행자,여,17세,중상
노인운전자사고,2.02005E+15,2020년 5월 14일 08시,목요일,부산광역시 남구 대연동,경상사고,0,0,1,0,차대차 - 측면충돌,교차로운행방법위반,건조,맑음,교차로 - 교차로안,화물,남,65세,상해없음,승용,여,45세,경상
노인운전자사고,2020051400100181,2020년 5월 14일 11시,목요일,부산광역시 해운대구 우동,중상사고,0,1,0,0,차대차 - 측면충돌,교차로운행방법위반,건조,맑음,교차로 - 교차로안,승용,남,67세,상해없음,이륜,남,49세,중상
노인운전자사고,2020051400100323,2020년 5월 14일 15시,목요일,부산광역시 동래구 안락동,중상사고,0,1,0,0,차대차 - 측면충돌,안전거리미확보,건조,맑음,단일로 - 기타,승합,남,72세,상해없음,이륜,남,24세,중상
노인운전자사고,2020051400100363,2020년 5월 14일 16시,목요일,부산광역시 강서구 화전동,중상사고,0,1,0,0,차대차 - 추돌,안전운전불이행,건조,맑음,단일로 - 기타,화물,남,77세,상해없음,승용,남,43세,중상
노인운전자사고,2020051400100495,2020년 5월 14일 19시,목요일,부산광역시 남구 용호동,경상사고,0,0,1,0,차대사람 - 기타,안전운전불이행,건조,맑음,단일로 - 기타,승용,남,70세,상해없음,보행자,남,46세,경상
노인운전자사고,2020051500100051,2020년 5월 15일 05시,금요일,부산광역시 부산진구 부전동,경상사고,0,0,2,0,차대차 - 기타,기타,건조,맑음,교차로 - 교차로안,승용,남,65세,상해없음,승용,남,57세,경상
노인운전자사고,2020051500100073,2020년 5월 15일 07시,금요일,부산광역시 동구 범일동,사망사고,1,0,0,0,차대사람 - 기타,신호위반,젖음/습기,비,단일로 - 기타,원동기,남,65세,상해없음,보행자,남,71세,사망
노인운전자사고,2020051500100217,2020년 5월 15일 12시,금요일,부산광역시 강서구 죽림동,중상사고,0,1,1,0,차대차 - 측면충돌,안전운전불이행,젖음/습기,비,단일로 - 기타,승용,남,65세,상해없음,화물,남,63세,경상
노인운전자사고,2020051500100625,2020년 5월 15일 22시,금요일,부산광역시 남구 용당동,경상사고,0,0,1,0,차대차 - 정면충돌,중앙선침범,건조,맑음,교차로 - 교차로부근,승용,남,66세,상해없음,승용,남,45세,경상
노인운전자사고,2020051500100629,2020년 5월 15일 22시,금요일,부산광역시 부산진구 전포동,경상사고,0,0,2,0,차대차 - 측면충돌,신호위반,건조,맑음,교차로 - 교차로안,승용,남,65세,상해없음,승용,남,54세,상해없음
노인운전자사고,2020051600100069,2020년 5월 16일 05시,토요일,부산광역시 부산진구 부암동,경상사고,0,0,1,0,차대차 - 측면충돌,중앙선침범,젖음/습기,비,교차로 - 교차로안,승용,남,70세,상해없음,승용,남,33세,경상
노인운전자사고,2020051600100171,2020년 5월 16일 11시,토요일,부산광역시 중구 중앙동4가,경상사고,0,0,1,0,차대차 - 측면충돌,안전운전불이행,건조,맑음,단일로 - 기타,승용,남,68세,상해없음,승용,남,40세,경상
노인운전자사고,2020051600100208,2020년 5월 16일 12시,토요일,부산광역시 동래구 안락동,경상사고,0,0,1,0,차대차 - 측면충돌,안전운전불이행,건조,맑음,교차로 - 교차로부근,승용,남,67세,상해없음,승용,남,28세,경상
노인운전자사고,2.02005E+15,2020년 5월 16일 12시,토요일,부산광역시 사상구 모라동,경상사고,0,0,1,0,차대차 - 측면충돌,안전운전불이행,건조,맑음,기타 - 기타,승용,남,69세,상해없음,승용,남,44세,경상
노인운전자사고,2020051600100304,2020년 5월 16일 15시,토요일,부산광역시 동구 좌천동,경상사고,0,0,2,0,차대차 - 추돌,안전거리미확보,건조,맑음,단일로 - 기타,승용,남,70세,상해없음,승용,남,32세,경상
노인운전자사고,2020051600100305,2020년 5월 16일 15시,토요일,부산광역시 부산진구 양정동,부상신고사고,0,0,0,1,차대차 - 기타,직진우회전진행방해,건조,맑음,교차로 - 교차로안,이륜,남,65세,부상신고,화물,여,42세,상해없음
노인운전자사고,2020051700100307,2020년 5월 17일 17시,일요일,부산광역시 수영구 수영동,경상사고,0,0,1,0,차대차 - 기타,안전운전불이행,건조,맑음,단일로 - 기타,자전거,남,71세,경상,승용,여,35세,상해없음
노인운전자사고,2020051700100368,2020년 5월 17일 19시,일요일,부산광역시 동래구 온천동,중상사고,0,1,0,0,차대사람 - 횡단중,안전운전불이행,건조,맑음,단일로 - 기타,승용,남,71세,상해없음,보행자,여,75세,중상
노인운전자사고,2020051700100423,2020년 5월 17일 21시,일요일,부산광역시 동구 초량동,경상사고,0,0,1,0,차대차 - 측면충돌,교차로운행방법위반,건조,맑음,교차로 - 교차로안,승용,남,68세,상해없음,이륜,남,21세,경상
노인운전자사고,2020051800100242,2020년 5월 18일 13시,월요일,부산광역시 금정구 남산동,중상사고,0,1,0,0,차대차 - 측면충돌,차로위반,젖음/습기,흐림,교차로 - 교차로부근,승용,여,75세,상해없음,이륜,남,52세,중상
노인운전자사고,2020051900100037,2020년 5월 19일 04시,화요일,부산광역시 해운대구 반송동,경상사고,0,0,1,1,차대차 - 측면충돌,신호위반,건조,맑음,교차로 - 교차로안,이륜,남,66세,부상신고,승용,여,68세,경상
노인운전자사고,2020051900100055,2020년 5월 19일 07시,화요일,부산광역시 동래구 수안동,경상사고,0,0,1,0,차대차 - 기타,안전거리미확보,건조,맑음,단일로 - 기타,화물,남,69세,상해없음,승용,남,26세,경상
노인운전자사고,2020051900100056,2020년 5월 19일 07시,화요일,부산광역시 사하구 하단동,경상사고,0,0,1,0,차대차 - 추돌,안전운전불이행,건조,맑음,단일로 - 기타,건설기계,남,65세,상해없음,승용,여,66세,경상
노인운전자사고,2020051900100075,2020년 5월 19일 08시,화요일,부산광역시 수영구 광안동,중상사고,0,1,0,0,차대차 - 기타,교차로운행방법위반,건조,맑음,교차로 - 교차로안,이륜,남,67세,중상,승용,남,31세,상해없음
노인운전자사고,2020051900100159,2020년 5월 19일 11시,화요일,부산광역시 서구 남부민동,중상사고,0,2,0,0,차대차 - 측면충돌,안전운전불이행,건조,맑음,단일로 - 기타,승합,남,72세,상해없음,이륜,남,56세,중상
노인운전자사고,2020051900100285,2020년 5월 19일 15시,화요일,부산광역시 북구 구포동,사망사고,1,0,0,0,차대차 - 측면충돌,안전운전불이행,건조,맑음,단일로 - 기타,승용,남,65세,상해없음,자전거,남,92세,사망
노인운전자사고,2020051900100288,2020년 5월 19일 15시,화요일,부산광역시 부산진구 전포동,경상사고,0,0,1,0,차대차 - 측면충돌,교차로운행방법위반,건조,맑음,교차로 - 교차로부근,승용,여,65세,상해없음,이륜,남,38세,경상
노인운전자사고,2020051900100502,2020년 5월 19일 21시,화요일,부산광역시 부산진구 부암동,중상사고,0,1,0,0,차대사람 - 차도통행중,안전운전불이행,건조,맑음,교차로 - 교차로안,승용,남,70세,상해없음,보행자,여,66세,중상
노인운전자사고,2020052000100094,2020년 5월 20일 08시,수요일,부산광역시 남구 대연동,경상사고,0,0,1,0,차대차 - 정면충돌,중앙선침범,건조,맑음,단일로 - 기타,화물,남,74세,상해없음,원동기,남,42세,경상
노인운전자사고,2020052000100095,2020년 5월 20일 08시,수요일,부산광역시 북구 화명동,중상사고,0,1,0,0,차대차 - 기타,신호위반,건조,맑음,단일로 - 기타,승용,남,76세,상해없음,자전거,여,20세,중상
노인운전자사고,2020052000100136,2020년 5월 20일 09시,수요일,부산광역시 금정구 두구동,경상사고,0,0,1,1,차대차 - 측면충돌,불법유턴,건조,맑음,교차로 - 교차로안,승용,여,76세,경상,승용,남,68세,부상신고
노인운전자사고,2020052000100212,2020년 5월 20일 11시,수요일,부산광역시 수영구 광안동,경상사고,0,0,1,0,차대차 - 측면충돌,안전운전불이행,건조,맑음,단일로 - 기타,자전거,남,79세,경상,승용,남,50세,상해없음
노인운전자사고,2.02005E+15,2020년 5월 20일 12시,수요일,부산광역시 사상구 덕포동,경상사고,0,0,1,0,차대차 - 측면충돌,교차로운행방법위반,건조,맑음,교차로 - 교차로안,승용,남,65세,상해없음,이륜,남,39세,경상
노인운전자사고,2020052000100416,2020년 5월 20일 16시,수요일,부산광역시 동구 범일동,경상사고,0,0,1,0,차대차 - 측면충돌,안전거리미확보,건조,맑음,교차로 - 교차로부근,승용,남,72세,상해없음,승용,여,55세,경상
노인운전자사고,2020052000100417,2020년 5월 20일 16시,수요일,부산광역시 부산진구 부전동,경상사고,0,0,1,0,차대차 - 기타,신호위반,건조,맑음,교차로 - 교차로안,승용,남,71세,상해없음,이륜,남,26세,경상
노인운전자사고,2020052000100418,2020년 5월 20일 16시,수요일,부산광역시 부산진구 양정동,경상사고,0,0,4,0,차대차 - 기타,직진우회전진행방해,건조,맑음,교차로 - 교차로안,승합,남,73세,상해없음,화물,남,55세,경상
노인운전자사고,2020052000100421,2020년 5월 20일 16시,수요일,부산광역시 기장군 기장읍,경상사고,0,0,5,0,차대차 - 추돌,안전운전불이행,건조,맑음,단일로 - 기타,승용,남,68세,상해없음,승용,남,48세,경상
노인운전자사고,2020052000100524,2020년 5월 20일 18시,수요일,부산광역시 남구 문현동,경상사고,0,0,2,0,차대차 - 기타,안전거리미확보,건조,맑음,단일로 - 기타,승용,남,68세,경상,승용,남,28세,경상
노인운전자사고,2020052100100041,2020년 5월 21일 06시,목요일,부산광역시 중구 남포동6가,중상사고,0,1,1,0,차대사람 - 횡단중,안전운전불이행,건조,맑음,교차로 - 교차로부근,화물,남,70세,상해없음,보행자,여,30세,중상
노인운전자사고,2020052100100056,2020년 5월 21일 07시,목요일,부산광역시 사하구 구평동,중상사고,0,1,0,0,차대차 - 기타,안전운전불이행,건조,맑음,단일로 - 지하차도(도로)내,승용,남,66세,상해없음,이륜,남,48세,중상
노인운전자사고,2020052100100084,2020년 5월 21일 08시,목요일,부산광역시 동래구 명장동,경상사고,0,0,2,0,차대차 - 측면충돌,안전거리미확보,건조,맑음,단일로 - 기타,승용,남,68세,상해없음,승용,남,48세,경상
노인운전자사고,2020052100100159,2020년 5월 21일 10시,목요일,부산광역시 기장군 기장읍,경상사고,0,0,2,0,차대차 - 기타,안전운전불이행,건조,맑음,단일로 - 기타,승용,남,71세,상해없음,승용,남,42세,경상
노인운전자사고,2020052100100196,2020년 5월 21일 11시,목요일,부산광역시 사하구 다대동,중상사고,0,1,0,0,차대차 - 측면충돌,안전운전불이행,건조,맑음,교차로 - 교차로부근,화물,남,69세,상해없음,원동기,남,18세,중상
노인운전자사고,2020052100100234,2020년 5월 21일 12시,목요일,부산광역시 연제구 거제동,중상사고,0,1,0,0,차대차 - 측면충돌,차로위반,건조,맑음,단일로 - 기타,승용,남,66세,상해없음,이륜,남,45세,중상
노인운전자사고,2020052100100305,2020년 5월 21일 14시,목요일,부산광역시 북구 구포동,경상사고,0,0,1,0,차대차 - 기타,안전운전불이행,건조,맑음,교차로 - 교차로안,자전거,남,66세,경상,승용,남,59세,상해없음
노인운전자사고,2020052100100423,2020년 5월 21일 17시,목요일,부산광역시 남구 대연동,중상사고,0,1,0,0,차대사람 - 길가장자리구역통행중,안전운전불이행,건조,맑음,교차로 - 교차로안,승용,남,67세,상해없음,보행자,여,76세,중상
노인운전자사고,2020052100100576,2020년 5월 21일 21시,목요일,부산광역시 부산진구 범천동,경상사고,0,0,1,0,차대차 - 측면충돌,안전운전불이행,건조,맑음,교차로 - 교차로안,승용,여,68세,상해없음,승용,남,44세,경상
노인운전자사고,2020052200100008,2020년 5월 22일 00시,금요일,부산광역시 부산진구 양정동,경상사고,0,0,1,0,차대차 - 측면충돌,안전거리미확보,건조,맑음,단일로 - 기타,승용,남,74세,상해없음,승용,남,52세,경상
노인운전자사고,2.02005E+15,2020년 5월 22일 05시,금요일,부산광역시 연제구 연산동,중상사고,0,1,0,0,차대사람 - 기타,안전운전불이행,건조,맑음,단일로 - 기타,자전거,남,71세,상해없음,보행자,여,68세,중상
노인운전자사고,2.02005E+15,2020년 5월 22일 08시,금요일,부산광역시 해운대구 재송동,중상사고,0,1,0,0,차대차 - 정면충돌,신호위반,건조,맑음,교차로 - 교차로안,승용,남,72세,상해없음,이륜,남,23세,중상
노인운전자사고,2020052200100182,2020년 5월 22일 11시,금요일,부산광역시 동구 수정동,경상사고,0,0,1,0,차대사람 - 차도통행중,안전운전불이행,건조,맑음,단일로 - 기타,승용,여,65세,상해없음,보행자,여,84세,경상
노인운전자사고,2020052200100183,2020년 5월 22일 11시,금요일,부산광역시 연제구 연산동,경상사고,0,0,1,0,차대차 - 기타,차로위반,건조,맑음,단일로 - 기타,화물,남,76세,상해없음,승용,남,40세,경상
노인운전자사고,2020052200100387,2020년 5월 22일 16시,금요일,부산광역시 동래구 온천동,경상사고,0,0,1,0,차대차 - 추돌,안전거리미확보,건조,맑음,단일로 - 기타,승용,여,66세,상해없음,승용,여,38세,경상
노인운전자사고,2020052200100437,2020년 5월 22일 17시,금요일,부산광역시 금정구 장전동,경상사고,0,0,1,0,차대차 - 측면충돌,신호위반,건조,맑음,교차로 - 교차로안,승용,남,71세,상해없음,자전거,남,22세,경상
노인운전자사고,2020052200100542,2020년 5월 22일 19시,금요일,부산광역시 부산진구 개금동,경상사고,0,0,1,0,차대차 - 기타,신호위반,건조,맑음,교차로 - 교차로부근,승용,남,73세,상해없음,이륜,남,43세,경상
노인운전자사고,2020052300100104,2020년 5월 23일 09시,토요일,부산광역시 동구 초량동,경상사고,0,0,1,0,차대차 - 추돌,안전거리미확보,건조,맑음,단일로 - 기타,승용,남,68세,상해없음,승용,남,57세,경상
노인운전자사고,2020052300100105,2020년 5월 23일 09시,토요일,부산광역시 부산진구 초읍동,부상신고사고,0,0,0,1,차대사람 - 차도통행중,안전운전불이행,건조,맑음,단일로 - 기타,승용,여,70세,상해없음,보행자,남,85세,부상신고
노인운전자사고,2.02005E+15,2020년 5월 23일 14시,토요일,부산광역시 남구 대연동,중상사고,0,1,0,0,차대사람 - 기타,안전운전불이행,건조,맑음,기타 - 기타,승용,남,69세,상해없음,보행자,남,59세,중상
노인운전자사고,2020052300100349,2020년 5월 23일 15시,토요일,부산광역시 기장군 장안읍,경상사고,0,0,1,0,차대차 - 측면충돌,교차로운행방법위반,건조,맑음,교차로 - 교차로안,승용,남,75세,상해없음,승용,여,59세,경상
노인운전자사고,2.02005E+15,2020년 5월 23일 16시,토요일,부산광역시 사하구 하단동,경상사고,0,0,3,0,차대차 - 추돌,안전운전불이행,건조,맑음,교차로 - 교차로부근,승합,남,78세,상해없음,승용,여,46세,경상
노인운전자사고,2020052300100471,2020년 5월 23일 18시,토요일,부산광역시 기장군 철마면,부상신고사고,0,0,0,1,차대차 - 기타,안전거리미확보,건조,맑음,단일로 - 기타,승용,남,75세,상해없음,승용,남,26세,부상신고
노인운전자사고,2020052400100079,2020년 5월 24일 06시,일요일,부산광역시 부산진구 가야동,중상사고,0,1,1,0,차대사람 - 횡단중,신호위반,건조,맑음,교차로 - 교차로횡단보도내,승용,남,73세,상해없음,보행자,남,65세,경상
노인운전자사고,2020052400100128,2020년 5월 24일 10시,일요일,부산광역시 동래구 수안동,중상사고,0,1,0,0,차대차 - 측면충돌,안전운전불이행,건조,맑음,단일로 - 기타,화물,남,68세,상해없음,자전거,남,11세,중상
노인운전자사고,2020052400100167,2020년 5월 24일 12시,일요일,부산광역시 북구 만덕동,경상사고,0,0,2,0,차대차 - 기타,교차로운행방법위반,건조,맑음,단일로 - 기타,승용,남,72세,상해없음,승용,남,28세,경상
노인운전자사고,2020052400100343,2020년 5월 24일 18시,일요일,부산광역시 북구 화명동,중상사고,0,1,0,0,차대사람 - 기타,안전운전불이행,건조,맑음,단일로 - 기타,승용,남,65세,상해없음,보행자,남,5세,중상
노인운전자사고,2020052400100345,2020년 5월 24일 18시,일요일,부산광역시 연제구 거제동,경상사고,0,0,2,0,차대차 - 기타,교차로운행방법위반,건조,맑음,교차로 - 교차로안,승용,남,68세,경상,승용,남,57세,경상
노인운전자사고,2020052500100015,2020년 5월 25일 02시,월요일,부산광역시 사하구 당리동,중상사고,0,1,0,0,차대사람 - 횡단중,보행자보호의무위반,건조,맑음,교차로 - 교차로부근,승용,여,76세,상해없음,보행자,남,75세,중상
노인운전자사고,2020052500100181,2020년 5월 25일 11시,월요일,부산광역시 동래구 낙민동,경상사고,0,0,3,0,차대차 - 기타,안전운전불이행,건조,맑음,단일로 - 기타,승용,여,65세,상해없음,승용,남,37세,경상