사고부문,사고번호,사고일시,요일,시군구,사고내용,사망자수,중상자수,경상자수,부상신고자수,사고유형,법규위반,노면상태,기상상태,도로형태,가해운전자 차종,가해운전자 성별,가해운전자 연령,가해운전자 상해정도,피해운전자 차종,피해운전자 성별,피해운전자 연령,피해운전자 상해정도
노인운전자사고,2.02005E+15,2020년 5월 25일 13시,월요일,부산광역시 동구 수정동,중상사고,0,1,3,0,차대차 - 측면충돌,안전운전불이행,건조,맑음,교차로 - 교차로부근,승용,남,66세,상해없음,승합,남,56세,경상
노인운전자사고,2020052500100282,2020년 5월 25일 14시,월요일,부산광역시 사하구 다대동,경상사고,0,0,1,0,차대사람 - 기타,안전운전불이행,건조,맑음,단일로 - 기타,승용,남,79세,상해없음,보행자,남,77세,경상
노인운전자사고,2020052500100442,2020년 5월 25일 18시,월요일,부산광역시 수영구 남천동,중상사고,0,1,0,0,차대사람 - 길가장자리구역통행중,안전운전불이행,건조,맑음,단일로 - 기타,승합,남,72세,상해없음,보행자,여,61세,중상
노인운전자사고,2020052600100007,2020년 5월 26일 00시,화요일,부산광역시 동래구 사직동,경상사고,0,0,1,0,차대차 - 기타,안전운전불이행,건조,맑음,교차로 - 교차로횡단보도내,승용,남,68세,상해없음,자전거,남,14세,경상
노인운전자사고,2020052600100367,2020년 5월 26일 16시,화요일,부산광역시 동래구 칠산동,경상사고,0,0,2,0,차대차 - 측면충돌,신호위반,건조,맑음,교차로 - 교차로안,승합,남,74세,상해없음,승합,남,46세,경상
노인운전자사고,2020052600100404,2020년 5월 26일 17시,화요일,부산광역시 해운대구 반여동,경상사고,0,0,1,0,차대차 - 측면충돌,안전거리미확보,건조,맑음,단일로 - 기타,승용,남,66세,상해없음,화물,남,40세,경상
노인운전자사고,2020052600100441,2020년 5월 26일 18시,화요일,부산광역시 사상구 감전동,경상사고,0,0,1,0,차대차 - 정면충돌,중앙선침범,건조,맑음,단일로 - 기타,승용,남,72세,상해없음,이륜,남,43세,경상
노인운전자사고,2020052700100059,2020년 5월 27일 07시,수요일,부산광역시 동구 초량동,경상사고,0,0,1,0,차대차 - 기타,기타,건조,맑음,단일로 - 기타,승용,남,65세,상해없음,이륜,남,34세,경상
노인운전자사고,2020052700100093,2020년 5월 27일 08시,수요일,부산광역시 중구 부평동2가,중상사고,0,1,0,0,차대차 - 기타,중앙선침범,건조,맑음,단일로 - 기타,이륜,남,70세,중상,승용,여,53세,상해없음
노인운전자사고,2020052700100392,2020년 5월 27일 16시,수요일,부산광역시 영도구 영선동3가,중상사고,0,1,1,0,차대사람 - 기타,안전운전불이행,건조,맑음,교차로 - 교차로부근,승용,남,70세,상해없음,보행자,여,51세,중상
노인운전자사고,2020052700100592,2020년 5월 27일 20시,수요일,부산광역시 수영구 민락동,경상사고,0,0,4,0,차대차 - 측면충돌,안전운전불이행,건조,맑음,교차로 - 교차로안,승용,남,65세,경상,승용,남,33세,경상
노인운전자사고,2020052800100039,2020년 5월 28일 04시,목요일,부산광역시 영도구 청학동,경상사고,0,0,1,0,차대사람 - 기타,안전운전불이행,건조,맑음,교차로 - 교차로안,승용,남,81세,상해없음,보행자,남,36세,경상
노인운전자사고,2020052800100098,2020년 5월 28일 08시,목요일,부산광역시 부산진구 개금동,경상사고,0,0,1,0,차대차 - 기타,직진우회전진행방해,건조,맑음,교차로 - 교차로안,승용,남,72세,상해없음,승용,여,39세,경상
노인운전자사고,2.02005E+15,2020년 5월 28일 15시,목요일,부산광역시 금정구 부곡동,경상사고,0,0,1,0,차대차 - 측면충돌,안전운전불이행,건조,맑음,단일로 - 기타,승용,남,67세,상해없음,원동기,남,17세,경상
노인운전자사고,2020052800100389,2020년 5월 28일 16시,목요일,부산광역시 해운대구 반여동,경상사고,0,0,1,0,차대차 - 측면충돌,신호위반,건조,맑음,교차로 - 교차로안,이륜,남,70세,경상,승용,남,24세,상해없음
노인운전자사고,2.02005E+15,2020년 5월 28일 16시,목요일,부산광역시 해운대구 반여동,중상사고,0,1,0,0,차대사람 - 횡단중,보행자보호의무위반,건조,맑음,교차로 - 교차로부근,화물,남,66세,기타불명,보행자,여,66세,중상
노인운전자사고,2020052900100207,2020년 5월 29일 10시,금요일,부산광역시 금정구 노포동,경상사고,0,0,1,0,차대사람 - 기타,안전운전불이행,건조,맑음,기타 - 기타,승용,남,68세,상해없음,보행자,남,85세,경상
노인운전자사고,2020052900100375,2020년 5월 29일 15시,금요일,부산광역시 서구 서대신동3가,경상사고,0,0,2,0,차대차 - 측면충돌,교차로운행방법위반,건조,맑음,교차로 - 교차로안,승용,남,83세,상해없음,승용,여,40세,경상
노인운전자사고,2.02005E+15,2020년 5월 29일 20시,금요일,부산광역시 부산진구 부암동,경상사고,0,0,1,0,차대사람 - 기타,보행자보호의무위반,건조,맑음,교차로 - 교차로부근,승용,남,70세,상해없음,보행자,남,17세,경상
노인운전자사고,2.02005E+15,2020년 5월 30일 14시,토요일,부산광역시 동구 수정동,중상사고,0,1,0,0,차대사람 - 횡단중,안전운전불이행,건조,맑음,단일로 - 기타,승용,남,78세,상해없음,보행자,여,69세,중상
노인운전자사고,2020053000100351,2020년 5월 30일 14시,토요일,부산광역시 북구 만덕동,경상사고,0,0,1,0,차대차 - 측면충돌,안전운전불이행,건조,맑음,단일로 - 지하차도(도로)내,승용,여,65세,경상,승용,남,38세,상해없음
노인운전자사고,2020053000100353,2020년 5월 30일 14시,토요일,부산광역시 금정구 장전동,경상사고,0,0,2,0,차대차 - 추돌,안전운전불이행,건조,맑음,교차로 - 교차로안,승용,남,71세,상해없음,승용,여,45세,경상
노인운전자사고,2020053000100356,2020년 5월 30일 14시,토요일,부산광역시 기장군 철마면,중상사고,0,3,0,2,차대차 - 측면충돌,중앙선침범,건조,맑음,교차로 - 교차로안,승용,남,73세,상해없음,승용,남,26세,중상
노인운전자사고,2020053000100426,2020년 5월 30일 16시,토요일,부산광역시 부산진구 가야동,경상사고,0,0,1,0,차대차 - 기타,안전운전불이행,건조,맑음,교차로 - 교차로안,화물,남,66세,상해없음,이륜,남,22세,상해없음
노인운전자사고,2020053000100568,2020년 5월 30일 20시,토요일,부산광역시 북구 덕천동,중상사고,0,1,0,0,차대사람 - 기타,안전운전불이행,건조,맑음,단일로 - 지하차도(도로)내,승용,남,68세,상해없음,보행자,남,68세,중상
노인운전자사고,2020053100100103,2020년 5월 31일 10시,일요일,부산광역시 서구 부민동1가,중상사고,0,1,1,0,차대차 - 측면충돌,신호위반,건조,맑음,단일로 - 기타,화물,남,68세,상해없음,승용,남,45세,경상
노인운전자사고,2020053100100104,2020년 5월 31일 10시,일요일,부산광역시 영도구 동삼동,경상사고,0,0,1,0,차대사람 - 횡단중,신호위반,건조,맑음,단일로 - 기타,화물,남,67세,상해없음,보행자,여,64세,경상
노인운전자사고,2020053100100158,2020년 5월 31일 12시,일요일,부산광역시 금정구 부곡동,경상사고,0,0,1,0,차대차 - 기타,교차로운행방법위반,건조,맑음,교차로 - 교차로안,승용,남,73세,상해없음,승용,남,33세,경상
노인운전자사고,2020060100100206,2020년 6월 1일 11시,월요일,부산광역시 연제구 연산동,경상사고,0,0,1,0,차대차 - 기타,신호위반,건조,맑음,교차로 - 교차로안,승용,여,75세,상해없음,승용,여,57세,경상
노인운전자사고,2020060100100292,2020년 6월 1일 13시,월요일,부산광역시 수영구 수영동,부상신고사고,0,0,0,1,차대차 - 측면충돌,교차로운행방법위반,건조,맑음,교차로 - 교차로안,승용,남,65세,상해없음,화물,남,28세,부상신고
노인운전자사고,2020060100100378,2020년 6월 1일 15시,월요일,부산광역시 금정구 장전동,중상사고,0,1,0,0,차대차 - 기타,안전운전불이행,건조,맑음,교차로 - 교차로안,승용,남,65세,상해없음,이륜,남,25세,중상
노인운전자사고,2020060100100548,2020년 6월 1일 18시,월요일,부산광역시 동래구 명륜동,경상사고,0,0,1,0,차대차 - 기타,안전거리미확보,건조,맑음,단일로 - 기타,승용,남,85세,상해없음,승용,남,48세,경상
노인운전자사고,2020060100100693,2020년 6월 1일 22시,월요일,부산광역시 동구 수정동,경상사고,0,0,2,0,차량단독 - 공작물충돌,안전운전불이행,건조,맑음,단일로 - 기타,승합,남,70세,상해없음,,,,
노인운전자사고,2020060200100239,2020년 6월 2일 12시,화요일,부산광역시 서구 암남동,중상사고,0,1,2,0,차대차 - 기타,안전운전불이행,건조,맑음,단일로 - 기타,승용,남,85세,상해없음,화물,남,60세,기타불명
노인운전자사고,2020060200100476,2020년 6월 2일 18시,화요일,부산광역시 강서구 명지동,경상사고,0,0,1,0,차대차 - 측면충돌,안전운전불이행,건조,맑음,교차로 - 교차로부근,화물,남,70세,상해없음,화물,남,38세,경상
노인운전자사고,2.02006E+15,2020년 6월 3일 13시,수요일,부산광역시 금정구 남산동,경상사고,0,0,1,0,차대차 - 추돌,불법유턴,건조,맑음,교차로 - 교차로부근,승용,남,74세,상해없음,승용,여,38세,경상
노인운전자사고,2020060300100319,2020년 6월 3일 15시,수요일,부산광역시 강서구 명지동,경상사고,0,0,2,0,차대차 - 측면충돌,안전운전불이행,건조,맑음,단일로 - 기타,승용,남,70세,상해없음,승용,여,37세,경상
노인운전자사고,2020060300100358,2020년 6월 3일 16시,수요일,부산광역시 동래구 사직동,중상사고,0,1,0,0,차대사람 - 횡단중,안전운전불이행,건조,맑음,교차로 - 교차로안,승용,남,75세,상해없음,보행자,여,61세,중상
노인운전자사고,2020060300100401,2020년 6월 3일 17시,수요일,부산광역시 수영구 망미동,경상사고,0,0,3,0,차대차 - 추돌,안전거리미확보,건조,맑음,교차로 - 교차로부근,승용,남,67세,상해없음,승용,남,66세,경상
노인운전자사고,2.02006E+15,2020년 6월 3일 21시,수요일,부산광역시 사하구 괴정동,경상사고,0,0,5,0,차대차 - 추돌,안전운전불이행,건조,맑음,교차로 - 교차로부근,승용,남,68세,상해없음,승용,남,49세,경상
노인운전자사고,2020060300100588,2020년 6월 3일 22시,수요일,부산광역시 동구 범일동,부상신고사고,0,0,0,1,차대차 - 기타,신호위반,건조,맑음,교차로 - 교차로안,자전거,남,67세,부상신고,화물,남,57세,상해없음
노인운전자사고,2020060400100042,2020년 6월 4일 05시,목요일,부산광역시 서구 서대신동3가,경상사고,0,0,1,0,차대차 - 추돌,신호위반,건조,맑음,단일로 - 터널,승합,남,73세,상해없음,승용,남,49세,상해없음
노인운전자사고,2020060400100334,2020년 6월 4일 15시,목요일,부산광역시 동구 초량동,경상사고,0,0,2,0,차대차 - 추돌,안전운전불이행,건조,맑음,단일로 - 기타,승용,남,69세,상해없음,승용,여,33세,경상
노인운전자사고,2020060400100372,2020년 6월 4일 16시,목요일,부산광역시 금정구 구서동,경상사고,0,0,1,0,차대차 - 측면충돌,신호위반,건조,맑음,교차로 - 교차로안,승용,남,70세,상해없음,승합,남,63세,경상
노인운전자사고,2020060400100612,2020년 6월 4일 22시,목요일,부산광역시 해운대구 반송동,경상사고,0,0,3,0,차대차 - 기타,안전운전불이행,건조,맑음,교차로 - 교차로부근,승용,남,68세,상해없음,승용,남,26세,경상
노인운전자사고,2.02006E+15,2020년 6월 4일 23시,목요일,부산광역시 남구 문현동,경상사고,0,0,1,0,차대차 - 측면충돌,안전거리미확보,건조,맑음,단일로 - 기타,승용,남,67세,상해없음,승용,남,34세,경상
노인운전자사고,2020060500100059,2020년 6월 5일 06시,금요일,부산광역시 부산진구 부전동,경상사고,0,0,1,0,차대사람 - 차도통행중,안전운전불이행,건조,맑음,단일로 - 기타,화물,남,72세,상해없음,보행자,남,48세,경상
노인운전자사고,2.02006E+15,2020년 6월 5일 13시,금요일,부산광역시 중구 부평동2가,경상사고,0,0,1,0,차대차 - 추돌,안전운전불이행,건조,맑음,단일로 - 기타,승용,남,67세,상해없음,승용,남,46세,상해없음
노인운전자사고,2020060500100366,2020년 6월 5일 15시,금요일,부산광역시 부산진구 범천동,경상사고,0,0,1,0,차대차 - 측면충돌,신호위반,건조,맑음,교차로 - 교차로안,승용,남,66세,상해없음,이륜,남,36세,경상
노인운전자사고,2020060500100368,2020년 6월 5일 15시,금요일,부산광역시 사상구 감전동,중상사고,0,1,0,0,차대차 - 측면충돌,교차로운행방법위반,건조,맑음,교차로 - 교차로부근,승용,여,65세,상해없음,승용,여,53세,중상
노인운전자사고,2020060500100413,2020년 6월 5일 16시,금요일,부산광역시 중구 남포동5가,경상사고,0,0,1,0,차대사람 - 기타,안전운전불이행,건조,맑음,단일로 - 기타,승용,남,69세,상해없음,보행자,남,55세,경상
노인운전자사고,2020060500100499,2020년 6월 5일 18시,금요일,부산광역시 동래구 수안동,부상신고사고,0,0,0,1,차량단독 - 전도전복 - 전도,안전운전불이행,건조,맑음,단일로 - 기타,이륜,남,68세,부상신고,,,,
노인운전자사고,2.02006E+15,2020년 6월 5일 18시,금요일,부산광역시 부산진구 가야동,경상사고,0,0,1,0,차대차 - 추돌,안전운전불이행,건조,맑음,단일로 - 기타,승용,남,69세,상해없음,승용,남,48세,경상
노인운전자사고,2020060500100644,2020년 6월 5일 21시,금요일,부산광역시 사상구 괘법동,경상사고,0,0,1,0,차대사람 - 횡단중,안전운전불이행,건조,맑음,단일로 - 기타,승용,남,69세,상해없음,보행자,남,54세,경상
노인운전자사고,2020060600100006,2020년 6월 6일 00시,토요일,부산광역시 사하구 하단동,경상사고,0,0,3,0,차대차 - 추돌,안전운전불이행,건조,맑음,교차로 - 교차로부근,승용,남,68세,기타불명,승용,남,22세,경상
노인운전자사고,2020060600100067,2020년 6월 6일 04시,토요일,부산광역시 서구 충무동1가,경상사고,0,0,1,0,차대차 - 기타,교차로운행방법위반,건조,맑음,교차로 - 교차로안,화물,남,70세,상해없음,승용,남,65세,경상
노인운전자사고,2020060600100076,2020년 6월 6일 05시,토요일,부산광역시 사하구 신평동,경상사고,0,0,1,0,차대차 - 기타,안전운전불이행,건조,맑음,단일로 - 기타,승용,남,72세,경상,승합,남,58세,상해없음
노인운전자사고,2020060600100407,2020년 6월 6일 17시,토요일,부산광역시 영도구 청학동,경상사고,0,0,3,0,차대차 - 정면충돌,중앙선침범,건조,맑음,교차로 - 교차로부근,승용,남,67세,경상,승용,남,22세,경상
노인운전자사고,2020060700100051,2020년 6월 7일 03시,일요일,부산광역시 부산진구 전포동,중상사고,0,1,1,0,차대차 - 측면충돌,신호위반,건조,맑음,교차로 - 교차로안,승용,남,66세,상해없음,승용,남,67세,중상
노인운전자사고,2.02006E+15,2020년 6월 7일 10시,일요일,부산광역시 동구 수정동,중상사고,0,1,0,0,차대차 - 기타,안전운전불이행,건조,맑음,교차로 - 교차로안,승용,남,65세,상해없음,승용,여,48세,중상
노인운전자사고,2020060700100211,2020년 6월 7일 13시,일요일,부산광역시 수영구 광안동,경상사고,0,0,1,0,차대사람 - 보도통행중,기타,건조,맑음,단일로 - 기타,승용,남,71세,상해없음,보행자,여,25세,경상
노인운전자사고,2020060700100246,2020년 6월 7일 14시,일요일,부산광역시 북구 구포동,중상사고,0,1,0,0,차대사람 - 길가장자리구역통행중,안전운전불이행,건조,맑음,단일로 - 지하차도(도로)내,승용,남,71세,상해없음,보행자,여,67세,중상
노인운전자사고,2020060700100352,2020년 6월 7일 17시,일요일,부산광역시 남구 감만동,경상사고,0,0,3,0,차대차 - 측면충돌,신호위반,건조,맑음,교차로 - 교차로안,승용,남,71세,상해없음,승용,여,36세,경상
노인운전자사고,2020060700100356,2020년 6월 7일 17시,일요일,부산광역시 강서구 명지동,경상사고,0,0,1,0,차대사람 - 기타,안전운전불이행,건조,맑음,주차장 - 주차장,승용,여,65세,상해없음,보행자,여,22세,경상
노인운전자사고,2020060700100391,2020년 6월 7일 18시,일요일,부산광역시 북구 덕천동,경상사고,0,0,1,0,차대사람 - 기타,안전운전불이행,건조,맑음,단일로 - 기타,승용,여,65세,상해없음,보행자,남,11세,경상
노인운전자사고,2020060700100454,2020년 6월 7일 20시,일요일,부산광역시 동래구 안락동,경상사고,0,0,1,0,차대차 - 측면충돌,신호위반,건조,맑음,교차로 - 교차로안,승용,남,65세,상해없음,화물,남,54세,경상
노인운전자사고,2020060800100108,2020년 6월 8일 08시,월요일,부산광역시 동구 좌천동,중상사고,0,1,0,0,차대차 - 기타,안전운전불이행,건조,맑음,교차로 - 교차로부근,승용,남,67세,상해없음,승용,여,47세,중상
노인운전자사고,2020060800100113,2020년 6월 8일 08시,월요일,부산광역시 해운대구 중동,경상사고,0,0,1,0,차대사람 - 횡단중,보행자보호의무위반,건조,맑음,교차로 - 교차로횡단보도내,승용,남,65세,상해없음,보행자,남,7세,경상
노인운전자사고,2020060800100115,2020년 6월 8일 08시,월요일,부산광역시 기장군 일광면,경상사고,0,0,2,0,차대차 - 추돌,안전운전불이행,건조,맑음,단일로 - 기타,승용,여,76세,상해없음,승용,남,26세,경상
노인운전자사고,2020060800100355,2020년 6월 8일 14시,월요일,부산광역시 동래구 사직동,경상사고,0,0,1,0,차대차 - 측면충돌,차로위반,건조,맑음,단일로 - 기타,승용,남,76세,상해없음,승용,여,35세,경상
노인운전자사고,2020060800100437,2020년 6월 8일 16시,월요일,부산광역시 남구 대연동,경상사고,0,0,1,0,차대차 - 측면충돌,안전운전불이행,건조,맑음,교차로 - 교차로안,건설기계,남,65세,상해없음,승용,여,31세,경상
노인운전자사고,2.02006E+15,2020년 6월 9일 04시,화요일,부산광역시 사하구 신평동,경상사고,0,0,1,0,차대차 - 추돌,신호위반,건조,맑음,교차로 - 교차로안,승용,남,67세,상해없음,승용,남,68세,경상
노인운전자사고,2020060900100058,2020년 6월 9일 07시,화요일,부산광역시 동구 범일동,경상사고,0,0,1,1,차대차 - 측면충돌,안전운전불이행,건조,맑음,교차로 - 교차로안,승용,여,66세,부상신고,승용,남,63세,경상
노인운전자사고,2020060900100182,2020년 6월 9일 10시,화요일,부산광역시 수영구 광안동,경상사고,0,0,1,0,차대사람 - 기타,안전운전불이행,건조,맑음,단일로 - 기타,이륜,남,78세,상해없음,보행자,여,61세,경상
노인운전자사고,2020060900100226,2020년 6월 9일 11시,화요일,부산광역시 연제구 연산동,경상사고,0,0,1,0,차대차 - 측면충돌,기타,건조,맑음,단일로 - 기타,승용,남,70세,상해없음,이륜,남,42세,경상
노인운전자사고,2020060900100384,2020년 6월 9일 15시,화요일,부산광역시 영도구 동삼동,경상사고,0,0,1,0,차대사람 - 횡단중,안전운전불이행,건조,맑음,단일로 - 기타,이륜,남,78세,상해없음,보행자,여,73세,경상
노인운전자사고,2020060900100386,2020년 6월 9일 15시,화요일,부산광역시 사상구 주례동,경상사고,0,0,1,0,차대차 - 기타,신호위반,건조,맑음,교차로 - 교차로안,승용,남,65세,상해없음,이륜,남,71세,경상
노인운전자사고,2020060900100478,2020년 6월 9일 17시,화요일,부산광역시 연제구 거제동,경상사고,0,0,1,0,차대차 - 측면충돌,안전운전불이행,건조,맑음,교차로 - 교차로안,화물,남,67세,상해없음,승용,여,46세,경상
노인운전자사고,2020060900100589,2020년 6월 9일 19시,화요일,부산광역시 동구 좌천동,중상사고,0,1,0,0,차량단독 - 기타,안전운전불이행,건조,맑음,단일로 - 기타,승합,남,70세,상해없음,,,,
노인운전자사고,2020060900100676,2020년 6월 9일 22시,화요일,부산광역시 사상구 주례동,사망사고,1,0,0,0,차량단독 - 기타,안전운전불이행,건조,맑음,단일로 - 기타,승용,남,68세,사망,,,,
노인운전자사고,2020061000100005,2020년 6월 10일 00시,수요일,부산광역시 금정구 노포동,경상사고,0,0,1,0,차량단독 - 기타,안전운전불이행,건조,맑음,교차로 - 교차로안,승용,남,75세,기타불명,,,,
노인운전자사고,2020061000100314,2020년 6월 10일 14시,수요일,부산광역시 서구 아미동2가,경상사고,0,0,1,1,차대차 - 측면충돌,안전거리미확보,건조,맑음,교차로 - 교차로안,승용,남,73세,부상신고,승용,남,22세,경상
노인운전자사고,2.02006E+15,2020년 6월 10일 15시,수요일,부산광역시 금정구 부곡동,경상사고,0,0,1,0,차대차 - 추돌,안전거리미확보,건조,맑음,단일로 - 기타,승용,남,65세,상해없음,승용,여,35세,경상
노인운전자사고,2020061000100433,2020년 6월 10일 17시,수요일,부산광역시 서구 암남동,경상사고,0,0,1,0,차대차 - 측면충돌,불법유턴,건조,맑음,교차로 - 교차로부근,승용,남,69세,상해없음,이륜,남,19세,경상
노인운전자사고,2020061100100151,2020년 6월 11일 09시,목요일,부산광역시 서구 암남동,부상신고사고,0,0,0,1,차대차 - 측면충돌,중앙선침범,건조,맑음,단일로 - 기타,승합,남,76세,상해없음,승용,남,56세,부상신고
노인운전자사고,2020061100100275,2020년 6월 11일 13시,목요일,부산광역시 동구 범일동,경상사고,0,0,1,0,차대사람 - 기타,보행자보호의무위반,건조,맑음,단일로 - 기타,화물,남,70세,상해없음,보행자,여,48세,경상
노인운전자사고,2020061100100277,2020년 6월 11일 13시,목요일,부산광역시 영도구 청학동,경상사고,0,0,1,0,차대사람 - 횡단중,보행자보호의무위반,건조,맑음,단일로 - 기타,승용,남,70세,상해없음,보행자,남,7세,경상
노인운전자사고,2.02006E+15,2020년 6월 11일 15시,목요일,부산광역시 사상구 감전동,중상사고,0,1,0,0,차대차 - 추돌,안전운전불이행,건조,맑음,단일로 - 기타,승용,남,69세,상해없음,화물,남,61세,중상
노인운전자사고,2020061200100257,2020년 6월 12일 12시,금요일,부산광역시 해운대구 재송동,중상사고,0,1,0,0,차대차 - 측면충돌,안전운전불이행,건조,맑음,교차로 - 교차로안,승용,남,72세,상해없음,승용,남,47세,중상
노인운전자사고,2020061200100258,2020년 6월 12일 12시,금요일,부산광역시 부산진구 부전동,부상신고사고,0,0,0,1,차대차 - 측면충돌,기타,건조,맑음,교차로 - 교차로부근,승용,남,73세,상해없음,이륜,남,39세,부상신고
노인운전자사고,2020061200100361,2020년 6월 12일 15시,금요일,부산광역시 영도구 청학동,경상사고,0,0,1,0,차대차 - 측면충돌,안전운전불이행,건조,맑음,단일로 - 기타,승용,남,76세,상해없음,승용,여,42세,경상
노인운전자사고,2020061200100594,2020년 6월 12일 20시,금요일,부산광역시 동래구 온천동,경상사고,0,0,1,0,차대차 - 측면충돌,안전운전불이행,건조,맑음,단일로 - 기타,화물,남,69세,상해없음,승용,남,38세,경상
노인운전자사고,2020061200100724,2020년 6월 12일 23시,금요일,부산광역시 기장군 정관읍,경상사고,0,0,2,0,차대차 - 기타,안전운전불이행,건조,맑음,단일로 - 기타,화물,남,66세,상해없음,승용,여,28세,경상
노인운전자사고,2020061300100111,2020년 6월 13일 07시,토요일,부산광역시 금정구 부곡동,중상사고,0,1,0,0,차대차 - 추돌,안전운전불이행,건조,맑음,교차로 - 교차로안,승용,남,71세,상해없음,화물,남,63세,중상
노인운전자사고,2020061300100179,2020년 6월 13일 10시,토요일,부산광역시 사상구 감전동,부상신고사고,0,0,0,1,차대차 - 측면충돌,교차로운행방법위반,건조,맑음,교차로 - 교차로안,승용,남,74세,부상신고,승용,남,27세,상해없음
노인운전자사고,2.02006E+15,2020년 6월 13일 23시,토요일,부산광역시 사상구 모라동,중상사고,0,1,1,0,차대차 - 측면충돌,차로위반,건조,맑음,단일로 - 기타,승용,남,66세,상해없음,승용,남,63세,중상
노인운전자사고,2020061400100307,2020년 6월 14일 16시,일요일,부산광역시 북구 화명동,경상사고,0,0,1,0,차대차 - 측면충돌,안전운전불이행,건조,맑음,교차로 - 교차로안,승용,남,65세,상해없음,원동기,남,42세,경상
노인운전자사고,2020061400100507,2020년 6월 14일 23시,일요일,부산광역시 연제구 연산동,경상사고,0,0,2,0,차대차 - 추돌,안전거리미확보,건조,맑음,단일로 - 기타,승용,남,66세,상해없음,승용,여,63세,경상
노인운전자사고,2020061500100374,2020년 6월 15일 15시,월요일,부산광역시 남구 용당동,경상사고,0,0,1,0,차대차 - 측면충돌,안전운전불이행,건조,맑음,교차로 - 교차로부근,화물,남,75세,상해없음,승용,남,47세,경상
노인운전자사고,2020061500100375,2020년 6월 15일 15시,월요일,부산광역시 동래구 온천동,부상신고사고,0,0,0,1,차대차 - 측면충돌,안전운전불이행,건조,맑음,교차로 - 교차로부근,자전거,남,73세,부상신고,승용,남,80세,상해없음
노인운전자사고,2020061500100376,2020년 6월 15일 15시,월요일,부산광역시 해운대구 재송동,사망사고,1,2,1,0,차대차 - 측면충돌,중앙선침범,건조,맑음,단일로 - 기타,승용,남,71세,상해없음,승용,여,60세,경상
노인운전자사고,2020061500100471,2020년 6월 15일 17시,월요일,부산광역시 서구 동대신동3가,경상사고,0,0,1,0,차대차 - 추돌,안전운전불이행,건조,맑음,교차로 - 교차로부근,승용,남,77세,상해없음,승용,여,37세,경상
노인운전자사고,2020061500100538,2020년 6월 15일 18시,월요일,부산광역시 연제구 연산동,경상사고,0,0,1,0,차대차 - 기타,교차로운행방법위반,건조,맑음,단일로 - 기타,승용,남,78세,상해없음,승용,여,61세,경상
노인운전자사고,2020061500100692,2020년 6월 15일 23시,월요일,부산광역시 남구 대연동,중상사고,0,1,1,0,차대사람 - 차도통행중,안전운전불이행,건조,맑음,교차로 - 교차로부근,승용,남,66세,상해없음,보행자,남,24세,중상
노인운전자사고,2020061600100047,2020년 6월 16일 06시,화요일,부산광역시 기장군 기장읍,경상사고,0,0,2,0,차대차 - 추돌,안전운전불이행,건조,맑음,단일로 - 기타,승용,남,66세,상해없음,승용,남,35세,경상
노인운전자사고,2.02006E+15,2020년 6월 16일 08시,화요일,부산광역시 연제구 거제동,경상사고,0,0,1,0,차대사람 - 기타,기타,건조,맑음,단일로 - 기타,승용,남,74세,상해없음,보행자,여,28세,경상
노인운전자사고,2020061600100172,2020년 6월 16일 10시,화요일,부산광역시 동래구 명장동,경상사고,0,0,2,0,차대차 - 추돌,안전운전불이행,건조,맑음,단일로 - 기타,승용,남,71세,상해없음,승용,남,61세,경상
노인운전자사고,2020061600100175,2020년 6월 16일 10시,화요일,부산광역시 기장군 기장읍,경상사고,0,0,1,0,차대차 - 추돌,안전운전불이행,건조,맑음,단일로 - 기타,승용,남,74세,상해없음,승용,여,55세,경상
노인운전자사고,2.02006E+15,2020년 6월 16일 14시,화요일,부산광역시 동구 좌천동,경상사고,0,0,1,0,차량단독 - 전도전복 - 전도,안전운전불이행,건조,맑음,단일로 - 고가도로위,특수,남,65세,경상,,,,
노인운전자사고,2020061600100351,2020년 6월 16일 15시,화요일,부산광역시 금정구 금사동,경상사고,0,0,3,0,차대차 - 측면충돌,기타,건조,맑음,교차로 - 교차로안,승용,남,81세,경상,화물,남,54세,경상
노인운전자사고,2020061600100405,2020년 6월 16일 16시,화요일,부산광역시 사상구 괘법동,경상사고,0,0,2,0,차대차 - 정면충돌,교차로운행방법위반,건조,맑음,교차로 - 교차로안,승합,남,74세,상해없음,이륜,남,63세,경상
노인운전자사고,2.02006E+15,2020년 6월 16일 21시,화요일,부산광역시 사하구 장림동,경상사고,0,0,3,0,차대차 - 추돌,안전운전불이행,건조,기타,교차로 - 교차로부근,승합,남,72세,상해없음,승용,남,64세,경상
노인운전자사고,2020061700100049,2020년 6월 17일 06시,수요일,부산광역시 부산진구 범천동,중상사고,0,1,0,0,차대차 - 기타,교차로운행방법위반,건조,맑음,교차로 - 교차로안,이륜,남,66세,중상,화물,남,32세,상해없음
노인운전자사고,2020061700100095,2020년 6월 17일 08시,수요일,부산광역시 서구 토성동5가,경상사고,0,0,1,1,차대차 - 측면충돌,안전운전불이행,건조,맑음,교차로 - 교차로안,승용,남,75세,부상신고,승용,여,59세,경상
노인운전자사고,2020061700100198,2020년 6월 17일 11시,수요일,부산광역시 금정구 부곡동,경상사고,0,0,1,0,차대차 - 측면충돌,신호위반,건조,맑음,교차로 - 교차로안,승용,남,68세,상해없음,이륜,남,24세,경상