사고부문,사고번호,사고일시,요일,시군구,사고내용,사망자수,중상자수,경상자수,부상신고자수,사고유형,법규위반,노면상태,기상상태,도로형태,가해운전자 차종,가해운전자 성별,가해운전자 연령,가해운전자 상해정도,피해운전자 차종,피해운전자 성별,피해운전자 연령,피해운전자 상해정도
노인운전자사고,2020061700100356,2020년 6월 17일 15시,수요일,부산광역시 금정구 구서동,경상사고,0,0,1,0,차대차 - 측면충돌,교차로운행방법위반,건조,맑음,교차로 - 교차로안,승용,남,67세,상해없음,승용,남,33세,경상
노인운전자사고,2020061700100413,2020년 6월 17일 17시,수요일,부산광역시 수영구 광안동,중상사고,0,1,0,0,차대사람 - 기타,안전운전불이행,건조,맑음,교차로 - 교차로안,승용,남,65세,상해없음,보행자,여,25세,중상
노인운전자사고,2020061800100169,2020년 6월 18일 09시,목요일,부산광역시 금정구 구서동,경상사고,0,0,1,0,차대차 - 측면충돌,안전운전불이행,젖음/습기,비,단일로 - 기타,건설기계,남,74세,상해없음,승합,여,48세,경상
노인운전자사고,2020061800100206,2020년 6월 18일 10시,목요일,부산광역시 금정구 금사동,경상사고,0,0,1,0,차대차 - 기타,신호위반,젖음/습기,비,교차로 - 교차로안,승용,여,66세,상해없음,승용,남,54세,경상
노인운전자사고,2020061800100236,2020년 6월 18일 11시,목요일,부산광역시 서구 동대신동3가,부상신고사고,0,0,0,1,차대차 - 측면충돌,안전거리미확보,젖음/습기,비,교차로 - 교차로부근,화물,남,68세,상해없음,승용,남,29세,부상신고
노인운전자사고,2020061800100498,2020년 6월 18일 19시,목요일,부산광역시 동래구 안락동,중상사고,0,1,0,1,차대차 - 추돌,안전운전불이행,건조,맑음,단일로 - 기타,승용,남,74세,상해없음,승용,남,47세,부상신고
노인운전자사고,2020061800100607,2020년 6월 18일 22시,목요일,부산광역시 중구 광복동2가,경상사고,0,0,1,0,차량단독 - 기타,안전운전불이행,젖음/습기,맑음,교차로 - 교차로부근,이륜,남,66세,경상,,,,
노인운전자사고,2020061900100479,2020년 6월 19일 17시,금요일,부산광역시 강서구 죽동동,경상사고,0,0,1,0,차대차 - 측면충돌,안전운전불이행,건조,맑음,교차로 - 교차로부근,이륜,남,66세,상해없음,승용,여,34세,경상
노인운전자사고,2020062000100243,2020년 6월 20일 12시,토요일,부산광역시 연제구 연산동,중상사고,0,1,0,0,차대사람 - 횡단중,신호위반,건조,맑음,단일로 - 기타,자전거,남,79세,상해없음,보행자,여,62세,중상
노인운전자사고,2020062000100298,2020년 6월 20일 13시,토요일,부산광역시 해운대구 반여동,경상사고,0,0,1,0,차대차 - 측면충돌,신호위반,건조,맑음,교차로 - 교차로안,승용,남,65세,상해없음,승용,여,32세,경상
노인운전자사고,2.02006E+15,2020년 6월 20일 16시,토요일,부산광역시 금정구 금사동,경상사고,0,0,1,0,차대차 - 측면충돌,교차로운행방법위반,건조,맑음,교차로 - 교차로안,화물,남,65세,상해없음,이륜,남,26세,경상
노인운전자사고,2020062100100073,2020년 6월 21일 05시,일요일,부산광역시 기장군 기장읍,경상사고,0,0,1,0,차량단독 - 공작물충돌,안전운전불이행,건조,맑음,교차로 - 교차로부근,승용,남,68세,상해없음,,,,
노인운전자사고,2020062100100118,2020년 6월 21일 09시,일요일,부산광역시 동구 범일동,중상사고,0,1,0,0,차대차 - 기타,교차로운행방법위반,건조,맑음,교차로 - 교차로안,화물,남,70세,상해없음,이륜,남,59세,중상
노인운전자사고,2020062100100214,2020년 6월 21일 13시,일요일,부산광역시 부산진구 양정동,중상사고,0,1,0,0,차대차 - 기타,안전운전불이행,건조,맑음,단일로 - 기타,자전거,남,80세,중상,승용,남,46세,상해없음
노인운전자사고,2020062100100463,2020년 6월 21일 21시,일요일,부산광역시 영도구 영선동1가,경상사고,0,0,2,0,차대차 - 정면충돌,교차로운행방법위반,건조,맑음,교차로 - 교차로안,화물,남,69세,상해없음,이륜,남,39세,경상
노인운전자사고,2020062200100054,2020년 6월 22일 06시,월요일,부산광역시 사하구 신평동,중상사고,0,2,0,0,차대차 - 기타,직진우회전진행방해,건조,맑음,교차로 - 교차로부근,승용,남,66세,상해없음,승용,남,68세,중상
노인운전자사고,2020062200100193,2020년 6월 22일 10시,월요일,부산광역시 중구 중앙동4가,경상사고,0,0,2,0,차대차 - 측면충돌,안전거리미확보,건조,맑음,교차로 - 교차로안,건설기계,남,66세,상해없음,승용,여,59세,경상
노인운전자사고,2020062200100196,2020년 6월 22일 10시,월요일,부산광역시 연제구 연산동,경상사고,0,0,2,0,차대차 - 추돌,교차로운행방법위반,건조,맑음,교차로 - 교차로안,승용,여,65세,경상,승용,여,53세,경상
노인운전자사고,2020062200100197,2020년 6월 22일 10시,월요일,부산광역시 연제구 거제동,중상사고,0,1,0,0,차대차 - 측면충돌,직진우회전진행방해,건조,맑음,교차로 - 교차로안,승용,여,68세,상해없음,승용,여,39세,중상
노인운전자사고,2020062200100243,2020년 6월 22일 11시,월요일,부산광역시 서구 남부민동,중상사고,0,1,0,0,차대차 - 측면충돌,신호위반,건조,맑음,교차로 - 교차로안,자전거,남,77세,중상,화물,남,36세,상해없음
노인운전자사고,2020062200100245,2020년 6월 22일 11시,월요일,부산광역시 부산진구 부전동,중상사고,0,1,0,0,차대차 - 측면충돌,기타,건조,맑음,단일로 - 기타,승용,남,71세,상해없음,자전거,남,53세,중상
노인운전자사고,2020062200100321,2020년 6월 22일 13시,월요일,부산광역시 북구 덕천동,경상사고,0,0,4,0,차대차 - 기타,안전거리미확보,건조,맑음,단일로 - 기타,승용,남,71세,경상,승합,남,44세,상해없음
노인운전자사고,2020062200100406,2020년 6월 22일 15시,월요일,부산광역시 수영구 망미동,경상사고,0,0,2,0,차대차 - 측면충돌,교차로운행방법위반,건조,맑음,교차로 - 교차로안,승용,남,67세,상해없음,화물,남,22세,경상
노인운전자사고,2020062200100517,2020년 6월 22일 17시,월요일,부산광역시 서구 서대신동2가,경상사고,0,0,1,0,차대차 - 측면충돌,안전거리미확보,건조,맑음,단일로 - 기타,승용,남,72세,상해없음,승용,남,57세,경상
노인운전자사고,2020062300100008,2020년 6월 23일 00시,화요일,부산광역시 부산진구 부전동,경상사고,0,0,2,0,차대차 - 측면충돌,신호위반,건조,맑음,교차로 - 교차로안,승용,남,91세,상해없음,승용,남,70세,경상
노인운전자사고,2020062300100009,2020년 6월 23일 00시,화요일,부산광역시 사상구 감전동,경상사고,0,0,2,0,차대차 - 기타,신호위반,건조,맑음,교차로 - 교차로안,승용,남,73세,경상,승용,남,26세,경상
노인운전자사고,2020062300100071,2020년 6월 23일 07시,화요일,부산광역시 연제구 연산동,중상사고,0,1,0,0,차대차 - 측면충돌,교차로운행방법위반,건조,맑음,교차로 - 교차로안,승용,남,72세,상해없음,승용,여,57세,중상
노인운전자사고,2020062300100245,2020년 6월 23일 11시,화요일,부산광역시 사상구 괘법동,중상사고,0,1,0,0,차대사람 - 횡단중,안전운전불이행,건조,맑음,기타 - 기타,화물,남,71세,상해없음,보행자,남,71세,중상
노인운전자사고,2020062300100291,2020년 6월 23일 12시,화요일,부산광역시 동래구 온천동,경상사고,0,0,1,0,차대차 - 추돌,안전운전불이행,건조,맑음,단일로 - 기타,승용,남,69세,상해없음,원동기,남,31세,경상
노인운전자사고,2020062300100373,2020년 6월 23일 15시,화요일,부산광역시 부산진구 양정동,중상사고,0,3,1,0,차대차 - 추돌,안전운전불이행,건조,맑음,기타 - 기타,승용,남,68세,상해없음,승용,남,67세,경상
노인운전자사고,2020062400100094,2020년 6월 24일 08시,수요일,부산광역시 동래구 온천동,경상사고,0,0,1,0,차대차 - 측면충돌,교차로운행방법위반,건조,맑음,교차로 - 교차로부근,승용,남,66세,상해없음,건설기계,남,64세,경상
노인운전자사고,2.02006E+15,2020년 6월 24일 14시,수요일,부산광역시 부산진구 부암동,사망사고,1,0,0,0,차대사람 - 횡단중,보행자보호의무위반,젖음/습기,비,교차로 - 교차로횡단보도내,승합,남,67세,상해없음,보행자,여,74세,사망
노인운전자사고,2020062400100291,2020년 6월 24일 14시,수요일,부산광역시 금정구 부곡동,중상사고,0,1,1,0,차대차 - 추돌,안전운전불이행,건조,맑음,단일로 - 기타,승용,여,71세,경상,승합,남,40세,중상
노인운전자사고,2020062400100503,2020년 6월 24일 19시,수요일,부산광역시 해운대구 우동,경상사고,0,0,1,0,차대차 - 추돌,안전운전불이행,건조,맑음,단일로 - 기타,승용,남,72세,상해없음,승용,남,53세,상해없음
노인운전자사고,2020062500100068,2020년 6월 25일 04시,목요일,부산광역시 부산진구 양정동,중상사고,0,1,0,0,차대차 - 측면충돌,안전거리미확보,젖음/습기,비,단일로 - 기타,화물,남,67세,상해없음,이륜,남,32세,중상
노인운전자사고,2020062500100189,2020년 6월 25일 10시,목요일,부산광역시 해운대구 중동,부상신고사고,0,0,0,1,차량단독 - 공작물충돌,안전운전불이행,젖음/습기,흐림,교차로 - 교차로안,승용,여,65세,부상신고,,,,
노인운전자사고,2020062500100215,2020년 6월 25일 11시,목요일,부산광역시 부산진구 개금동,경상사고,0,0,1,0,차대사람 - 차도통행중,안전운전불이행,건조,맑음,교차로 - 교차로부근,승합,남,69세,상해없음,보행자,여,43세,경상
노인운전자사고,2020062500100298,2020년 6월 25일 14시,목요일,부산광역시 동래구 안락동,중상사고,0,1,1,0,차대차 - 정면충돌,중앙선침범,젖음/습기,비,단일로 - 기타,화물,남,70세,상해없음,승용,남,36세,중상
노인운전자사고,2020062500100335,2020년 6월 25일 15시,목요일,부산광역시 중구 보수동3가,부상신고사고,0,0,0,1,차대차 - 측면충돌,안전운전불이행,젖음/습기,비,교차로 - 교차로부근,자전거,남,71세,부상신고,승합,남,43세,상해없음
노인운전자사고,2020062500100336,2020년 6월 25일 15시,목요일,부산광역시 금정구 부곡동,경상사고,0,0,1,0,차대차 - 기타,안전운전불이행,건조,맑음,교차로 - 교차로안,승용,남,73세,상해없음,이륜,남,21세,경상
노인운전자사고,2020062600100212,2020년 6월 26일 11시,금요일,부산광역시 동구 초량동,경상사고,0,0,1,0,차대차 - 기타,안전거리미확보,건조,맑음,단일로 - 기타,승용,남,75세,상해없음,승용,남,27세,경상
노인운전자사고,2020062600100242,2020년 6월 26일 12시,금요일,부산광역시 영도구 봉래동3가,경상사고,0,0,1,0,차대사람 - 기타,안전운전불이행,건조,맑음,단일로 - 기타,승용,남,75세,상해없음,보행자,여,46세,경상
노인운전자사고,2020062600100449,2020년 6월 26일 17시,금요일,부산광역시 남구 우암동,경상사고,0,0,1,0,차대차 - 측면충돌,안전운전불이행,건조,맑음,교차로 - 교차로안,특수,남,70세,상해없음,승용,남,35세,경상
노인운전자사고,2020062600100455,2020년 6월 26일 17시,금요일,부산광역시 사상구 모라동,경상사고,0,0,1,0,차대차 - 측면충돌,안전운전불이행,건조,맑음,주차장 - 주차장,승용,남,66세,상해없음,승용,남,26세,경상
노인운전자사고,2020062700100028,2020년 6월 27일 01시,토요일,부산광역시 사하구 신평동,경상사고,0,0,1,0,차대차 - 후진중충돌,안전운전불이행,건조,맑음,교차로 - 교차로안,승용,남,70세,상해없음,승용,남,33세,경상
노인운전자사고,2020062700100129,2020년 6월 27일 09시,토요일,부산광역시 동래구 사직동,경상사고,0,0,2,0,차대차 - 측면충돌,교차로운행방법위반,건조,맑음,교차로 - 교차로부근,승용,남,67세,상해없음,승용,여,43세,경상
노인운전자사고,2020062700100233,2020년 6월 27일 12시,토요일,부산광역시 기장군 기장읍,경상사고,0,0,1,0,차대차 - 측면충돌,안전운전불이행,건조,맑음,교차로 - 교차로부근,승용,남,80세,상해없음,승용,남,64세,경상
노인운전자사고,2020062700100295,2020년 6월 27일 14시,토요일,부산광역시 해운대구 반여동,경상사고,0,0,2,0,차대차 - 기타,불법유턴,건조,맑음,교차로 - 교차로횡단보도내,자전거,남,70세,경상,승용,여,23세,경상
노인운전자사고,2020062700100338,2020년 6월 27일 15시,토요일,부산광역시 동래구 사직동,경상사고,0,0,1,0,차대차 - 측면충돌,안전운전불이행,건조,맑음,교차로 - 교차로부근,승용,남,70세,상해없음,승용,남,49세,경상
노인운전자사고,2020062700100456,2020년 6월 27일 18시,토요일,부산광역시 수영구 민락동,경상사고,0,0,1,0,차대차 - 측면충돌,교차로운행방법위반,건조,기타,교차로 - 교차로안,승용,남,73세,상해없음,승용,남,49세,경상
노인운전자사고,2020062800100045,2020년 6월 28일 03시,일요일,부산광역시 해운대구 반여동,중상사고,0,1,0,0,차대차 - 기타,신호위반,건조,맑음,교차로 - 교차로안,승용,남,71세,상해없음,원동기,남,16세,중상
노인운전자사고,2020062800100058,2020년 6월 28일 04시,일요일,부산광역시 강서구 명지동,중상사고,0,1,0,0,차대사람 - 기타,안전운전불이행,건조,맑음,기타 - 기타,승용,남,65세,상해없음,보행자,남,49세,중상
노인운전자사고,2020062800100238,2020년 6월 28일 14시,일요일,부산광역시 남구 용호동,경상사고,0,0,1,0,차대차 - 기타,안전운전불이행,건조,맑음,교차로 - 교차로안,승용,남,67세,상해없음,이륜,남,22세,경상
노인운전자사고,2020062800100414,2020년 6월 28일 19시,일요일,부산광역시 연제구 연산동,경상사고,0,0,1,0,차대차 - 기타,안전거리미확보,건조,맑음,단일로 - 기타,승용,남,66세,상해없음,이륜,남,17세,경상
노인운전자사고,2020062900100044,2020년 6월 29일 07시,월요일,부산광역시 동구 초량동,경상사고,0,0,1,0,차대사람 - 길가장자리구역통행중,안전운전불이행,건조,맑음,단일로 - 기타,승용,남,70세,상해없음,보행자,여,17세,경상
노인운전자사고,2020062900100072,2020년 6월 29일 08시,월요일,부산광역시 동래구 명륜동,중상사고,0,1,0,0,차대사람 - 횡단중,안전운전불이행,건조,맑음,단일로 - 기타,승용,남,65세,상해없음,보행자,여,57세,중상
노인운전자사고,2020062900100139,2020년 6월 29일 10시,월요일,부산광역시 금정구 서동,부상신고사고,0,0,0,1,차대사람 - 기타,안전운전불이행,건조,맑음,기타 - 기타,승용,남,71세,상해없음,보행자,남,63세,부상신고
노인운전자사고,2020062900100207,2020년 6월 29일 12시,월요일,부산광역시 강서구 강동동,중상사고,0,1,0,0,차대차 - 기타,안전운전불이행,건조,맑음,기타 - 기타,이륜,남,66세,중상,승용,여,57세,상해없음
노인운전자사고,2.02006E+15,2020년 6월 29일 13시,월요일,부산광역시 부산진구 범천동,경상사고,0,0,1,0,차대사람 - 기타,안전운전불이행,건조,맑음,단일로 - 기타,승용,남,72세,상해없음,보행자,여,20세,경상
노인운전자사고,2020062900100391,2020년 6월 29일 17시,월요일,부산광역시 남구 용호동,경상사고,0,0,1,0,차대차 - 기타,안전운전불이행,젖음/습기,비,단일로 - 기타,승용,남,73세,상해없음,이륜,남,39세,경상
노인운전자사고,2020062900100483,2020년 6월 29일 19시,월요일,부산광역시 기장군 기장읍,경상사고,0,0,1,0,차대차 - 측면충돌,교차로운행방법위반,젖음/습기,비,교차로 - 교차로부근,승합,남,69세,상해없음,이륜,남,28세,경상
노인운전자사고,2020062900100566,2020년 6월 29일 21시,월요일,부산광역시 동래구 명장동,중상사고,0,1,0,0,차대사람 - 횡단중,신호위반,젖음/습기,비,단일로 - 기타,승용,여,65세,상해없음,보행자,남,33세,중상
노인운전자사고,2020063000100069,2020년 6월 30일 06시,화요일,부산광역시 북구 구포동,경상사고,0,0,1,0,차대사람 - 기타,안전운전불이행,건조,맑음,단일로 - 기타,승용,남,71세,상해없음,보행자,여,64세,경상
노인운전자사고,2.02006E+15,2020년 6월 30일 08시,화요일,부산광역시 동래구 수안동,중상사고,0,1,0,0,차대사람 - 횡단중,보행자보호의무위반,건조,맑음,교차로 - 교차로부근,승합,남,70세,상해없음,보행자,남,59세,중상
노인운전자사고,2020063000100278,2020년 6월 30일 14시,화요일,부산광역시 부산진구 부전동,경상사고,0,0,1,0,차대사람 - 기타,안전운전불이행,건조,맑음,교차로 - 교차로안,승용,남,76세,상해없음,보행자,여,72세,경상
노인운전자사고,2020063000100314,2020년 6월 30일 15시,화요일,부산광역시 강서구 대저2동,경상사고,0,0,1,0,차대차 - 정면충돌,신호위반,건조,맑음,단일로 - 기타,승합,남,68세,상해없음,자전거,남,40세,경상
노인운전자사고,2020063000100374,2020년 6월 30일 17시,화요일,부산광역시 기장군 기장읍,중상사고,0,1,0,0,차대차 - 측면충돌,신호위반,건조,맑음,교차로 - 교차로안,화물,남,65세,상해없음,승용,남,43세,중상
노인운전자사고,2020070100100099,2020년 7월 1일 08시,수요일,부산광역시 해운대구 반여동,중상사고,0,1,0,0,차대차 - 추돌,안전거리미확보,건조,맑음,단일로 - 고가도로위,승용,남,65세,상해없음,승용,여,53세,중상
노인운전자사고,2020070100100256,2020년 7월 1일 13시,수요일,부산광역시 연제구 거제동,중상사고,0,1,0,0,차대차 - 측면충돌,안전거리미확보,건조,맑음,단일로 - 기타,승용,남,68세,상해없음,이륜,남,25세,중상
노인운전자사고,2020070100100283,2020년 7월 1일 14시,수요일,부산광역시 동구 초량동,경상사고,0,0,1,0,차대차 - 기타,안전운전불이행,건조,맑음,단일로 - 기타,승용,남,72세,상해없음,승용,남,55세,경상
노인운전자사고,2020070100100284,2020년 7월 1일 14시,수요일,부산광역시 수영구 광안동,경상사고,0,0,1,0,차대사람 - 기타,안전운전불이행,건조,맑음,단일로 - 기타,화물,남,81세,상해없음,보행자,여,39세,경상
노인운전자사고,2020070100100286,2020년 7월 1일 14시,수요일,부산광역시 금정구 서동,경상사고,0,0,1,0,차대차 - 기타,안전운전불이행,건조,맑음,교차로 - 교차로안,화물,남,71세,상해없음,승합,남,49세,상해없음
노인운전자사고,2020070100100307,2020년 7월 1일 15시,수요일,부산광역시 금정구 장전동,부상신고사고,0,0,0,1,차대사람 - 기타,보행자보호의무위반,건조,맑음,교차로 - 교차로부근,승합,남,65세,상해없음,보행자,여,9세,부상신고
노인운전자사고,2020070100100528,2020년 7월 1일 21시,수요일,부산광역시 연제구 연산동,중상사고,0,1,0,0,차대차 - 정면충돌,안전운전불이행,건조,맑음,교차로 - 교차로안,승용,남,68세,기타불명,원동기,남,38세,중상
노인운전자사고,2020070200100094,2020년 7월 2일 08시,목요일,부산광역시 금정구 부곡동,경상사고,0,0,1,0,차대차 - 측면충돌,안전운전불이행,건조,맑음,단일로 - 기타,승용,남,66세,상해없음,승용,여,35세,경상
노인운전자사고,2020070200100131,2020년 7월 2일 09시,목요일,부산광역시 수영구 광안동,중상사고,0,1,0,0,차대사람 - 길가장자리구역통행중,안전운전불이행,건조,맑음,단일로 - 기타,승용,남,72세,상해없음,보행자,여,68세,중상
노인운전자사고,2020070200100419,2020년 7월 2일 17시,목요일,부산광역시 북구 구포동,사망사고,1,0,0,0,차대차 - 측면충돌,신호위반,건조,맑음,교차로 - 교차로안,이륜,남,72세,사망,승용,여,39세,상해없음
노인운전자사고,2020070200100553,2020년 7월 2일 21시,목요일,부산광역시 남구 대연동,경상사고,0,0,1,0,차대차 - 기타,안전운전불이행,젖음/습기,비,교차로 - 교차로부근,승용,남,68세,상해없음,승용,남,35세,경상
노인운전자사고,2020070200100602,2020년 7월 2일 23시,목요일,부산광역시 중구 대청동4가,경상사고,0,0,1,0,차대차 - 측면충돌,신호위반,건조,맑음,교차로 - 교차로안,승용,남,70세,상해없음,개인형이동수단(PM),남,45세,경상
노인운전자사고,2020070300100004,2020년 7월 3일 00시,금요일,부산광역시 강서구 명지동,경상사고,0,0,3,0,차대차 - 추돌,안전운전불이행,건조,맑음,단일로 - 기타,승용,남,65세,상해없음,승용,남,27세,경상
노인운전자사고,2020070300100063,2020년 7월 3일 05시,금요일,부산광역시 부산진구 전포동,경상사고,0,0,1,0,차대차 - 측면충돌,안전거리미확보,건조,맑음,단일로 - 기타,승용,남,66세,상해없음,승합,남,52세,경상
노인운전자사고,2020070300100241,2020년 7월 3일 12시,금요일,부산광역시 사상구 덕포동,중상사고,0,1,0,0,차대차 - 측면충돌,교차로운행방법위반,건조,맑음,교차로 - 교차로안,화물,남,77세,상해없음,이륜,여,29세,중상
노인운전자사고,2020070300100303,2020년 7월 3일 14시,금요일,부산광역시 남구 용호동,경상사고,0,0,1,0,차대차 - 측면충돌,안전운전불이행,젖음/습기,비,기타 - 기타,승용,여,73세,상해없음,승용,여,37세,경상
노인운전자사고,2020070300100417,2020년 7월 3일 17시,금요일,부산광역시 서구 서대신동2가,경상사고,0,0,1,0,차대차 - 측면충돌,안전거리미확보,건조,맑음,교차로 - 교차로부근,승용,남,70세,상해없음,승용,여,36세,경상
노인운전자사고,2020070300100547,2020년 7월 3일 20시,금요일,부산광역시 해운대구 우동,경상사고,0,0,1,0,차대사람 - 횡단중,보행자보호의무위반,건조,맑음,교차로 - 교차로부근,승용,남,70세,기타불명,보행자,여,18세,경상
노인운전자사고,2.02007E+15,2020년 7월 3일 22시,금요일,부산광역시 사하구 다대동,중상사고,0,1,0,0,차대사람 - 횡단중,안전운전불이행,젖음/습기,맑음,단일로 - 지하차도(도로)내,승용,여,75세,상해없음,보행자,남,42세,중상
노인운전자사고,2020070400100088,2020년 7월 4일 04시,토요일,부산광역시 해운대구 우동,경상사고,0,0,1,0,차대차 - 기타,신호위반,건조,맑음,교차로 - 교차로안,승용,남,77세,상해없음,승용,남,62세,경상
노인운전자사고,2.02007E+15,2020년 7월 4일 07시,토요일,부산광역시 기장군 기장읍,중상사고,0,1,2,0,차대차 - 측면충돌,신호위반,건조,맑음,교차로 - 교차로안,승용,남,76세,중상,승용,남,45세,경상
노인운전자사고,2.02007E+15,2020년 7월 4일 11시,토요일,부산광역시 수영구 민락동,부상신고사고,0,0,0,1,차대차 - 추돌,안전운전불이행,건조,맑음,기타 - 기타,개인형이동수단(PM),남,98세 이상,상해없음,자전거,여,68세,부상신고
노인운전자사고,2020070400100442,2020년 7월 4일 17시,토요일,부산광역시 동래구 사직동,경상사고,0,0,1,0,차대사람 - 기타,안전운전불이행,건조,맑음,단일로 - 기타,승용,남,72세,상해없음,보행자,여,58세,경상
노인운전자사고,2020070400100636,2020년 7월 4일 23시,토요일,부산광역시 기장군 정관읍,중상사고,0,1,0,0,차대사람 - 횡단중,안전운전불이행,건조,맑음,단일로 - 기타,승용,남,66세,상해없음,보행자,남,58세,중상
노인운전자사고,2020070500100031,2020년 7월 5일 01시,일요일,부산광역시 부산진구 양정동,경상사고,0,0,1,0,차량단독 - 기타,안전운전불이행,건조,기타,단일로 - 기타,승용,남,66세,상해없음,,,,
노인운전자사고,2020070500100084,2020년 7월 5일 07시,일요일,부산광역시 금정구 회동동,사망사고,1,0,0,0,차량단독 - 공작물충돌,안전운전불이행,건조,맑음,단일로 - 교량,승용,남,72세,사망,,,,
노인운전자사고,2020070500100137,2020년 7월 5일 11시,일요일,부산광역시 연제구 연산동,경상사고,0,0,1,0,차대차 - 기타,안전운전불이행,건조,맑음,교차로 - 교차로부근,승용,남,69세,상해없음,원동기,남,43세,경상
노인운전자사고,2020070500100313,2020년 7월 5일 17시,일요일,부산광역시 남구 용호동,중상사고,0,2,2,0,차대차 - 측면충돌,과속,건조,맑음,교차로 - 교차로안,승용,여,78세,기타불명,승용,남,53세,경상
노인운전자사고,2020070500100314,2020년 7월 5일 17시,일요일,부산광역시 수영구 수영동,경상사고,0,0,1,0,차대차 - 후진중충돌,안전운전불이행,건조,맑음,단일로 - 기타,승용,남,67세,상해없음,승용,남,39세,경상
노인운전자사고,2020070500100431,2020년 7월 5일 22시,일요일,부산광역시 서구 충무동1가,경상사고,0,0,1,0,차대차 - 측면충돌,안전거리미확보,건조,맑음,교차로 - 교차로부근,승용,남,80세,상해없음,승용,남,30세,경상
노인운전자사고,2020070600100126,2020년 7월 6일 09시,월요일,부산광역시 부산진구 양정동,중상사고,0,2,0,0,차대차 - 기타,안전운전불이행,건조,맑음,단일로 - 기타,이륜,남,68세,상해없음,승용,남,31세,중상
노인운전자사고,2020070600100234,2020년 7월 6일 12시,월요일,부산광역시 해운대구 재송동,중상사고,0,2,0,0,차대차 - 추돌,안전운전불이행,건조,맑음,단일로 - 기타,화물,남,67세,상해없음,승용,남,49세,중상
노인운전자사고,2020070600100262,2020년 7월 6일 13시,월요일,부산광역시 연제구 거제동,경상사고,0,0,1,0,차대차 - 측면충돌,안전거리미확보,건조,맑음,단일로 - 기타,특수,남,79세,상해없음,화물,남,38세,경상
노인운전자사고,2020070600100534,2020년 7월 6일 21시,월요일,부산광역시 연제구 연산동,중상사고,0,1,0,0,차대사람 - 기타,안전운전불이행,건조,맑음,단일로 - 기타,승용,남,76세,상해없음,보행자,남,57세,중상
노인운전자사고,2020070700100093,2020년 7월 7일 08시,화요일,부산광역시 해운대구 우동,경상사고,0,0,1,0,차대차 - 측면충돌,신호위반,건조,흐림,교차로 - 교차로안,승용,남,65세,상해없음,승용,남,31세,경상
노인운전자사고,2020070700100095,2020년 7월 7일 08시,화요일,부산광역시 연제구 연산동,중상사고,0,1,0,0,차대사람 - 기타,보행자보호의무위반,건조,맑음,교차로 - 교차로부근,승용,남,72세,상해없음,보행자,남,71세,중상
노인운전자사고,2020070700100134,2020년 7월 7일 09시,화요일,부산광역시 부산진구 범천동,경상사고,0,0,1,0,차대차 - 측면충돌,차로위반,건조,맑음,단일로 - 기타,승용,남,72세,상해없음,승용,남,37세,경상
노인운전자사고,2020070700100213,2020년 7월 7일 12시,화요일,부산광역시 부산진구 전포동,경상사고,0,0,1,0,차대사람 - 횡단중,보행자보호의무위반,건조,맑음,교차로 - 교차로부근,승용,남,75세,상해없음,보행자,남,64세,경상
노인운전자사고,2.02007E+15,2020년 7월 7일 17시,화요일,부산광역시 남구 용호동,부상신고사고,0,0,0,1,차대차 - 측면충돌,안전운전불이행,건조,맑음,교차로 - 교차로안,승용,남,66세,상해없음,이륜,남,18세,부상신고
노인운전자사고,2020070800100037,2020년 7월 8일 05시,수요일,부산광역시 부산진구 가야동,중상사고,0,1,0,0,차대사람 - 횡단중,안전운전불이행,건조,맑음,교차로 - 교차로안,승합,남,73세,상해없음,보행자,남,56세,중상
노인운전자사고,2.02007E+15,2020년 7월 8일 09시,수요일,부산광역시 북구 덕천동,중상사고,0,1,0,0,차대차 - 추돌,안전운전불이행,건조,맑음,단일로 - 기타,승용,남,70세,상해없음,승용,남,26세,중상
노인운전자사고,2020070800100131,2020년 7월 8일 09시,수요일,부산광역시 부산진구 부암동,중상사고,0,1,0,0,차대차 - 추돌,안전운전불이행,건조,맑음,기타 - 기타,승용,남,67세,상해없음,승용,여,57세,중상
노인운전자사고,2020070800100161,2020년 7월 8일 10시,수요일,부산광역시 기장군 일광면,경상사고,0,0,1,0,차대사람 - 횡단중,신호위반,건조,맑음,교차로 - 교차로안,승용,남,67세,상해없음,보행자,여,24세,경상
노인운전자사고,2020070800100294,2020년 7월 8일 14시,수요일,부산광역시 동래구 명륜동,경상사고,0,0,1,0,차대사람 - 횡단중,보행자보호의무위반,건조,맑음,교차로 - 교차로부근,승용,여,66세,상해없음,보행자,남,8세,경상
노인운전자사고,2020070800100373,2020년 7월 8일 16시,수요일,부산광역시 동래구 명륜동,경상사고,0,0,1,0,차대사람 - 차도통행중,안전운전불이행,건조,맑음,단일로 - 기타,승용,남,72세,상해없음,보행자,여,10세,경상