사고부문,사고번호,사고일시,요일,시군구,사고내용,사망자수,중상자수,경상자수,부상신고자수,사고유형,법규위반,노면상태,기상상태,도로형태,가해운전자 차종,가해운전자 성별,가해운전자 연령,가해운전자 상해정도,피해운전자 차종,피해운전자 성별,피해운전자 연령,피해운전자 상해정도
노인운전자사고,2020070800100545,2020년 7월 8일 20시,수요일,부산광역시 수영구 남천동,경상사고,0,0,1,0,차대차 - 측면충돌,안전거리미확보,건조,맑음,단일로 - 기타,승용,여,75세,상해없음,승용,남,44세,상해없음
노인운전자사고,2020070900100063,2020년 7월 9일 06시,목요일,부산광역시 부산진구 개금동,경상사고,0,0,2,0,차대차 - 기타,신호위반,건조,맑음,교차로 - 교차로안,승합,남,78세,상해없음,승용,남,35세,경상
노인운전자사고,2020070900100102,2020년 7월 9일 08시,목요일,부산광역시 연제구 연산동,경상사고,0,0,1,0,차대차 - 기타,안전운전불이행,건조,맑음,단일로 - 기타,승용,남,67세,상해없음,승용,여,68세,경상
노인운전자사고,2020070900100139,2020년 7월 9일 09시,목요일,부산광역시 연제구 연산동,경상사고,0,0,1,0,차대차 - 기타,불법유턴,건조,맑음,교차로 - 교차로횡단보도내,자전거,남,76세,경상,승용,남,48세,상해없음
노인운전자사고,2020070900100207,2020년 7월 9일 11시,목요일,부산광역시 연제구 거제동,경상사고,0,0,1,0,차대차 - 추돌,안전운전불이행,건조,맑음,단일로 - 기타,승용,남,67세,상해없음,승용,남,36세,경상
노인운전자사고,2020070900100278,2020년 7월 9일 13시,목요일,부산광역시 금정구 청룡동,중상사고,0,3,2,0,차대차 - 추돌,안전운전불이행,젖음/습기,비,교차로 - 교차로부근,승용,남,66세,기타불명,승용,여,48세,중상
노인운전자사고,2020070900100322,2020년 7월 9일 14시,목요일,부산광역시 동구 초량동,경상사고,0,0,3,1,차대차 - 측면충돌,안전운전불이행,건조,맑음,교차로 - 교차로안,승용,남,69세,부상신고,승용,남,52세,경상
노인운전자사고,2020071000100087,2020년 7월 10일 08시,금요일,부산광역시 연제구 연산동,경상사고,0,0,1,0,차대차 - 기타,직진우회전진행방해,젖음/습기,비,교차로 - 교차로안,승용,여,72세,상해없음,승용,남,30세,경상
노인운전자사고,2020071000100163,2020년 7월 10일 10시,금요일,부산광역시 사상구 감전동,중상사고,0,1,0,0,차대차 - 측면충돌,신호위반,젖음/습기,비,교차로 - 교차로안,화물,남,66세,상해없음,승용,남,49세,중상
노인운전자사고,2020071000100332,2020년 7월 10일 15시,금요일,부산광역시 동래구 온천동,중상사고,0,1,0,0,차대차 - 측면충돌,신호위반,건조,맑음,교차로 - 교차로안,승용,남,71세,상해없음,이륜,남,64세,중상
노인운전자사고,2020071000100425,2020년 7월 10일 17시,금요일,부산광역시 부산진구 개금동,경상사고,0,0,2,0,차대차 - 측면충돌,직진우회전진행방해,건조,맑음,교차로 - 교차로안,승합,남,70세,상해없음,승용,여,32세,경상
노인운전자사고,2020071000100428,2020년 7월 10일 17시,금요일,부산광역시 수영구 망미동,경상사고,0,0,1,0,차대차 - 측면충돌,직진우회전진행방해,건조,맑음,교차로 - 교차로부근,승용,남,70세,상해없음,자전거,남,53세,경상
노인운전자사고,2020071100100132,2020년 7월 11일 09시,토요일,부산광역시 해운대구 우동,경상사고,0,0,1,0,차대차 - 측면충돌,안전운전불이행,건조,맑음,단일로 - 기타,승용,남,75세,상해없음,이륜,남,38세,경상
노인운전자사고,2020071100100199,2020년 7월 11일 11시,토요일,부산광역시 남구 대연동,경상사고,0,0,1,0,차대차 - 측면충돌,안전거리미확보,건조,맑음,단일로 - 기타,승용,남,72세,상해없음,승용,남,54세,경상
노인운전자사고,2020071100100245,2020년 7월 11일 12시,토요일,부산광역시 해운대구 좌동,경상사고,0,0,1,0,차대차 - 측면충돌,안전거리미확보,건조,맑음,교차로 - 교차로부근,이륜,남,68세,경상,승용,여,51세,상해없음
노인운전자사고,2020071100100246,2020년 7월 11일 12시,토요일,부산광역시 강서구 대저1동,경상사고,0,0,1,0,차대차 - 기타,교차로운행방법위반,건조,맑음,교차로 - 교차로부근,승용,남,74세,상해없음,자전거,남,25세,경상
노인운전자사고,2020071100100292,2020년 7월 11일 13시,토요일,부산광역시 동래구 안락동,중상사고,0,1,0,0,차대사람 - 기타,안전운전불이행,건조,맑음,단일로 - 기타,승용,남,73세,상해없음,보행자,여,74세,중상
노인운전자사고,2020071100100294,2020년 7월 11일 13시,토요일,부산광역시 해운대구 반송동,경상사고,0,0,2,0,차대차 - 측면충돌,중앙선침범,건조,맑음,단일로 - 기타,화물,남,68세,상해없음,승용,남,33세,경상
노인운전자사고,2020071100100441,2020년 7월 11일 17시,토요일,부산광역시 남구 용호동,경상사고,0,0,1,0,차대차 - 기타,안전운전불이행,건조,맑음,기타 - 기타,승용,여,77세,상해없음,승용,여,61세,경상
노인운전자사고,2020071100100442,2020년 7월 11일 17시,토요일,부산광역시 동래구 명륜동,경상사고,0,0,1,0,차대차 - 측면충돌,신호위반,건조,맑음,교차로 - 교차로안,승용,남,71세,상해없음,이륜,남,20세,경상
노인운전자사고,2020071200100085,2020년 7월 12일 08시,일요일,부산광역시 사하구 하단동,경상사고,0,0,1,0,차대차 - 측면충돌,교차로운행방법위반,건조,맑음,교차로 - 교차로안,원동기,남,67세,경상,승용,남,52세,상해없음
노인운전자사고,2020071200100094,2020년 7월 12일 09시,일요일,부산광역시 부산진구 부전동,중상사고,0,1,1,0,차대사람 - 보도통행중,기타,건조,맑음,기타 - 기타,승용,남,74세,상해없음,보행자,여,53세,중상
노인운전자사고,2020071300100002,2020년 7월 13일 00시,월요일,부산광역시 동래구 사직동,경상사고,0,0,1,0,차대차 - 측면충돌,안전운전불이행,젖음/습기,비,단일로 - 기타,이륜,남,71세,상해없음,이륜,남,35세,경상
노인운전자사고,2020071300100163,2020년 7월 13일 10시,월요일,부산광역시 북구 덕천동,경상사고,0,0,1,0,차대차 - 기타,안전거리미확보,젖음/습기,비,단일로 - 기타,승용,남,81세,상해없음,승용,남,75세,상해없음
노인운전자사고,2020071300100164,2020년 7월 13일 10시,월요일,부산광역시 동래구 안락동,경상사고,0,0,1,0,차대차 - 기타,안전거리미확보,젖음/습기,비,단일로 - 기타,승용,남,65세,상해없음,승용,남,36세,경상
노인운전자사고,2020071300100166,2020년 7월 13일 10시,월요일,부산광역시 사상구 괘법동,경상사고,0,0,1,0,차대차 - 추돌,안전운전불이행,젖음/습기,비,교차로 - 교차로안,화물,남,65세,상해없음,화물,남,58세,경상
노인운전자사고,2020071300100193,2020년 7월 13일 11시,월요일,부산광역시 남구 대연동,경상사고,0,0,1,0,차대사람 - 차도통행중,중앙선침범,젖음/습기,비,단일로 - 기타,승용,여,74세,상해없음,보행자,여,67세,경상
노인운전자사고,2020071300100261,2020년 7월 13일 13시,월요일,부산광역시 해운대구 우동,중상사고,0,1,0,0,차대차 - 기타,안전거리미확보,건조,맑음,단일로 - 기타,승용,남,75세,상해없음,승용,남,63세,중상
노인운전자사고,2020071300100423,2020년 7월 13일 18시,월요일,부산광역시 북구 덕천동,부상신고사고,0,0,0,1,차대차 - 추돌,안전거리미확보,젖음/습기,흐림,단일로 - 기타,승용,남,67세,상해없음,화물,남,66세,부상신고
노인운전자사고,2020071400100064,2020년 7월 14일 04시,화요일,부산광역시 금정구 부곡동,경상사고,0,0,2,1,차대차 - 기타,안전운전불이행,젖음/습기,비,단일로 - 기타,화물,남,65세,부상신고,승용,남,38세,경상
노인운전자사고,2020071400100092,2020년 7월 14일 07시,화요일,부산광역시 서구 암남동,중상사고,0,1,0,0,차대사람 - 차도통행중,안전운전불이행,젖음/습기,비,단일로 - 기타,승용,남,67세,상해없음,보행자,남,42세,중상
노인운전자사고,2020071400100154,2020년 7월 14일 09시,화요일,부산광역시 영도구 봉래동3가,중상사고,0,1,1,0,차대차 - 기타,안전운전불이행,젖음/습기,비,단일로 - 기타,승용,남,70세,중상,승용,남,63세,경상
노인운전자사고,2020071400100281,2020년 7월 14일 13시,화요일,부산광역시 동래구 안락동,경상사고,0,0,1,0,차대차 - 측면충돌,안전운전불이행,건조,맑음,교차로 - 교차로안,승용,남,67세,상해없음,승용,여,56세,경상
노인운전자사고,2020071500100002,2020년 7월 15일 00시,수요일,부산광역시 북구 만덕동,경상사고,0,0,2,0,차대차 - 기타,신호위반,건조,맑음,교차로 - 교차로안,승용,남,69세,상해없음,이륜,남,28세,경상
노인운전자사고,2020071500100091,2020년 7월 15일 08시,수요일,부산광역시 사하구 장림동,경상사고,0,0,1,0,차대차 - 측면충돌,안전운전불이행,건조,맑음,단일로 - 기타,건설기계,남,66세,상해없음,이륜,남,52세,경상
노인운전자사고,2020071500100503,2020년 7월 15일 19시,수요일,부산광역시 서구 충무동1가,경상사고,0,0,2,0,차대차 - 측면충돌,차로위반,건조,맑음,단일로 - 기타,원동기,남,65세,경상,승용,여,22세,경상
노인운전자사고,2020071500100597,2020년 7월 15일 22시,수요일,부산광역시 사하구 하단동,중상사고,0,1,0,0,차대사람 - 차도통행중,안전운전불이행,건조,맑음,단일로 - 기타,승용,남,65세,상해없음,보행자,여,57세,중상
노인운전자사고,2020071600100241,2020년 7월 16일 12시,목요일,부산광역시 북구 구포동,경상사고,0,0,1,0,차대차 - 기타,안전거리미확보,건조,맑음,단일로 - 기타,승용,남,65세,상해없음,승용,남,49세,경상
노인운전자사고,2020071600100393,2020년 7월 16일 16시,목요일,부산광역시 수영구 망미동,부상신고사고,0,0,0,1,차대사람 - 기타,불법유턴,건조,맑음,교차로 - 교차로안,승용,남,67세,상해없음,보행자,여,17세,부상신고
노인운전자사고,2020071600100431,2020년 7월 16일 17시,목요일,부산광역시 동래구 온천동,경상사고,0,0,1,0,차대차 - 기타,안전거리미확보,건조,맑음,단일로 - 기타,건설기계,남,68세,상해없음,승용,남,46세,경상
노인운전자사고,2020071600100432,2020년 7월 16일 17시,목요일,부산광역시 동래구 온천동,경상사고,0,0,1,0,차대차 - 기타,안전운전불이행,건조,맑음,교차로 - 교차로부근,승용,남,71세,상해없음,승합,남,48세,상해없음
노인운전자사고,2020071600100564,2020년 7월 16일 20시,목요일,부산광역시 중구 중앙동3가,중상사고,0,1,0,0,차대차 - 기타,교차로운행방법위반,건조,맑음,교차로 - 교차로안,이륜,남,66세,중상,승용,남,42세,상해없음
노인운전자사고,2020071600100567,2020년 7월 16일 20시,목요일,부산광역시 사하구 괴정동,경상사고,0,0,1,0,차대사람 - 차도통행중,안전운전불이행,건조,맑음,단일로 - 지하차도(도로)내,승용,남,66세,상해없음,보행자,여,17세,경상
노인운전자사고,2020071700100067,2020년 7월 17일 07시,금요일,부산광역시 해운대구 중동,중상사고,0,1,0,0,차대사람 - 기타,안전운전불이행,건조,맑음,교차로 - 교차로안,승용,남,69세,상해없음,보행자,여,48세,중상
노인운전자사고,2020071700100086,2020년 7월 17일 08시,금요일,부산광역시 수영구 남천동,부상신고사고,0,0,0,1,차대차 - 기타,안전운전불이행,건조,맑음,교차로 - 교차로부근,승용,남,66세,상해없음,승용,남,26세,부상신고
노인운전자사고,2020071700100091,2020년 7월 17일 08시,금요일,부산광역시 강서구 강동동,경상사고,0,0,1,0,차대차 - 측면충돌,안전운전불이행,건조,맑음,단일로 - 기타,자전거,남,77세,경상,승용,여,67세,상해없음
노인운전자사고,2020071700100182,2020년 7월 17일 11시,금요일,부산광역시 부산진구 부전동,경상사고,0,0,1,0,차대차 - 측면충돌,신호위반,건조,맑음,교차로 - 교차로안,승용,남,67세,상해없음,승용,여,47세,경상
노인운전자사고,2020071700100255,2020년 7월 17일 13시,금요일,부산광역시 서구 부민동1가,경상사고,0,0,1,0,차대차 - 측면충돌,안전거리미확보,건조,맑음,단일로 - 기타,원동기,남,77세,경상,승합,남,62세,상해없음
노인운전자사고,2020071700100256,2020년 7월 17일 13시,금요일,부산광역시 금정구 부곡동,경상사고,0,0,1,0,차대차 - 측면충돌,신호위반,건조,맑음,교차로 - 교차로안,승용,여,70세,상해없음,승용,남,42세,경상
노인운전자사고,2020071700100293,2020년 7월 17일 14시,금요일,부산광역시 금정구 선동,중상사고,0,1,0,0,차대사람 - 기타,안전운전불이행,건조,맑음,단일로 - 기타,자전거,여,65세,중상,보행자,남,51세,상해없음
노인운전자사고,2020071700100432,2020년 7월 17일 17시,금요일,부산광역시 북구 덕천동,경상사고,0,0,1,0,차대차 - 기타,안전운전불이행,건조,맑음,교차로 - 교차로횡단보도내,승합,남,81세,상해없음,승용,여,40세,경상
노인운전자사고,2020071700100434,2020년 7월 17일 17시,금요일,부산광역시 금정구 부곡동,중상사고,0,2,1,0,차대차 - 측면충돌,안전거리미확보,건조,맑음,단일로 - 기타,승용,남,70세,상해없음,화물,남,41세,중상
노인운전자사고,2.02007E+15,2020년 7월 18일 08시,토요일,부산광역시 사상구 괘법동,경상사고,0,0,1,0,차량단독 - 기타,안전운전불이행,건조,맑음,단일로 - 기타,승용,남,72세,상해없음,,,,
노인운전자사고,2020071800100117,2020년 7월 18일 09시,토요일,부산광역시 동구 초량동,중상사고,0,1,0,0,차대차 - 기타,기타,건조,맑음,단일로 - 기타,승용,남,71세,상해없음,자전거,여,55세,중상
노인운전자사고,2020071800100118,2020년 7월 18일 09시,토요일,부산광역시 기장군 기장읍,중상사고,0,1,1,0,차대차 - 측면충돌,안전거리미확보,건조,맑음,단일로 - 기타,승용,남,74세,기타불명,승용,남,40세,중상
노인운전자사고,2020071800100147,2020년 7월 18일 10시,토요일,부산광역시 동구 좌천동,경상사고,0,0,1,0,차대차 - 추돌,안전거리미확보,건조,맑음,단일로 - 기타,승용,남,73세,상해없음,승용,남,59세,상해없음
노인운전자사고,2020071800100249,2020년 7월 18일 13시,토요일,부산광역시 동래구 온천동,경상사고,0,0,1,0,차대차 - 측면충돌,교차로운행방법위반,건조,맑음,교차로 - 교차로안,승용,여,71세,상해없음,승용,남,28세,경상
노인운전자사고,2020071800100417,2020년 7월 18일 17시,토요일,부산광역시 북구 만덕동,사망사고,1,1,0,1,차량단독 - 공작물충돌,안전운전불이행,건조,맑음,단일로 - 기타,승용,남,82세,부상신고,,,,
노인운전자사고,2020071900100055,2020년 7월 19일 04시,일요일,부산광역시 수영구 남천동,중상사고,0,1,0,0,차량단독 - 기타,안전운전불이행,건조,기타,교차로 - 교차로안,원동기,남,87세,중상,,,,
노인운전자사고,2.02007E+15,2020년 7월 19일 15시,일요일,부산광역시 북구 구포동,중상사고,0,1,0,0,차대사람 - 보도통행중,기타,건조,맑음,교차로 - 교차로부근,승용,남,68세,상해없음,보행자,여,74세,중상
노인운전자사고,2020072000100044,2020년 7월 20일 06시,월요일,부산광역시 사상구 엄궁동,경상사고,0,0,2,0,차대차 - 측면충돌,안전운전불이행,건조,맑음,단일로 - 기타,승용,여,69세,상해없음,승용,남,37세,경상
노인운전자사고,2020072000100213,2020년 7월 20일 12시,월요일,부산광역시 영도구 남항동1가,경상사고,0,0,1,0,차대차 - 추돌,안전운전불이행,건조,맑음,교차로 - 교차로부근,이륜,남,80세,경상,승용,남,66세,상해없음
노인운전자사고,2020072000100275,2020년 7월 20일 14시,월요일,부산광역시 사하구 괴정동,경상사고,0,0,1,0,차대사람 - 기타,안전운전불이행,건조,맑음,단일로 - 기타,승용,여,67세,상해없음,보행자,남,61세,경상
노인운전자사고,2020072000100522,2020년 7월 20일 22시,월요일,부산광역시 해운대구 좌동,부상신고사고,0,0,0,1,차대차 - 기타,안전운전불이행,건조,흐림,기타 - 기타,이륜,남,75세,부상신고,승용,남,42세,상해없음
노인운전자사고,2020072100100024,2020년 7월 21일 01시,화요일,부산광역시 동래구 사직동,중상사고,0,1,0,0,차대사람 - 횡단중,안전운전불이행,건조,맑음,단일로 - 기타,승합,남,74세,상해없음,보행자,남,61세,중상
노인운전자사고,2020072100100155,2020년 7월 21일 10시,화요일,부산광역시 서구 동대신동2가,중상사고,0,1,0,0,차대차 - 측면충돌,안전운전불이행,건조,맑음,단일로 - 기타,화물,남,71세,상해없음,이륜,남,59세,중상
노인운전자사고,2020072100100156,2020년 7월 21일 10시,화요일,부산광역시 강서구 대저1동,중상사고,0,1,0,0,차대차 - 측면충돌,직진우회전진행방해,건조,맑음,교차로 - 교차로안,화물,남,68세,상해없음,자전거,여,80세,중상
노인운전자사고,2020072100100191,2020년 7월 21일 11시,화요일,부산광역시 중구 동광동5가,중상사고,0,1,0,0,차대사람 - 횡단중,안전운전불이행,건조,맑음,단일로 - 기타,승용,남,65세,상해없음,보행자,남,70세,중상
노인운전자사고,2020072100100268,2020년 7월 21일 13시,화요일,부산광역시 금정구 부곡동,경상사고,0,0,1,0,차대사람 - 기타,안전운전불이행,건조,맑음,교차로 - 교차로안,승용,남,65세,상해없음,보행자,여,41세,경상
노인운전자사고,2020072100100306,2020년 7월 21일 14시,화요일,부산광역시 북구 덕천동,중상사고,0,1,0,0,차대사람 - 기타,중앙선침범,건조,맑음,교차로 - 교차로안,승용,남,68세,상해없음,보행자,여,86세,중상
노인운전자사고,2020072100100382,2020년 7월 21일 16시,화요일,부산광역시 강서구 대저2동,경상사고,0,0,1,0,차대차 - 기타,기타,건조,맑음,교차로 - 교차로안,화물,남,67세,상해없음,화물,남,55세,경상
노인운전자사고,2020072100100539,2020년 7월 21일 20시,화요일,부산광역시 부산진구 개금동,중상사고,0,1,1,0,차대차 - 추돌,안전운전불이행,젖음/습기,비,단일로 - 기타,승용,남,68세,상해없음,승용,남,57세,중상
노인운전자사고,2020072100100617,2020년 7월 21일 23시,화요일,부산광역시 금정구 남산동,중상사고,0,1,0,0,차대사람 - 기타,안전운전불이행,젖음/습기,비,단일로 - 기타,승용,남,65세,상해없음,보행자,남,60세,중상
노인운전자사고,2020072200100086,2020년 7월 22일 07시,수요일,부산광역시 강서구 미음동,중상사고,0,1,0,0,차대차 - 추돌,안전거리미확보,젖음/습기,비,단일로 - 기타,화물,남,77세,상해없음,승용,남,41세,중상
노인운전자사고,2020072200100115,2020년 7월 22일 08시,수요일,부산광역시 부산진구 당감동,경상사고,0,0,1,0,차대차 - 측면충돌,안전거리미확보,젖음/습기,비,단일로 - 기타,승용,남,70세,상해없음,이륜,남,41세,경상
노인운전자사고,2020072200100202,2020년 7월 22일 10시,수요일,부산광역시 수영구 망미동,경상사고,0,0,1,0,차대차 - 기타,차로위반,젖음/습기,비,교차로 - 교차로부근,승용,남,77세,상해없음,승용,여,63세,경상
노인운전자사고,2020072200100264,2020년 7월 22일 12시,수요일,부산광역시 금정구 남산동,경상사고,0,0,1,0,차대사람 - 차도통행중,안전운전불이행,건조,맑음,단일로 - 터널,승용,남,72세,상해없음,보행자,남,34세,경상
노인운전자사고,2020072200100292,2020년 7월 22일 13시,수요일,부산광역시 해운대구 재송동,경상사고,0,0,1,0,차대차 - 측면충돌,안전거리미확보,젖음/습기,흐림,단일로 - 기타,승용,남,66세,상해없음,승용,여,37세,경상
노인운전자사고,2020072200100364,2020년 7월 22일 15시,수요일,부산광역시 강서구 성북동,경상사고,0,0,2,0,차대차 - 측면충돌,직진우회전진행방해,젖음/습기,흐림,교차로 - 교차로안,승용,남,73세,상해없음,승용,여,55세,경상
노인운전자사고,2020072200100477,2020년 7월 22일 18시,수요일,부산광역시 연제구 연산동,부상신고사고,0,0,0,3,차대차 - 측면충돌,안전거리미확보,건조,맑음,단일로 - 기타,화물,남,66세,상해없음,승용,남,45세,부상신고
노인운전자사고,2020072200100566,2020년 7월 22일 20시,수요일,부산광역시 사상구 덕포동,경상사고,0,0,1,0,차대사람 - 보도통행중,신호위반,건조,흐림,교차로 - 교차로횡단보도내,승용,남,70세,상해없음,보행자,여,30세,경상
노인운전자사고,2020072200100654,2020년 7월 22일 23시,수요일,부산광역시 연제구 연산동,경상사고,0,0,1,0,차대차 - 기타,안전거리미확보,젖음/습기,비,교차로 - 교차로부근,승용,남,76세,상해없음,승용,여,45세,경상
노인운전자사고,2020072300100065,2020년 7월 23일 06시,목요일,부산광역시 기장군 철마면,경상사고,0,0,1,0,차대차 - 측면충돌,신호위반,건조,맑음,교차로 - 교차로안,승용,남,65세,상해없음,승용,남,68세,경상
노인운전자사고,2.02007E+15,2020년 7월 23일 08시,목요일,부산광역시 해운대구 반여동,경상사고,0,0,1,0,차대차 - 측면충돌,안전거리미확보,건조,맑음,단일로 - 기타,승용,남,70세,상해없음,승용,남,63세,경상
노인운전자사고,2020072300100243,2020년 7월 23일 13시,목요일,부산광역시 동래구 명장동,경상사고,0,0,2,0,차대차 - 추돌,안전운전불이행,젖음/습기,맑음,교차로 - 교차로부근,화물,남,69세,상해없음,승용,남,69세,경상
노인운전자사고,2.02007E+15,2020년 7월 23일 19시,목요일,부산광역시 기장군 기장읍,경상사고,0,0,1,0,차대차 - 기타,차로위반,젖음/습기,비,단일로 - 기타,승용,남,66세,상해없음,이륜,남,35세,경상
노인운전자사고,2020072300100677,2020년 7월 23일 23시,목요일,부산광역시 동구 초량동,중상사고,0,1,0,0,차대차 - 기타,안전운전불이행,젖음/습기,비,단일로 - 기타,승용,남,79세,상해없음,이륜,남,40세,중상
노인운전자사고,2020072400100072,2020년 7월 24일 07시,금요일,부산광역시 사상구 감전동,부상신고사고,0,0,0,1,차대차 - 기타,안전운전불이행,젖음/습기,흐림,단일로 - 기타,이륜,남,69세,부상신고,승용,남,49세,기타불명
노인운전자사고,2020072400100237,2020년 7월 24일 13시,금요일,부산광역시 부산진구 가야동,중상사고,0,1,0,0,차대차 - 기타,안전운전불이행,건조,맑음,교차로 - 교차로부근,승용,남,75세,상해없음,이륜,남,63세,중상
노인운전자사고,2020072400100258,2020년 7월 24일 14시,금요일,부산광역시 금정구 부곡동,경상사고,0,0,3,0,차대차 - 기타,차로위반,건조,맑음,단일로 - 기타,화물,남,70세,상해없음,승용,남,58세,경상
노인운전자사고,2.02007E+15,2020년 7월 24일 18시,금요일,부산광역시 남구 대연동,부상신고사고,0,0,0,1,차대사람 - 길가장자리구역통행중,안전운전불이행,건조,맑음,교차로 - 교차로부근,승용,여,65세,상해없음,보행자,여,9세,부상신고
노인운전자사고,2020072500100236,2020년 7월 25일 12시,토요일,부산광역시 부산진구 전포동,경상사고,0,0,1,0,차량단독 - 기타,안전운전불이행,건조,흐림,교차로 - 교차로안,승용,남,76세,상해없음,,,,
노인운전자사고,2020072500100273,2020년 7월 25일 13시,토요일,부산광역시 사하구 하단동,경상사고,0,0,1,0,차대차 - 추돌,안전운전불이행,건조,맑음,단일로 - 기타,승용,남,71세,상해없음,승용,여,53세,경상
노인운전자사고,2020072500100315,2020년 7월 25일 14시,토요일,부산광역시 사상구 모라동,경상사고,0,0,2,0,차대차 - 후진중충돌,안전운전불이행,건조,맑음,단일로 - 기타,승용,남,66세,기타불명,승용,남,40세,경상
노인운전자사고,2020072600100035,2020년 7월 26일 02시,일요일,부산광역시 사하구 괴정동,경상사고,0,0,1,0,차량단독 - 기타,안전운전불이행,건조,맑음,단일로 - 기타,승용,남,70세,상해없음,,,,
노인운전자사고,2020072600100078,2020년 7월 26일 07시,일요일,부산광역시 강서구 강동동,경상사고,0,0,1,0,차대차 - 측면충돌,안전운전불이행,건조,맑음,교차로 - 교차로안,승용,남,70세,상해없음,화물,남,65세,경상
노인운전자사고,2020072600100133,2020년 7월 26일 11시,일요일,부산광역시 기장군 장안읍,경상사고,0,0,1,0,차대차 - 정면충돌,교차로운행방법위반,건조,맑음,교차로 - 교차로안,이륜,남,72세,경상,화물,남,59세,상해없음
노인운전자사고,2020072600100213,2020년 7월 26일 14시,일요일,부산광역시 금정구 두구동,부상신고사고,0,0,0,1,차대차 - 기타,안전운전불이행,건조,맑음,교차로 - 교차로안,이륜,남,82세,부상신고,승용,남,36세,상해없음
노인운전자사고,2020072600100339,2020년 7월 26일 18시,일요일,부산광역시 동래구 온천동,중상사고,0,1,0,0,차대차 - 기타,기타,건조,맑음,단일로 - 기타,승용,여,68세,중상,화물,남,59세,기타불명
노인운전자사고,2020072600100373,2020년 7월 26일 19시,일요일,부산광역시 남구 대연동,중상사고,0,1,0,0,차대차 - 기타,안전운전불이행,건조,맑음,기타 - 기타,승용,남,67세,상해없음,이륜,남,45세,중상
노인운전자사고,2020072600100374,2020년 7월 26일 19시,일요일,부산광역시 북구 구포동,중상사고,0,1,1,0,차대차 - 기타,안전운전불이행,건조,맑음,단일로 - 기타,승용,남,69세,상해없음,승용,남,29세,경상
노인운전자사고,2020072700100086,2020년 7월 27일 08시,월요일,부산광역시 부산진구 양정동,경상사고,0,0,1,0,차대사람 - 기타,안전운전불이행,젖음/습기,비,단일로 - 기타,화물,남,82세,상해없음,보행자,남,55세,경상
노인운전자사고,2020072700100192,2020년 7월 27일 11시,월요일,부산광역시 서구 암남동,경상사고,0,0,1,0,차대차 - 추돌,안전거리미확보,젖음/습기,비,교차로 - 교차로부근,승용,남,71세,상해없음,승합,남,37세,경상
노인운전자사고,2020072700100266,2020년 7월 27일 13시,월요일,부산광역시 동래구 명륜동,경상사고,0,0,1,0,차대차 - 기타,안전운전불이행,건조,맑음,단일로 - 기타,승용,남,72세,상해없음,승용,남,68세,상해없음
노인운전자사고,2020072700100348,2020년 7월 27일 15시,월요일,부산광역시 사상구 모라동,경상사고,0,0,2,0,차대차 - 측면충돌,안전운전불이행,건조,맑음,교차로 - 교차로안,화물,남,65세,경상,화물,남,48세,경상
노인운전자사고,2020072700100525,2020년 7월 27일 20시,월요일,부산광역시 부산진구 양정동,중상사고,0,1,0,0,차대사람 - 횡단중,안전운전불이행,젖음/습기,비,교차로 - 교차로안,승용,여,70세,상해없음,보행자,여,60세,중상
노인운전자사고,2020072700100607,2020년 7월 27일 23시,월요일,부산광역시 사하구 괴정동,중상사고,0,1,0,0,차대사람 - 기타,안전운전불이행,젖음/습기,비,단일로 - 지하차도(도로)내,승용,남,73세,상해없음,보행자,남,40세,중상
노인운전자사고,2020072800100069,2020년 7월 28일 07시,화요일,부산광역시 사상구 엄궁동,경상사고,0,0,1,0,차대차 - 측면충돌,차로위반,젖음/습기,비,교차로 - 교차로부근,승용,남,65세,기타불명,승용,남,62세,경상
노인운전자사고,2020072800100142,2020년 7월 28일 10시,화요일,부산광역시 동래구 안락동,경상사고,0,0,1,1,차대차 - 추돌,안전운전불이행,건조,맑음,단일로 - 기타,승용,남,77세,부상신고,승용,남,46세,경상
노인운전자사고,2020072800100272,2020년 7월 28일 15시,화요일,부산광역시 남구 대연동,경상사고,0,0,1,0,차대차 - 추돌,기타,건조,기타,단일로 - 터널,승용,남,68세,상해없음,승용,남,36세,경상
노인운전자사고,2020072800100575,2020년 7월 28일 23시,화요일,부산광역시 영도구 영선동3가,중상사고,0,1,0,0,차대차 - 추돌,안전운전불이행,젖음/습기,비,단일로 - 기타,승용,남,75세,상해없음,승용,남,57세,중상
노인운전자사고,2020072900100098,2020년 7월 29일 08시,수요일,부산광역시 사하구 하단동,경상사고,0,0,1,0,차대차 - 기타,안전운전불이행,건조,맑음,교차로 - 교차로부근,화물,남,69세,상해없음,이륜,남,65세,경상
노인운전자사고,2020072900100132,2020년 7월 29일 09시,수요일,부산광역시 강서구 명지동,중상사고,0,2,4,0,차대차 - 추돌,안전운전불이행,건조,맑음,교차로 - 교차로부근,화물,남,70세,상해없음,승용,남,42세,중상