사고부문,사고번호,사고일시,요일,시군구,사고내용,사망자수,중상자수,경상자수,부상신고자수,사고유형,법규위반,노면상태,기상상태,도로형태,가해운전자 차종,가해운전자 성별,가해운전자 연령,가해운전자 상해정도,피해운전자 차종,피해운전자 성별,피해운전자 연령,피해운전자 상해정도
노인운전자사고,2020072900100161,2020년 7월 29일 10시,수요일,부산광역시 부산진구 부전동,경상사고,0,0,1,0,차대차 - 기타,안전운전불이행,건조,맑음,교차로 - 교차로안,승용,남,71세,상해없음,승합,남,40세,경상
노인운전자사고,2020072900100225,2020년 7월 29일 12시,수요일,부산광역시 동래구 안락동,경상사고,0,0,1,0,차대차 - 측면충돌,안전운전불이행,건조,맑음,단일로 - 기타,승용,남,77세,상해없음,이륜,남,28세,경상
노인운전자사고,2020072900100332,2020년 7월 29일 15시,수요일,부산광역시 동구 범일동,중상사고,0,1,1,0,차대차 - 기타,안전운전불이행,젖음/습기,비,단일로 - 터널,특수,남,70세,상해없음,특수,남,56세,중상
노인운전자사고,2020072900100439,2020년 7월 29일 18시,수요일,부산광역시 강서구 송정동,중상사고,0,1,1,0,차대차 - 기타,안전운전불이행,건조,맑음,교차로 - 교차로안,승용,남,72세,중상,승용,남,60세,경상
노인운전자사고,2020072900100493,2020년 7월 29일 20시,수요일,부산광역시 중구 남포동6가,중상사고,0,1,0,0,차대사람 - 횡단중,안전운전불이행,젖음/습기,비,단일로 - 기타,승용,남,66세,상해없음,보행자,남,79세,중상
노인운전자사고,2020073000100051,2020년 7월 30일 04시,목요일,부산광역시 수영구 망미동,중상사고,0,1,0,0,차량단독 - 공작물충돌,안전운전불이행,젖음/습기,비,교차로 - 교차로부근,승용,남,77세,중상,,,,
노인운전자사고,2020073000100281,2020년 7월 30일 14시,목요일,부산광역시 동구 범일동,중상사고,0,1,0,0,차대차 - 기타,안전운전불이행,건조,맑음,단일로 - 기타,승용,여,68세,상해없음,이륜,남,45세,중상
노인운전자사고,2020073000100283,2020년 7월 30일 14시,목요일,부산광역시 해운대구 우동,경상사고,0,0,1,0,차대차 - 측면충돌,안전운전불이행,건조,맑음,단일로 - 기타,승용,남,75세,상해없음,승용,남,61세,경상
노인운전자사고,2020073000100317,2020년 7월 30일 15시,목요일,부산광역시 동구 초량동,부상신고사고,0,0,0,1,차대사람 - 기타,안전운전불이행,건조,맑음,단일로 - 기타,승용,남,75세,상해없음,보행자,여,65세,부상신고
노인운전자사고,2020073000100385,2020년 7월 30일 17시,목요일,부산광역시 해운대구 우동,경상사고,0,0,1,0,차대차 - 측면충돌,안전거리미확보,건조,맑음,단일로 - 기타,승용,여,68세,상해없음,승용,여,50세,경상
노인운전자사고,2020073000100503,2020년 7월 30일 20시,목요일,부산광역시 동래구 온천동,중상사고,0,1,0,0,차대사람 - 차도통행중,안전운전불이행,젖음/습기,비,교차로 - 교차로안,승용,남,65세,상해없음,보행자,여,26세,중상
노인운전자사고,2020073100100279,2020년 7월 31일 14시,금요일,부산광역시 동구 초량동,부상신고사고,0,0,0,1,차대차 - 기타,신호위반,건조,맑음,교차로 - 교차로안,승용,남,77세,부상신고,특수,남,60세,상해없음
노인운전자사고,2020073100100405,2020년 7월 31일 17시,금요일,부산광역시 기장군 정관읍,경상사고,0,0,2,0,차대사람 - 횡단중,신호위반,건조,맑음,교차로 - 교차로횡단보도내,원동기,남,67세,상해없음,보행자,여,7세,경상
노인운전자사고,2020073100100551,2020년 7월 31일 20시,금요일,부산광역시 북구 만덕동,경상사고,0,0,3,0,차대차 - 추돌,안전거리미확보,건조,맑음,단일로 - 기타,승용,여,65세,상해없음,승용,남,36세,경상
노인운전자사고,2020080100100073,2020년 8월 1일 05시,토요일,부산광역시 부산진구 가야동,중상사고,0,1,0,0,차대사람 - 횡단중,안전운전불이행,건조,맑음,단일로 - 기타,승용,남,67세,상해없음,보행자,여,77세,중상
노인운전자사고,2020080100100136,2020년 8월 1일 10시,토요일,부산광역시 사상구 모라동,경상사고,0,0,2,0,차대차 - 측면충돌,차로위반,건조,맑음,단일로 - 기타,화물,남,66세,상해없음,승합,여,56세,상해없음
노인운전자사고,2020080100100323,2020년 8월 1일 15시,토요일,부산광역시 부산진구 초읍동,중상사고,0,1,0,0,차대차 - 측면충돌,안전운전불이행,건조,맑음,교차로 - 교차로안,승용,남,81세,상해없음,화물,남,65세,중상
노인운전자사고,2020080100100324,2020년 8월 1일 15시,토요일,부산광역시 금정구 서동,중상사고,0,1,0,0,차대차 - 측면충돌,직진우회전진행방해,건조,맑음,교차로 - 교차로안,승용,남,70세,상해없음,승용,남,47세,상해없음
노인운전자사고,2020080100100468,2020년 8월 1일 19시,토요일,부산광역시 사상구 괘법동,경상사고,0,0,1,0,차대차 - 기타,안전운전불이행,건조,맑음,교차로 - 교차로안,승용,남,66세,상해없음,이륜,남,23세,경상
노인운전자사고,2020080200100237,2020년 8월 2일 16시,일요일,부산광역시 기장군 일광면,경상사고,0,0,1,1,차대차 - 정면충돌,안전운전불이행,건조,흐림,교차로 - 교차로안,승용,남,74세,상해없음,승용,남,41세,경상
노인운전자사고,2020080200100362,2020년 8월 2일 21시,일요일,부산광역시 부산진구 당감동,경상사고,0,0,2,0,차대차 - 측면충돌,안전거리미확보,건조,맑음,교차로 - 교차로안,승용,남,72세,기타불명,승용,남,29세,경상
노인운전자사고,2020080200100363,2020년 8월 2일 21시,일요일,부산광역시 연제구 연산동,중상사고,0,1,2,0,차대차 - 측면충돌,과속,건조,맑음,교차로 - 교차로부근,승용,여,72세,중상,승용,남,60세,경상
노인운전자사고,2020080300100014,2020년 8월 3일 02시,월요일,부산광역시 북구 화명동,경상사고,0,0,4,0,차대차 - 기타,신호위반,건조,맑음,교차로 - 교차로안,승용,남,67세,경상,승용,남,30세,경상
노인운전자사고,2020080300100088,2020년 8월 3일 08시,월요일,부산광역시 동구 초량동,중상사고,0,1,3,0,차대차 - 측면충돌,안전운전불이행,건조,맑음,단일로 - 기타,승용,남,66세,경상,승용,남,62세,중상
노인운전자사고,2020080300100146,2020년 8월 3일 10시,월요일,부산광역시 사상구 감전동,경상사고,0,0,1,0,차대차 - 측면충돌,안전운전불이행,건조,맑음,교차로 - 교차로안,이륜,남,72세,경상,화물,남,67세,상해없음
노인운전자사고,2020080300100173,2020년 8월 3일 11시,월요일,부산광역시 동래구 수안동,경상사고,0,0,1,0,차대차 - 측면충돌,안전운전불이행,건조,맑음,단일로 - 기타,승용,남,73세,상해없음,승용,남,27세,경상
노인운전자사고,2.02008E+15,2020년 8월 3일 16시,월요일,부산광역시 사하구 다대동,경상사고,0,0,3,0,차대차 - 기타,신호위반,건조,맑음,교차로 - 교차로안,승용,남,67세,경상,승용,남,47세,경상
노인운전자사고,2020080300100403,2020년 8월 3일 17시,월요일,부산광역시 수영구 광안동,경상사고,0,0,1,0,차대사람 - 기타,보행자보호의무위반,건조,맑음,교차로 - 교차로횡단보도내,승용,여,70세,상해없음,보행자,남,57세,경상
노인운전자사고,2020080300100438,2020년 8월 3일 18시,월요일,부산광역시 남구 감만동,경상사고,0,0,2,0,차대차 - 추돌,안전거리미확보,건조,맑음,단일로 - 고가도로위,승용,남,65세,상해없음,승용,남,18세,경상
노인운전자사고,2020080400100169,2020년 8월 4일 11시,화요일,부산광역시 강서구 명지동,경상사고,0,0,1,0,차대차 - 기타,안전운전불이행,건조,맑음,단일로 - 기타,승용,여,72세,경상,화물,남,59세,상해없음
노인운전자사고,2.02008E+15,2020년 8월 4일 11시,화요일,부산광역시 사상구 모라동,경상사고,0,0,1,0,차대사람 - 횡단중,안전운전불이행,건조,맑음,단일로 - 기타,승용,남,68세,상해없음,보행자,남,7세,경상
노인운전자사고,2020080400100195,2020년 8월 4일 12시,화요일,부산광역시 부산진구 당감동,경상사고,0,0,1,0,차대차 - 측면충돌,차로위반,건조,맑음,단일로 - 기타,승용,남,77세,상해없음,승용,남,61세,경상
노인운전자사고,2020080400100196,2020년 8월 4일 12시,화요일,부산광역시 사하구 장림동,경상사고,0,0,2,1,차대차 - 추돌,안전운전불이행,건조,맑음,단일로 - 기타,승용,남,76세,부상신고,화물,남,38세,상해없음
노인운전자사고,2020080400100228,2020년 8월 4일 13시,화요일,부산광역시 해운대구 좌동,중상사고,0,1,0,0,차대차 - 추돌,안전거리미확보,건조,맑음,단일로 - 고가도로위,화물,남,77세,기타불명,화물,남,28세,중상
노인운전자사고,2020080400100336,2020년 8월 4일 16시,화요일,부산광역시 금정구 남산동,경상사고,0,0,2,0,차대차 - 측면충돌,안전운전불이행,건조,맑음,교차로 - 교차로안,승용,여,66세,상해없음,승용,남,65세,경상
노인운전자사고,2020080400100337,2020년 8월 4일 16시,화요일,부산광역시 사하구 괴정동,경상사고,0,0,1,0,차대사람 - 횡단중,기타,건조,맑음,단일로 - 기타,승용,남,69세,상해없음,보행자,남,7세,경상
노인운전자사고,2020080500100156,2020년 8월 5일 11시,수요일,부산광역시 사하구 괴정동,경상사고,0,0,1,0,차대차 - 기타,안전운전불이행,건조,맑음,단일로 - 지하차도(도로)내,승용,남,77세,상해없음,승합,남,54세,경상
노인운전자사고,2020080500100287,2020년 8월 5일 15시,수요일,부산광역시 부산진구 전포동,경상사고,0,0,1,0,차대차 - 기타,신호위반,건조,흐림,교차로 - 교차로안,승용,여,77세,상해없음,이륜,남,34세,경상
노인운전자사고,2020080500100471,2020년 8월 5일 20시,수요일,부산광역시 동구 좌천동,경상사고,0,0,1,0,차대차 - 측면충돌,교차로운행방법위반,젖음/습기,흐림,교차로 - 교차로안,승용,남,68세,상해없음,승용,남,27세,상해없음
노인운전자사고,2020080600100258,2020년 8월 6일 13시,목요일,부산광역시 동구 범일동,경상사고,0,0,1,0,차대차 - 추돌,안전운전불이행,젖음/습기,비,단일로 - 기타,승용,남,65세,상해없음,승용,여,32세,경상
노인운전자사고,2020080600100336,2020년 8월 6일 15시,목요일,부산광역시 사하구 감천동,경상사고,0,0,1,0,차대차 - 측면충돌,안전운전불이행,건조,흐림,교차로 - 교차로안,특수,남,67세,상해없음,화물,남,46세,경상
노인운전자사고,2020080600100376,2020년 8월 6일 16시,목요일,부산광역시 사하구 괴정동,중상사고,0,1,0,0,차대차 - 기타,안전운전불이행,건조,맑음,기타 - 기타,승용,남,76세,상해없음,이륜,남,42세,중상
노인운전자사고,2020080600100527,2020년 8월 6일 21시,목요일,부산광역시 해운대구 반여동,부상신고사고,0,0,0,1,차량단독 - 공작물충돌,안전운전불이행,건조,맑음,교차로 - 교차로부근,이륜,남,67세,부상신고,,,,
노인운전자사고,2020080700100097,2020년 8월 7일 08시,금요일,부산광역시 금정구 부곡동,경상사고,0,0,1,0,차대차 - 추돌,안전운전불이행,건조,맑음,교차로 - 교차로부근,승용,남,68세,상해없음,승용,여,44세,경상
노인운전자사고,2020080800100348,2020년 8월 8일 16시,토요일,부산광역시 사상구 덕포동,부상신고사고,0,0,0,1,차대사람 - 기타,보행자보호의무위반,건조,맑음,교차로 - 교차로안,승용,남,68세,상해없음,보행자,여,29세,부상신고
노인운전자사고,2020080800100378,2020년 8월 8일 17시,토요일,부산광역시 서구 암남동,경상사고,0,0,1,0,차대차 - 측면충돌,안전거리미확보,젖음/습기,흐림,단일로 - 기타,승용,남,70세,상해없음,승용,남,38세,경상
노인운전자사고,2020080800100379,2020년 8월 8일 17시,토요일,부산광역시 부산진구 범천동,중상사고,0,1,0,0,차대차 - 측면충돌,중앙선침범,건조,맑음,단일로 - 기타,이륜,남,66세,상해없음,승용,남,60세,상해없음
노인운전자사고,2020080800100478,2020년 8월 8일 20시,토요일,부산광역시 중구 남포동4가,부상신고사고,0,0,0,1,차대차 - 측면충돌,차로위반,건조,맑음,단일로 - 기타,승용,남,74세,상해없음,승용,남,58세,부상신고
노인운전자사고,2020080900100083,2020년 8월 9일 07시,일요일,부산광역시 사상구 감전동,중상사고,0,1,0,0,차대사람 - 기타,안전운전불이행,건조,맑음,단일로 - 기타,승용,남,65세,기타불명,보행자,여,61세,중상
노인운전자사고,2.02008E+15,2020년 8월 9일 11시,일요일,부산광역시 해운대구 중동,경상사고,0,0,2,0,차대차 - 측면충돌,기타,건조,맑음,단일로 - 기타,승용,남,69세,상해없음,승용,여,50세,경상
노인운전자사고,2020080900100162,2020년 8월 9일 13시,일요일,부산광역시 기장군 기장읍,경상사고,0,0,3,0,차대차 - 추돌,안전운전불이행,건조,맑음,교차로 - 교차로부근,승용,남,66세,상해없음,승용,남,67세,경상
노인운전자사고,2020080900100223,2020년 8월 9일 15시,일요일,부산광역시 기장군 정관읍,부상신고사고,0,0,0,4,차대차 - 기타,신호위반,젖음/습기,비,교차로 - 교차로안,이륜,남,67세,상해없음,승용,남,36세,부상신고
노인운전자사고,2.02008E+15,2020년 8월 9일 16시,일요일,부산광역시 해운대구 중동,경상사고,0,0,3,0,차대차 - 기타,안전운전불이행,젖음/습기,비,단일로 - 기타,승용,남,79세,상해없음,승용,여,59세,경상
노인운전자사고,2020080900100285,2020년 8월 9일 17시,일요일,부산광역시 해운대구 좌동,경상사고,0,0,3,0,차대차 - 측면충돌,안전운전불이행,건조,맑음,교차로 - 교차로부근,승용,남,68세,상해없음,승용,여,27세,경상
노인운전자사고,2020080900100427,2020년 8월 9일 22시,일요일,부산광역시 동래구 명륜동,경상사고,0,0,1,0,차대차 - 측면충돌,안전운전불이행,젖음/습기,비,단일로 - 기타,승용,남,68세,상해없음,승용,여,24세,경상
노인운전자사고,2020081000100141,2020년 8월 10일 10시,월요일,부산광역시 영도구 영선동4가,중상사고,0,1,0,0,차량단독 - 공작물충돌,안전운전불이행,건조,맑음,단일로 - 기타,승용,남,71세,상해없음,,,,
노인운전자사고,2020081000100163,2020년 8월 10일 11시,월요일,부산광역시 동래구 온천동,경상사고,0,0,1,0,차대차 - 기타,안전운전불이행,젖음/습기,흐림,교차로 - 교차로부근,승용,남,75세,상해없음,자전거,남,61세,경상
노인운전자사고,2020081000100191,2020년 8월 10일 12시,월요일,부산광역시 동구 수정동,경상사고,0,0,1,0,차대사람 - 보도통행중,기타,건조,맑음,단일로 - 기타,원동기,남,72세,상해없음,보행자,여,19세,경상
노인운전자사고,2020081000100364,2020년 8월 10일 17시,월요일,부산광역시 동래구 온천동,경상사고,0,0,1,0,차대사람 - 횡단중,보행자보호의무위반,젖음/습기,비,교차로 - 교차로횡단보도내,승용,남,67세,상해없음,보행자,여,67세,경상
노인운전자사고,2020081000100471,2020년 8월 10일 20시,월요일,부산광역시 부산진구 전포동,중상사고,0,1,0,0,차대사람 - 횡단중,보행자보호의무위반,건조,맑음,교차로 - 교차로안,승용,남,75세,상해없음,보행자,여,70세,중상
노인운전자사고,2020081100100111,2020년 8월 11일 08시,화요일,부산광역시 서구 동대신동1가,경상사고,0,0,1,0,차대차 - 측면충돌,차로위반,건조,흐림,교차로 - 교차로부근,승용,여,65세,상해없음,승용,여,47세,경상
노인운전자사고,2020081100100221,2020년 8월 11일 11시,화요일,부산광역시 서구 부용동2가,경상사고,0,0,1,0,차대차 - 측면충돌,교차로운행방법위반,건조,맑음,교차로 - 교차로안,승용,남,92세,상해없음,승용,남,26세,경상
노인운전자사고,2020081100100225,2020년 8월 11일 11시,화요일,부산광역시 사상구 주례동,경상사고,0,0,1,0,차대차 - 측면충돌,안전운전불이행,건조,맑음,교차로 - 교차로부근,승용,남,70세,상해없음,승용,남,68세,경상
노인운전자사고,2020081100100319,2020년 8월 11일 14시,화요일,부산광역시 사하구 하단동,경상사고,0,0,1,0,차대차 - 추돌,직진우회전진행방해,건조,맑음,교차로 - 교차로안,승용,남,73세,경상,승용,여,39세,상해없음
노인운전자사고,2020081100100385,2020년 8월 11일 16시,화요일,부산광역시 연제구 연산동,중상사고,0,1,2,0,차대차 - 기타,안전운전불이행,건조,맑음,단일로 - 기타,승용,남,70세,중상,승용,여,43세,상해없음
노인운전자사고,2020081100100556,2020년 8월 11일 21시,화요일,부산광역시 해운대구 좌동,중상사고,0,1,0,0,차대사람 - 횡단중,보행자보호의무위반,건조,맑음,교차로 - 교차로횡단보도내,승용,남,80세,상해없음,보행자,여,56세,중상
노인운전자사고,2020081100100558,2020년 8월 11일 21시,화요일,부산광역시 금정구 부곡동,경상사고,0,0,1,0,차대차 - 측면충돌,신호위반,건조,맑음,교차로 - 교차로안,승용,남,66세,상해없음,승용,남,38세,경상
노인운전자사고,2020081200100004,2020년 8월 12일 00시,수요일,부산광역시 부산진구 개금동,중상사고,0,1,0,0,차대차 - 측면충돌,신호위반,젖음/습기,흐림,단일로 - 기타,승용,남,65세,상해없음,원동기,남,30세,중상
노인운전자사고,2020081200100022,2020년 8월 12일 02시,수요일,부산광역시 사하구 구평동,경상사고,0,0,1,0,차대차 - 추돌,안전운전불이행,젖음/습기,비,단일로 - 기타,승용,남,66세,상해없음,승용,남,22세,경상
노인운전자사고,2020081200100085,2020년 8월 12일 08시,수요일,부산광역시 동래구 사직동,경상사고,0,0,1,0,차대차 - 측면충돌,안전거리미확보,건조,맑음,교차로 - 교차로안,승용,남,65세,상해없음,승용,남,77세,상해없음
노인운전자사고,2020081200100086,2020년 8월 12일 08시,수요일,부산광역시 해운대구 우동,경상사고,0,0,1,0,차대차 - 추돌,안전거리미확보,건조,맑음,단일로 - 기타,승용,여,71세,기타불명,승용,남,41세,경상
노인운전자사고,2020081200100262,2020년 8월 12일 13시,수요일,부산광역시 사하구 신평동,중상사고,0,1,0,0,차대차 - 기타,안전운전불이행,젖음/습기,맑음,단일로 - 기타,승용,남,74세,상해없음,이륜,남,37세,중상
노인운전자사고,2020081200100369,2020년 8월 12일 16시,수요일,부산광역시 해운대구 중동,경상사고,0,0,3,0,차대차 - 기타,안전거리미확보,건조,맑음,단일로 - 기타,승용,남,80세,상해없음,승용,여,47세,경상
노인운전자사고,2020081300100108,2020년 8월 13일 09시,목요일,부산광역시 기장군 장안읍,중상사고,0,2,1,0,차대차 - 추돌,안전거리미확보,건조,맑음,단일로 - 기타,화물,남,68세,중상,승용,남,46세,상해없음
노인운전자사고,2020081300100132,2020년 8월 13일 10시,목요일,부산광역시 강서구 대저2동,경상사고,0,0,1,0,차대차 - 기타,안전거리미확보,건조,맑음,교차로 - 교차로안,승용,남,71세,상해없음,화물,남,25세,경상
노인운전자사고,2020081300100171,2020년 8월 13일 11시,목요일,부산광역시 해운대구 우동,부상신고사고,0,0,0,1,차대차 - 기타,안전운전불이행,건조,맑음,교차로 - 교차로부근,승용,여,67세,상해없음,이륜,남,39세,부상신고
노인운전자사고,2020081300100244,2020년 8월 13일 13시,목요일,부산광역시 사상구 덕포동,경상사고,0,0,1,0,차대차 - 기타,차로위반,건조,맑음,단일로 - 기타,승용,남,69세,상해없음,승용,여,48세,상해없음
노인운전자사고,2020081300100314,2020년 8월 13일 15시,목요일,부산광역시 해운대구 재송동,경상사고,0,0,1,0,차대차 - 기타,안전운전불이행,건조,맑음,단일로 - 교량,승용,남,74세,상해없음,승용,여,48세,상해없음
노인운전자사고,2020081300100403,2020년 8월 13일 17시,목요일,부산광역시 해운대구 우동,경상사고,0,0,1,0,차대차 - 측면충돌,교차로운행방법위반,건조,맑음,교차로 - 교차로안,승용,여,69세,상해없음,화물,남,30세,경상
노인운전자사고,2020081300100405,2020년 8월 13일 17시,목요일,부산광역시 사하구 다대동,중상사고,0,1,0,0,차대차 - 기타,안전운전불이행,건조,맑음,교차로 - 교차로안,승용,남,65세,상해없음,이륜,남,73세,중상
노인운전자사고,2020081400100105,2020년 8월 14일 08시,금요일,부산광역시 사상구 엄궁동,경상사고,0,0,1,0,차대차 - 기타,안전운전불이행,건조,맑음,교차로 - 교차로부근,승용,남,70세,상해없음,이륜,남,30세,경상
노인운전자사고,2020081400100168,2020년 8월 14일 10시,금요일,부산광역시 부산진구 부전동,경상사고,0,0,1,0,차대차 - 기타,교차로운행방법위반,건조,맑음,기타 - 기타,승용,여,74세,상해없음,승용,여,54세,경상
노인운전자사고,2020081400100207,2020년 8월 14일 11시,금요일,부산광역시 사상구 주례동,중상사고,0,1,0,0,차대차 - 기타,차로위반,건조,맑음,단일로 - 기타,승용,남,65세,상해없음,승합,남,63세,상해없음
노인운전자사고,2020081400100289,2020년 8월 14일 13시,금요일,부산광역시 연제구 거제동,중상사고,0,1,0,0,차대차 - 추돌,안전거리미확보,건조,맑음,단일로 - 기타,승용,남,78세,상해없음,승용,남,23세,중상
노인운전자사고,2020081400100336,2020년 8월 14일 14시,금요일,부산광역시 수영구 망미동,경상사고,0,0,2,0,차대차 - 추돌,안전거리미확보,건조,맑음,단일로 - 기타,승용,여,72세,상해없음,승용,여,28세,경상
노인운전자사고,2020081400100373,2020년 8월 14일 15시,금요일,부산광역시 부산진구 범천동,경상사고,0,0,1,0,차대차 - 측면충돌,안전거리미확보,건조,맑음,단일로 - 기타,승용,남,72세,상해없음,승용,남,27세,경상
노인운전자사고,2020081400100454,2020년 8월 14일 17시,금요일,부산광역시 사하구 신평동,경상사고,0,0,1,0,차대차 - 후진중충돌,안전운전불이행,건조,맑음,단일로 - 기타,승용,남,75세,상해없음,승용,여,42세,경상
노인운전자사고,2020081400100455,2020년 8월 14일 17시,금요일,부산광역시 사상구 감전동,중상사고,0,1,0,0,차대차 - 기타,신호위반,건조,맑음,교차로 - 교차로부근,승용,남,70세,상해없음,자전거,남,57세,중상
노인운전자사고,2020081400100506,2020년 8월 14일 18시,금요일,부산광역시 영도구 청학동,경상사고,0,0,1,0,차대차 - 기타,안전운전불이행,건조,맑음,단일로 - 기타,승용,남,68세,상해없음,이륜,남,26세,경상
노인운전자사고,2020081400100662,2020년 8월 14일 22시,금요일,부산광역시 부산진구 당감동,경상사고,0,0,1,0,차대차 - 측면충돌,안전운전불이행,건조,맑음,교차로 - 교차로부근,승용,남,70세,상해없음,이륜,남,32세,경상
노인운전자사고,2020081500100097,2020년 8월 15일 06시,토요일,부산광역시 서구 아미동2가,경상사고,0,0,1,1,차대차 - 측면충돌,직진우회전진행방해,건조,맑음,교차로 - 교차로안,승용,남,73세,부상신고,승용,여,62세,경상
노인운전자사고,2.02008E+15,2020년 8월 15일 11시,토요일,부산광역시 수영구 남천동,경상사고,0,0,1,0,차대차 - 기타,안전운전불이행,건조,맑음,교차로 - 교차로부근,승용,남,68세,상해없음,승용,남,35세,경상
노인운전자사고,2020081500100181,2020년 8월 15일 11시,토요일,부산광역시 사상구 학장동,경상사고,0,0,1,0,차대차 - 측면충돌,안전거리미확보,건조,맑음,단일로 - 지하차도(도로)내,승용,남,68세,상해없음,승용,남,41세,경상
노인운전자사고,2020081500100219,2020년 8월 15일 12시,토요일,부산광역시 부산진구 범전동,경상사고,0,0,1,0,차대사람 - 횡단중,안전운전불이행,건조,맑음,단일로 - 기타,승용,남,65세,상해없음,보행자,남,58세,경상
노인운전자사고,2.02008E+15,2020년 8월 15일 12시,토요일,부산광역시 사하구 장림동,중상사고,0,1,0,0,차대차 - 기타,안전운전불이행,건조,맑음,단일로 - 지하차도(도로)내,이륜,남,74세,중상,승용,남,45세,상해없음
노인운전자사고,2020081500100415,2020년 8월 15일 18시,토요일,부산광역시 사상구 주례동,중상사고,0,1,0,0,차대사람 - 횡단중,보행자보호의무위반,건조,맑음,단일로 - 기타,승용,남,68세,상해없음,보행자,남,46세,중상
노인운전자사고,2020081600100022,2020년 8월 16일 01시,일요일,부산광역시 사하구 다대동,경상사고,0,0,1,0,차대사람 - 기타,안전운전불이행,건조,맑음,단일로 - 기타,승용,남,69세,상해없음,보행자,남,42세,경상
노인운전자사고,2020081600100095,2020년 8월 16일 08시,일요일,부산광역시 기장군 기장읍,경상사고,0,0,2,0,차대차 - 측면충돌,중앙선침범,건조,맑음,교차로 - 교차로부근,화물,남,70세,기타불명,승용,남,47세,경상
노인운전자사고,2020081600100149,2020년 8월 16일 11시,일요일,부산광역시 서구 동대신동3가,경상사고,0,0,3,0,차대차 - 측면충돌,교차로운행방법위반,건조,맑음,교차로 - 교차로부근,승용,남,71세,상해없음,승용,남,41세,경상
노인운전자사고,2020081600100478,2020년 8월 16일 21시,일요일,부산광역시 중구 부평동1가,경상사고,0,0,1,0,차대차 - 기타,기타,건조,맑음,단일로 - 지하차도(도로)내,승용,남,65세,상해없음,승용,남,43세,기타불명
노인운전자사고,2020081600100521,2020년 8월 16일 23시,일요일,부산광역시 부산진구 개금동,중상사고,0,1,0,0,차대차 - 기타,안전거리미확보,건조,맑음,단일로 - 기타,화물,남,72세,상해없음,이륜,남,43세,중상
노인운전자사고,2020081700100022,2020년 8월 17일 04시,월요일,부산광역시 해운대구 중동,부상신고사고,0,0,0,1,차량단독 - 기타,차로위반,건조,맑음,단일로 - 기타,승용,남,73세,상해없음,,,,
노인운전자사고,2020081700100023,2020년 8월 17일 04시,월요일,부산광역시 부산진구 양정동,경상사고,0,0,1,0,차대차 - 기타,교차로운행방법위반,건조,맑음,교차로 - 교차로안,승용,남,68세,상해없음,승용,남,75세,상해없음
노인운전자사고,2020081700100115,2020년 8월 17일 10시,월요일,부산광역시 남구 문현동,중상사고,0,1,0,0,차대차 - 측면충돌,직진우회전진행방해,건조,맑음,교차로 - 교차로안,화물,남,66세,상해없음,이륜,여,55세,중상
노인운전자사고,2020081700100116,2020년 8월 17일 10시,월요일,부산광역시 기장군 정관면,사망사고,1,1,0,0,차량단독 - 도로외이탈 - 추락,안전운전불이행,건조,맑음,단일로 - 기타,승용,남,71세,상해없음,,,,
노인운전자사고,2020081700100143,2020년 8월 17일 11시,월요일,부산광역시 해운대구 반여동,경상사고,0,0,1,0,차대차 - 측면충돌,안전운전불이행,건조,맑음,주차장 - 주차장,승용,여,68세,상해없음,승용,여,44세,경상
노인운전자사고,2020081700100145,2020년 8월 17일 11시,월요일,부산광역시 사상구 엄궁동,경상사고,0,0,1,0,차대차 - 측면충돌,안전운전불이행,건조,맑음,교차로 - 교차로안,승용,남,71세,기타불명,승용,남,63세,경상
노인운전자사고,2020081700100174,2020년 8월 17일 12시,월요일,부산광역시 수영구 광안동,경상사고,0,0,3,0,차대차 - 추돌,안전운전불이행,건조,맑음,단일로 - 기타,화물,남,68세,상해없음,승용,여,62세,경상
노인운전자사고,2020081700100216,2020년 8월 17일 13시,월요일,부산광역시 북구 화명동,경상사고,0,0,1,0,차대차 - 측면충돌,기타,건조,맑음,교차로 - 교차로횡단보도내,승용,남,72세,상해없음,자전거,남,10세,경상
노인운전자사고,2020081700100251,2020년 8월 17일 14시,월요일,부산광역시 동래구 사직동,경상사고,0,0,1,0,차대차 - 기타,안전운전불이행,건조,맑음,단일로 - 기타,승용,남,65세,상해없음,이륜,남,40세,경상
노인운전자사고,2020081700100253,2020년 8월 17일 14시,월요일,부산광역시 기장군 장안읍,중상사고,0,1,2,0,차대차 - 측면충돌,교차로운행방법위반,건조,맑음,단일로 - 기타,승용,남,71세,경상,승용,남,24세,경상
노인운전자사고,2020081700100373,2020년 8월 17일 17시,월요일,부산광역시 금정구 장전동,경상사고,0,0,1,1,차대차 - 기타,안전운전불이행,건조,맑음,기타 - 기타,승용,여,68세,부상신고,승용,남,60세,경상
노인운전자사고,2020081700100374,2020년 8월 17일 17시,월요일,부산광역시 금정구 금사동,경상사고,0,0,1,0,차대차 - 기타,교차로운행방법위반,건조,맑음,교차로 - 교차로안,승용,남,66세,기타불명,승합,남,60세,상해없음
노인운전자사고,2020081800100128,2020년 8월 18일 09시,화요일,부산광역시 사상구 주례동,부상신고사고,0,0,0,1,차대차 - 측면충돌,차로위반,건조,맑음,단일로 - 기타,승용,남,67세,상해없음,승용,남,62세,부상신고