사고부문,사고번호,사고일시,요일,시군구,사고내용,사망자수,중상자수,경상자수,부상신고자수,사고유형,법규위반,노면상태,기상상태,도로형태,가해운전자 차종,가해운전자 성별,가해운전자 연령,가해운전자 상해정도,피해운전자 차종,피해운전자 성별,피해운전자 연령,피해운전자 상해정도
노인운전자사고,2020081800100155,2020년 8월 18일 10시,화요일,부산광역시 영도구 신선동3가,경상사고,0,0,1,0,차대차 - 기타,안전운전불이행,건조,맑음,교차로 - 교차로안,승용,여,66세,상해없음,자전거,남,86세,경상
노인운전자사고,2020081900100066,2020년 8월 19일 07시,수요일,부산광역시 수영구 망미동,중상사고,0,1,0,0,차대차 - 측면충돌,안전거리미확보,건조,맑음,교차로 - 교차로안,화물,남,66세,상해없음,승용,여,31세,중상
노인운전자사고,2020081900100088,2020년 8월 19일 08시,수요일,부산광역시 금정구 부곡동,경상사고,0,0,1,0,차대차 - 측면충돌,안전운전불이행,건조,맑음,단일로 - 기타,승용,남,75세,상해없음,승용,남,25세,경상
노인운전자사고,2020081900100089,2020년 8월 19일 08시,수요일,부산광역시 사하구 장림동,중상사고,0,1,0,0,차대차 - 측면충돌,교차로운행방법위반,건조,맑음,교차로 - 교차로부근,이륜,남,77세,중상,승용,남,43세,상해없음
노인운전자사고,2020081900100193,2020년 8월 19일 11시,수요일,부산광역시 강서구 명지동,부상신고사고,0,0,0,1,차대차 - 측면충돌,안전운전불이행,건조,맑음,단일로 - 기타,화물,남,65세,상해없음,승합,남,46세,상해없음
노인운전자사고,2020081900100275,2020년 8월 19일 13시,수요일,부산광역시 남구 감만동,중상사고,0,1,0,0,차대차 - 측면충돌,안전거리미확보,건조,맑음,단일로 - 기타,이륜,남,72세,중상,승용,여,47세,상해없음
노인운전자사고,2020081900100395,2020년 8월 19일 16시,수요일,부산광역시 부산진구 초읍동,부상신고사고,0,0,0,1,차대차 - 기타,안전거리미확보,건조,맑음,교차로 - 교차로안,이륜,남,68세,부상신고,승용,남,50세,상해없음
노인운전자사고,2020081900100632,2020년 8월 19일 22시,수요일,부산광역시 연제구 연산동,중상사고,0,1,0,0,차대차 - 기타,기타,건조,맑음,단일로 - 기타,승용,남,68세,상해없음,자전거,남,52세,중상
노인운전자사고,2.02008E+15,2020년 8월 20일 10시,목요일,부산광역시 영도구 봉래동1가,경상사고,0,0,1,0,차대차 - 측면충돌,안전운전불이행,건조,맑음,단일로 - 기타,승용,남,68세,상해없음,승용,여,50세,경상
노인운전자사고,2020082000100273,2020년 8월 20일 13시,목요일,부산광역시 동구 범일동,부상신고사고,0,0,0,1,차대사람 - 기타,안전운전불이행,건조,맑음,단일로 - 기타,승용,남,67세,상해없음,보행자,여,48세,부상신고
노인운전자사고,2020082000100275,2020년 8월 20일 13시,목요일,부산광역시 남구 대연동,경상사고,0,0,1,0,차대차 - 추돌,안전운전불이행,건조,맑음,교차로 - 교차로안,승용,남,67세,상해없음,승용,여,57세,경상
노인운전자사고,2.02008E+15,2020년 8월 20일 13시,목요일,부산광역시 강서구 신호동,경상사고,0,0,1,0,차대차 - 측면충돌,안전운전불이행,건조,맑음,교차로 - 교차로부근,승용,여,69세,상해없음,승용,남,28세,경상
노인운전자사고,2020082000100361,2020년 8월 20일 15시,목요일,부산광역시 부산진구 가야동,경상사고,0,0,1,0,차대차 - 기타,안전거리미확보,건조,맑음,단일로 - 기타,승용,남,65세,상해없음,승합,남,43세,상해없음
노인운전자사고,2020082000100428,2020년 8월 20일 17시,목요일,부산광역시 남구 대연동,중상사고,0,1,0,0,차량단독 - 공작물충돌,안전운전불이행,건조,맑음,기타 - 기타,승용,여,76세,상해없음,,,,
노인운전자사고,2020082000100476,2020년 8월 20일 18시,목요일,부산광역시 동래구 온천동,경상사고,0,0,1,0,차대차 - 기타,안전운전불이행,건조,맑음,단일로 - 기타,자전거,여,68세,경상,승용,남,53세,상해없음
노인운전자사고,2020082000100623,2020년 8월 20일 23시,목요일,부산광역시 사상구 감전동,경상사고,0,0,2,0,차대차 - 추돌,안전운전불이행,건조,맑음,기타 - 기타,승용,남,66세,상해없음,승용,남,60세,경상
노인운전자사고,2020082100100016,2020년 8월 21일 01시,금요일,부산광역시 부산진구 범천동,중상사고,0,2,0,0,차대차 - 추돌,안전운전불이행,건조,맑음,교차로 - 교차로부근,승용,남,66세,중상,승용,남,34세,상해없음
노인운전자사고,2020082100100092,2020년 8월 21일 08시,금요일,부산광역시 사하구 하단동,경상사고,0,0,1,0,차대차 - 기타,안전거리미확보,건조,맑음,기타 - 기타,건설기계,남,65세,상해없음,승용,여,34세,경상
노인운전자사고,2020082100100282,2020년 8월 21일 14시,금요일,부산광역시 사하구 장림동,경상사고,0,0,1,0,차대차 - 기타,안전운전불이행,건조,맑음,교차로 - 교차로부근,승용,남,72세,상해없음,화물,남,38세,경상
노인운전자사고,2020082100100283,2020년 8월 21일 14시,금요일,부산광역시 강서구 송정동,경상사고,0,0,1,0,차대차 - 기타,신호위반,건조,맑음,교차로 - 교차로안,화물,남,70세,상해없음,승용,여,47세,경상
노인운전자사고,2020082100100465,2020년 8월 21일 19시,금요일,부산광역시 중구 동광동3가,경상사고,0,0,2,0,차대차 - 측면충돌,안전거리미확보,건조,맑음,단일로 - 기타,승용,남,68세,상해없음,승용,남,33세,경상
노인운전자사고,2020082100100517,2020년 8월 21일 20시,금요일,부산광역시 금정구 구서동,경상사고,0,0,1,0,차대차 - 기타,안전운전불이행,건조,맑음,교차로 - 교차로안,승용,남,67세,상해없음,이륜,남,26세,경상
노인운전자사고,2020082100100555,2020년 8월 21일 21시,금요일,부산광역시 부산진구 연지동,경상사고,0,0,3,1,차대차 - 추돌,안전운전불이행,건조,맑음,기타 - 기타,승용,남,66세,상해없음,승용,남,52세,경상
노인운전자사고,2020082200100167,2020년 8월 22일 10시,토요일,부산광역시 영도구 봉래동2가,중상사고,0,2,0,0,차대차 - 측면충돌,신호위반,건조,맑음,단일로 - 기타,승용,남,77세,상해없음,승용,남,47세,중상
노인운전자사고,2.02008E+15,2020년 8월 22일 11시,토요일,부산광역시 동래구 안락동,경상사고,0,0,1,0,차대차 - 기타,안전운전불이행,건조,맑음,단일로 - 기타,승합,남,72세,상해없음,자전거,남,52세,경상
노인운전자사고,2020082200100254,2020년 8월 22일 13시,토요일,부산광역시 수영구 남천동,경상사고,0,0,1,0,차대차 - 기타,안전거리미확보,건조,맑음,단일로 - 기타,승용,남,69세,상해없음,승용,여,45세,경상
노인운전자사고,2020082300100054,2020년 8월 23일 04시,일요일,부산광역시 부산진구 부전동,경상사고,0,0,3,0,차대차 - 기타,신호위반,건조,맑음,교차로 - 교차로안,승용,남,68세,상해없음,승용,남,65세,경상
노인운전자사고,2020082300100169,2020년 8월 23일 13시,일요일,부산광역시 강서구 송정동,경상사고,0,0,1,0,차대차 - 추돌,안전운전불이행,건조,맑음,단일로 - 기타,승용,남,66세,상해없음,승용,남,46세,경상
노인운전자사고,2020082300100417,2020년 8월 23일 21시,일요일,부산광역시 부산진구 범천동,중상사고,0,1,0,0,차대사람 - 기타,안전운전불이행,건조,맑음,교차로 - 교차로부근,승용,남,70세,상해없음,보행자,남,50세,중상
노인운전자사고,2020082400100047,2020년 8월 24일 06시,월요일,부산광역시 수영구 망미동,경상사고,0,0,1,0,차대사람 - 횡단중,과속,건조,맑음,교차로 - 교차로횡단보도내,승용,남,68세,상해없음,보행자,남,18세,경상
노인운전자사고,2020082400100093,2020년 8월 24일 08시,월요일,부산광역시 동래구 사직동,경상사고,0,0,1,0,차대차 - 측면충돌,안전운전불이행,건조,맑음,단일로 - 기타,승용,남,65세,상해없음,승용,남,60세,경상
노인운전자사고,2020082400100135,2020년 8월 24일 09시,월요일,부산광역시 동구 범일동,경상사고,0,0,1,0,차대사람 - 차도통행중,안전운전불이행,건조,맑음,교차로 - 교차로안,승용,남,67세,상해없음,보행자,남,73세,경상
노인운전자사고,2020082400100169,2020년 8월 24일 10시,월요일,부산광역시 강서구 범방동,경상사고,0,0,1,0,차대차 - 추돌,안전거리미확보,건조,맑음,단일로 - 기타,화물,남,70세,상해없음,승용,남,34세,경상
노인운전자사고,2020082400100269,2020년 8월 24일 13시,월요일,부산광역시 수영구 남천동,경상사고,0,0,2,0,차대차 - 측면충돌,안전운전불이행,건조,맑음,단일로 - 기타,화물,남,66세,상해없음,승용,남,30세,경상
노인운전자사고,2020082500100039,2020년 8월 25일 04시,화요일,부산광역시 강서구 대저1동,중상사고,0,1,0,0,차대차 - 기타,중앙선침범,건조,맑음,단일로 - 기타,승용,남,67세,상해없음,승용,남,38세,중상
노인운전자사고,2020082500100043,2020년 8월 25일 05시,화요일,부산광역시 동구 초량동,부상신고사고,0,0,0,1,차대차 - 기타,안전운전불이행,건조,맑음,단일로 - 기타,승용,남,74세,상해없음,기타불명,기타불명,미분류,기타불명
노인운전자사고,2020082500100136,2020년 8월 25일 09시,화요일,부산광역시 동래구 온천동,경상사고,0,0,2,0,차대차 - 기타,안전거리미확보,건조,맑음,단일로 - 기타,승용,남,67세,상해없음,승용,남,60세,경상
노인운전자사고,2020082500100288,2020년 8월 25일 13시,화요일,부산광역시 기장군 기장읍,경상사고,0,0,1,0,차대차 - 측면충돌,신호위반,건조,맑음,교차로 - 교차로부근,승용,남,77세,기타불명,승용,여,34세,경상
노인운전자사고,2020082500100357,2020년 8월 25일 15시,화요일,부산광역시 중구 부평동1가,중상사고,0,1,0,0,차대사람 - 기타,안전운전불이행,건조,맑음,기타 - 기타,이륜,남,66세,상해없음,보행자,여,75세,중상
노인운전자사고,2.02008E+15,2020년 8월 25일 15시,화요일,부산광역시 사상구 모라동,경상사고,0,0,2,0,차대차 - 기타,안전운전불이행,건조,맑음,교차로 - 교차로부근,승용,남,73세,상해없음,승용,여,51세,상해없음
노인운전자사고,2020082600100163,2020년 8월 26일 11시,수요일,부산광역시 사하구 괴정동,경상사고,0,0,1,0,차대차 - 기타,안전운전불이행,건조,맑음,단일로 - 기타,화물,남,69세,상해없음,자전거,여,37세,경상
노인운전자사고,2020082600100297,2020년 8월 26일 15시,수요일,부산광역시 영도구 봉래동3가,중상사고,0,1,0,0,차대차 - 측면충돌,차로위반,건조,맑음,단일로 - 기타,승용,남,71세,상해없음,승용,남,28세,중상
노인운전자사고,2020082700100081,2020년 8월 27일 08시,목요일,부산광역시 수영구 남천동,경상사고,0,0,1,0,차대차 - 기타,안전운전불이행,젖음/습기,비,단일로 - 기타,승용,남,73세,상해없음,승용,남,27세,경상
노인운전자사고,2020082700100084,2020년 8월 27일 08시,목요일,부산광역시 강서구 대저2동,사망사고,1,0,0,0,차량단독 - 공작물충돌,안전운전불이행,젖음/습기,비,단일로 - 기타,승합,남,77세,사망,,,,
노인운전자사고,2020082700100297,2020년 8월 27일 15시,목요일,부산광역시 동구 수정동,경상사고,0,0,1,0,차대차 - 추돌,안전운전불이행,젖음/습기,비,단일로 - 기타,승용,남,66세,상해없음,승용,여,52세,경상
노인운전자사고,2020082700100444,2020년 8월 27일 19시,목요일,부산광역시 북구 화명동,부상신고사고,0,0,0,1,차대차 - 측면충돌,안전거리미확보,건조,맑음,교차로 - 교차로부근,승용,남,66세,상해없음,승용,여,32세,상해없음
노인운전자사고,2020082800100072,2020년 8월 28일 07시,금요일,부산광역시 북구 만덕동,중상사고,0,1,0,0,차대차 - 기타,교차로운행방법위반,젖음/습기,비,교차로 - 교차로안,승용,남,65세,상해없음,승용,남,64세,중상
노인운전자사고,2020082800100098,2020년 8월 28일 08시,금요일,부산광역시 중구 중앙동4가,경상사고,0,0,3,0,차대차 - 측면충돌,안전운전불이행,건조,맑음,단일로 - 기타,화물,남,71세,상해없음,승용,남,41세,경상
노인운전자사고,2020082800100124,2020년 8월 28일 09시,금요일,부산광역시 남구 대연동,경상사고,0,0,1,0,차대차 - 측면충돌,기타,건조,맑음,교차로 - 교차로부근,승용,남,71세,상해없음,이륜,남,25세,경상
노인운전자사고,2020082800100182,2020년 8월 28일 11시,금요일,부산광역시 연제구 연산동,경상사고,0,0,1,0,차대차 - 기타,기타,건조,맑음,단일로 - 기타,자전거,여,72세,경상,승용,여,62세,상해없음
노인운전자사고,2020082800100214,2020년 8월 28일 12시,금요일,부산광역시 수영구 남천동,경상사고,0,0,2,0,차대차 - 추돌,안전운전불이행,건조,맑음,기타 - 기타,승용,남,76세,상해없음,승용,남,68세,경상
노인운전자사고,2020082800100413,2020년 8월 28일 17시,금요일,부산광역시 동구 초량동,경상사고,0,0,1,0,차대차 - 기타,교차로운행방법위반,건조,맑음,교차로 - 교차로안,승용,남,66세,기타불명,승용,여,61세,경상
노인운전자사고,2020082900100127,2020년 8월 29일 09시,토요일,부산광역시 부산진구 양정동,중상사고,0,1,1,1,차대차 - 측면충돌,안전운전불이행,건조,맑음,교차로 - 교차로부근,승용,남,69세,부상신고,승용,남,59세,경상
노인운전자사고,2020082900100225,2020년 8월 29일 12시,토요일,부산광역시 사하구 장림동,경상사고,0,0,1,0,차대차 - 측면충돌,신호위반,건조,맑음,교차로 - 교차로안,승용,여,76세,상해없음,이륜,남,53세,경상
노인운전자사고,2020082900100325,2020년 8월 29일 15시,토요일,부산광역시 연제구 연산동,경상사고,0,0,2,0,차대차 - 측면충돌,안전운전불이행,건조,맑음,교차로 - 교차로부근,승용,남,74세,상해없음,승용,남,68세,경상
노인운전자사고,2020082900100326,2020년 8월 29일 15시,토요일,부산광역시 기장군 일광면,경상사고,0,0,1,0,차대차 - 기타,신호위반,건조,맑음,단일로 - 기타,승용,여,65세,상해없음,개인형이동수단(PM),남,36세,경상
노인운전자사고,2020082900100415,2020년 8월 29일 18시,토요일,부산광역시 영도구 청학동,경상사고,0,0,1,0,차대사람 - 횡단중,안전운전불이행,건조,맑음,교차로 - 교차로안,승용,남,68세,상해없음,보행자,여,69세,경상
노인운전자사고,2020082900100561,2020년 8월 29일 23시,토요일,부산광역시 사상구 괘법동,경상사고,0,0,2,0,차대사람 - 횡단중,안전운전불이행,건조,맑음,교차로 - 교차로안,승용,남,65세,상해없음,보행자,남,24세,경상
노인운전자사고,2020083000100108,2020년 8월 30일 10시,일요일,부산광역시 부산진구 부암동,중상사고,0,1,0,0,차대사람 - 기타,안전운전불이행,건조,맑음,단일로 - 기타,승용,여,65세,상해없음,보행자,여,60세,중상
노인운전자사고,2020083000100285,2020년 8월 30일 17시,일요일,부산광역시 기장군 정관읍,경상사고,0,0,1,0,차대사람 - 횡단중,신호위반,건조,맑음,교차로 - 교차로횡단보도내,승용,남,70세,상해없음,보행자,여,37세,경상
노인운전자사고,2.02008E+15,2020년 8월 30일 19시,일요일,부산광역시 부산진구 가야동,중상사고,0,1,0,0,차대차 - 정면충돌,신호위반,건조,맑음,교차로 - 교차로안,승용,남,68세,상해없음,이륜,남,22세,중상
노인운전자사고,2020083000100414,2020년 8월 30일 22시,일요일,부산광역시 사하구 다대동,경상사고,0,0,1,0,차대차 - 기타,신호위반,건조,맑음,교차로 - 교차로안,승용,남,71세,상해없음,이륜,남,30세,경상
노인운전자사고,2020083100100074,2020년 8월 31일 08시,월요일,부산광역시 부산진구 부전동,경상사고,0,0,1,0,차대차 - 측면충돌,신호위반,건조,맑음,교차로 - 교차로안,승용,남,66세,상해없음,이륜,남,47세,경상
노인운전자사고,2020083100100455,2020년 8월 31일 19시,월요일,부산광역시 동래구 낙민동,경상사고,0,0,3,0,차대차 - 측면충돌,안전운전불이행,건조,맑음,교차로 - 교차로안,화물,남,70세,경상,승용,남,62세,경상
노인운전자사고,2020090100100001,2020년 9월 1일 00시,화요일,부산광역시 해운대구 재송동,경상사고,0,0,1,0,차대사람 - 기타,안전운전불이행,건조,맑음,단일로 - 기타,승합,남,70세,상해없음,보행자,남,59세,경상
노인운전자사고,2020090100100245,2020년 9월 1일 14시,화요일,부산광역시 북구 화명동,경상사고,0,0,1,0,차대차 - 추돌,안전운전불이행,건조,맑음,교차로 - 교차로안,승용,남,75세,상해없음,이륜,남,50세,경상
노인운전자사고,2020090100100351,2020년 9월 1일 17시,화요일,부산광역시 동래구 온천동,부상신고사고,0,0,0,1,차대차 - 기타,안전운전불이행,건조,맑음,단일로 - 기타,승용,남,74세,상해없음,이륜,남,60세,부상신고
노인운전자사고,2020090200100275,2020년 9월 2일 16시,수요일,부산광역시 기장군 기장읍,경상사고,0,0,1,0,차대차 - 기타,신호위반,건조,맑음,교차로 - 교차로안,승용,남,68세,상해없음,이륜,남,41세,경상
노인운전자사고,2020090300100236,2020년 9월 3일 14시,목요일,부산광역시 북구 덕천동,경상사고,0,0,1,1,차대차 - 측면충돌,신호위반,건조,맑음,교차로 - 교차로안,화물,남,65세,부상신고,화물,남,64세,경상
노인운전자사고,2020090300100276,2020년 9월 3일 15시,목요일,부산광역시 서구 토성동1가,경상사고,0,0,1,0,차대차 - 기타,안전운전불이행,건조,맑음,단일로 - 기타,승용,남,71세,상해없음,이륜,남,30세,경상
노인운전자사고,2020090400100112,2020년 9월 4일 09시,금요일,부산광역시 금정구 서동,경상사고,0,0,1,0,차대차 - 측면충돌,안전운전불이행,건조,맑음,단일로 - 기타,화물,남,67세,상해없음,승용,여,56세,경상
노인운전자사고,2020090400100148,2020년 9월 4일 10시,금요일,부산광역시 사상구 주례동,경상사고,0,0,1,0,차대차 - 기타,신호위반,건조,맑음,교차로 - 교차로횡단보도내,승용,남,75세,상해없음,승용,남,68세,경상
노인운전자사고,2020090400100217,2020년 9월 4일 12시,금요일,부산광역시 사하구 다대동,경상사고,0,0,1,0,차대차 - 기타,교차로운행방법위반,건조,맑음,교차로 - 교차로부근,승용,여,67세,상해없음,승용,남,60세,상해없음
노인운전자사고,2020090400100494,2020년 9월 4일 19시,금요일,부산광역시 동래구 명륜동,부상신고사고,0,0,0,1,차대사람 - 횡단중,안전운전불이행,건조,맑음,단일로 - 기타,승용,남,67세,상해없음,보행자,남,64세,부상신고
노인운전자사고,2020090400100591,2020년 9월 4일 22시,금요일,부산광역시 남구 용호동,경상사고,0,0,1,0,차대차 - 기타,안전운전불이행,건조,맑음,단일로 - 기타,승용,남,69세,상해없음,이륜,남,32세,경상
노인운전자사고,2020090500100138,2020년 9월 5일 11시,토요일,부산광역시 남구 용호동,경상사고,0,0,1,0,차대차 - 측면충돌,안전운전불이행,젖음/습기,비,단일로 - 기타,승용,남,78세,상해없음,이륜,남,28세,경상
노인운전자사고,2.02009E+15,2020년 9월 5일 11시,토요일,부산광역시 해운대구 중동,중상사고,0,1,0,0,차대차 - 측면충돌,신호위반,젖음/습기,비,교차로 - 교차로안,승용,남,71세,상해없음,이륜,남,65세,중상
노인운전자사고,2020090500100473,2020년 9월 5일 20시,토요일,부산광역시 강서구 명지동,경상사고,0,0,1,0,차대차 - 측면충돌,교차로운행방법위반,건조,맑음,교차로 - 교차로안,승용,남,67세,기타불명,승용,여,28세,경상
노인운전자사고,2020090500100505,2020년 9월 5일 21시,토요일,부산광역시 서구 서대신동2가,경상사고,0,0,1,0,차대차 - 측면충돌,중앙선침범,젖음/습기,비,단일로 - 기타,승용,남,74세,상해없음,승용,남,31세,경상
노인운전자사고,2020090500100537,2020년 9월 5일 22시,토요일,부산광역시 동구 초량동,경상사고,0,0,1,1,차대차 - 측면충돌,안전거리미확보,젖음/습기,비,단일로 - 기타,승용,여,66세,상해없음,승용,남,50세,경상
노인운전자사고,2020090600100003,2020년 9월 6일 00시,일요일,부산광역시 중구 대청동3가,중상사고,0,1,0,0,차대사람 - 횡단중,안전운전불이행,젖음/습기,비,단일로 - 기타,승용,남,66세,상해없음,보행자,남,64세,중상
노인운전자사고,2020090600100004,2020년 9월 6일 00시,일요일,부산광역시 부산진구 부암동,경상사고,0,0,1,1,차대차 - 측면충돌,안전거리미확보,젖음/습기,비,교차로 - 교차로안,승용,남,69세,상해없음,승용,남,20세,경상
노인운전자사고,2020090600100063,2020년 9월 6일 08시,일요일,부산광역시 수영구 광안동,중상사고,0,1,0,0,차대차 - 측면충돌,교차로운행방법위반,건조,맑음,교차로 - 교차로안,승용,남,65세,상해없음,자전거,남,79세,중상
노인운전자사고,2020090600100192,2020년 9월 6일 15시,일요일,부산광역시 남구 대연동,경상사고,0,0,1,0,차대차 - 기타,안전거리미확보,젖음/습기,비,단일로 - 기타,승합,남,65세,상해없음,이륜,남,20세,경상
노인운전자사고,2020090600100235,2020년 9월 6일 17시,일요일,부산광역시 수영구 광안동,경상사고,0,0,1,0,차대차 - 기타,안전운전불이행,건조,맑음,단일로 - 기타,승용,남,65세,상해없음,승용,남,56세,경상
노인운전자사고,2020090600100287,2020년 9월 6일 19시,일요일,부산광역시 동구 초량동,중상사고,0,1,0,0,차대사람 - 횡단중,보행자보호의무위반,젖음/습기,비,교차로 - 교차로횡단보도내,승용,남,69세,상해없음,보행자,남,50세,중상
노인운전자사고,2020090700100002,2020년 9월 7일 00시,월요일,부산광역시 동래구 안락동,경상사고,0,0,1,0,차량단독 - 기타,안전운전불이행,젖음/습기,비,단일로 - 기타,승용,남,68세,상해없음,,,,
노인운전자사고,2020090700100088,2020년 9월 7일 08시,월요일,부산광역시 동래구 안락동,경상사고,0,0,2,0,차대차 - 기타,신호위반,젖음/습기,비,교차로 - 교차로안,승용,남,73세,상해없음,화물,남,55세,경상
노인운전자사고,2020090700100168,2020년 9월 7일 11시,월요일,부산광역시 강서구 화전동,경상사고,0,0,1,0,차대차 - 기타,안전운전불이행,건조,맑음,교차로 - 교차로안,자전거,여,77세,경상,승용,남,27세,상해없음
노인운전자사고,2020090700100225,2020년 9월 7일 13시,월요일,부산광역시 북구 화명동,중상사고,0,1,0,0,차대사람 - 기타,불법유턴,건조,맑음,단일로 - 기타,승용,남,69세,상해없음,보행자,남,50세,중상
노인운전자사고,2020090700100227,2020년 9월 7일 13시,월요일,부산광역시 기장군 기장읍,경상사고,0,0,1,0,차대차 - 후진중충돌,안전운전불이행,건조,맑음,주차장 - 주차장,승용,남,66세,상해없음,승용,남,60세,상해없음
노인운전자사고,2020090700100301,2020년 9월 7일 15시,월요일,부산광역시 사하구 신평동,경상사고,0,0,1,0,차대차 - 추돌,안전운전불이행,건조,맑음,단일로 - 기타,승용,남,72세,상해없음,승용,남,36세,경상
노인운전자사고,2020090700100331,2020년 9월 7일 16시,월요일,부산광역시 부산진구 당감동,경상사고,0,0,1,0,차량단독 - 기타,기타,건조,맑음,단일로 - 기타,승합,남,67세,상해없음,,,,
노인운전자사고,2020090800100005,2020년 9월 8일 00시,화요일,부산광역시 금정구 구서동,경상사고,0,0,1,0,차대차 - 추돌,안전운전불이행,건조,맑음,단일로 - 기타,승용,남,67세,상해없음,승용,남,71세,경상
노인운전자사고,2020090800100374,2020년 9월 8일 16시,화요일,부산광역시 남구 대연동,경상사고,0,0,2,0,차대차 - 정면충돌,중앙선침범,건조,맑음,단일로 - 기타,승용,여,73세,상해없음,승용,여,35세,경상
노인운전자사고,2020090800100375,2020년 9월 8일 16시,화요일,부산광역시 해운대구 반여동,경상사고,0,0,1,0,차대차 - 기타,안전거리미확보,건조,맑음,단일로 - 기타,승용,남,70세,상해없음,승용,남,48세,경상
노인운전자사고,2020090800100544,2020년 9월 8일 20시,화요일,부산광역시 사상구 학장동,중상사고,0,1,0,0,차대차 - 측면충돌,차로위반,건조,맑음,단일로 - 기타,화물,남,67세,상해없음,승용,여,38세,중상
노인운전자사고,2020090900100039,2020년 9월 9일 06시,수요일,부산광역시 영도구 청학동,경상사고,0,0,1,0,차대차 - 측면충돌,직진우회전진행방해,건조,맑음,교차로 - 교차로안,승용,남,71세,상해없음,원동기,남,31세,경상
노인운전자사고,2.02009E+15,2020년 9월 9일 06시,수요일,부산광역시 사하구 장림동,중상사고,0,1,0,0,차대차 - 추돌,안전운전불이행,건조,맑음,단일로 - 기타,승용,남,65세,상해없음,승용,남,34세,중상
노인운전자사고,2020090900100053,2020년 9월 9일 07시,수요일,부산광역시 연제구 연산동,경상사고,0,0,1,0,차대차 - 측면충돌,기타,젖음/습기,비,단일로 - 기타,화물,남,67세,기타불명,승용,여,28세,경상
노인운전자사고,2020090900100105,2020년 9월 9일 09시,수요일,부산광역시 영도구 청학동,중상사고,0,1,0,0,차대사람 - 길가장자리구역통행중,기타,젖음/습기,비,단일로 - 기타,승용,남,68세,상해없음,보행자,여,53세,중상
노인운전자사고,2020090900100162,2020년 9월 9일 11시,수요일,부산광역시 부산진구 부전동,중상사고,0,1,0,0,차대사람 - 횡단중,보행자보호의무위반,건조,맑음,교차로 - 교차로횡단보도내,승용,남,65세,상해없음,보행자,여,55세,중상
노인운전자사고,2020090900100194,2020년 9월 9일 12시,수요일,부산광역시 부산진구 범전동,중상사고,0,1,0,0,차대사람 - 횡단중,신호위반,건조,맑음,단일로 - 기타,이륜,남,73세,상해없음,보행자,여,18세,중상
노인운전자사고,2020090900100195,2020년 9월 9일 12시,수요일,부산광역시 부산진구 부암동,경상사고,0,0,2,0,차대차 - 기타,안전운전불이행,건조,맑음,교차로 - 교차로안,화물,남,65세,상해없음,승합,남,53세,상해없음
노인운전자사고,2020090900100243,2020년 9월 9일 14시,수요일,부산광역시 수영구 남천동,중상사고,0,1,0,0,차대사람 - 기타,안전운전불이행,건조,맑음,단일로 - 기타,승용,남,76세,상해없음,보행자,남,56세,중상
노인운전자사고,2020090900100315,2020년 9월 9일 16시,수요일,부산광역시 중구 대창동1가,경상사고,0,0,1,0,차대차 - 추돌,안전운전불이행,건조,맑음,교차로 - 교차로부근,승용,남,74세,상해없음,승용,여,45세,경상
노인운전자사고,2020090900100428,2020년 9월 9일 19시,수요일,부산광역시 금정구 금사동,중상사고,0,1,1,0,차대사람 - 횡단중,신호위반,건조,맑음,교차로 - 교차로안,승용,남,74세,상해없음,보행자,여,60세,중상
노인운전자사고,2020091000100033,2020년 9월 10일 06시,목요일,부산광역시 부산진구 전포동,중상사고,0,1,0,0,차대사람 - 차도통행중,안전운전불이행,건조,흐림,단일로 - 기타,자전거,남,65세,상해없음,보행자,여,86세,중상
노인운전자사고,2020091000100116,2020년 9월 10일 10시,목요일,부산광역시 남구 대연동,경상사고,0,0,1,0,차대차 - 측면충돌,신호위반,건조,기타,교차로 - 교차로안,원동기,남,75세,상해없음,승용,남,70세,상해없음
노인운전자사고,2020091000100147,2020년 9월 10일 11시,목요일,부산광역시 동구 좌천동,경상사고,0,0,1,0,차대차 - 기타,안전거리미확보,건조,맑음,단일로 - 기타,승용,남,65세,상해없음,승용,남,52세,상해없음
노인운전자사고,2020091000100364,2020년 9월 10일 17시,목요일,부산광역시 연제구 연산동,경상사고,0,0,1,0,차대차 - 측면충돌,신호위반,건조,맑음,교차로 - 교차로안,승용,여,70세,상해없음,승용,여,51세,경상
노인운전자사고,2020091000100416,2020년 9월 10일 18시,목요일,부산광역시 금정구 회동동,경상사고,0,0,1,0,차대차 - 측면충돌,안전거리미확보,건조,맑음,단일로 - 기타,승용,남,77세,상해없음,승용,남,77세,경상
노인운전자사고,2020091100100005,2020년 9월 11일 00시,금요일,부산광역시 수영구 남천동,경상사고,0,0,1,1,차대차 - 측면충돌,안전운전불이행,건조,기타,단일로 - 기타,승용,남,66세,상해없음,이륜,남,36세,경상