사고부문,사고번호,사고일시,요일,시군구,사고내용,사망자수,중상자수,경상자수,부상신고자수,사고유형,법규위반,노면상태,기상상태,도로형태,가해운전자 차종,가해운전자 성별,가해운전자 연령,가해운전자 상해정도,피해운전자 차종,피해운전자 성별,피해운전자 연령,피해운전자 상해정도
노인운전자사고,2020091100100033,2020년 9월 11일 05시,금요일,부산광역시 해운대구 좌동,경상사고,0,0,1,0,차대차 - 기타,기타,건조,맑음,단일로 - 기타,승용,남,67세,상해없음,승용,남,63세,상해없음
노인운전자사고,2020091100100537,2020년 9월 11일 20시,금요일,부산광역시 서구 남부민동,중상사고,0,1,2,0,차대차 - 정면충돌,교차로운행방법위반,젖음/습기,비,교차로 - 교차로안,승용,남,66세,경상,승용,여,43세,경상
노인운전자사고,2020091100100538,2020년 9월 11일 20시,금요일,부산광역시 강서구 명지동,경상사고,0,0,1,0,차대차 - 기타,안전운전불이행,건조,맑음,단일로 - 기타,승용,남,65세,상해없음,승용,남,50세,경상
노인운전자사고,2020091100100632,2020년 9월 11일 22시,금요일,부산광역시 동구 초량동,경상사고,0,0,4,0,차대차 - 기타,교차로운행방법위반,젖음/습기,비,교차로 - 교차로안,승용,남,70세,상해없음,승용,남,59세,상해없음
노인운전자사고,2020091100100671,2020년 9월 11일 23시,금요일,부산광역시 부산진구 전포동,경상사고,0,0,1,0,차대사람 - 횡단중,신호위반,젖음/습기,비,교차로 - 교차로횡단보도내,승용,남,67세,상해없음,보행자,여,47세,경상
노인운전자사고,2020091200100005,2020년 9월 12일 00시,토요일,부산광역시 금정구 장전동,부상신고사고,0,0,0,1,차대사람 - 기타,신호위반,건조,맑음,단일로 - 기타,승용,남,65세,상해없음,보행자,남,25세,부상신고
노인운전자사고,2020091200100028,2020년 9월 12일 01시,토요일,부산광역시 해운대구 중동,경상사고,0,0,1,0,차대차 - 측면충돌,안전운전불이행,건조,맑음,교차로 - 교차로안,승용,남,65세,상해없음,승용,남,55세,경상
노인운전자사고,2020091200100055,2020년 9월 12일 03시,토요일,부산광역시 동래구 사직동,경상사고,0,0,1,1,차대차 - 측면충돌,신호위반,건조,맑음,교차로 - 교차로안,승용,남,68세,상해없음,승용,남,51세,부상신고
노인운전자사고,2020091200100106,2020년 9월 12일 08시,토요일,부산광역시 금정구 노포동,중상사고,0,1,1,1,차량단독 - 공작물충돌,안전운전불이행,건조,맑음,교차로 - 교차로안,승용,남,76세,상해없음,,,,
노인운전자사고,2020091200100185,2020년 9월 12일 11시,토요일,부산광역시 강서구 명지동,경상사고,0,0,1,0,차대사람 - 횡단중,안전운전불이행,건조,맑음,단일로 - 기타,승용,남,72세,상해없음,보행자,여,54세,경상
노인운전자사고,2020091200100186,2020년 9월 12일 11시,토요일,부산광역시 사상구 주례동,경상사고,0,0,1,0,차대차 - 측면충돌,안전거리미확보,건조,맑음,단일로 - 기타,승용,남,76세,상해없음,승용,여,41세,경상
노인운전자사고,2020091200100262,2020년 9월 12일 13시,토요일,부산광역시 연제구 연산동,경상사고,0,0,1,0,차대차 - 추돌,안전운전불이행,건조,맑음,단일로 - 기타,승용,남,68세,상해없음,승용,여,45세,경상
노인운전자사고,2020091200100302,2020년 9월 12일 14시,토요일,부산광역시 동구 좌천동,중상사고,0,1,2,0,차대차 - 추돌,안전거리미확보,건조,맑음,교차로 - 교차로안,승용,남,67세,상해없음,승용,남,69세,중상
노인운전자사고,2020091200100387,2020년 9월 12일 16시,토요일,부산광역시 사하구 다대동,경상사고,0,0,1,1,차대사람 - 기타,안전운전불이행,건조,맑음,단일로 - 기타,승용,남,69세,상해없음,보행자,여,79세,경상
노인운전자사고,2.02009E+15,2020년 9월 13일 01시,일요일,부산광역시 서구 동대신동2가,경상사고,0,0,3,0,차대차 - 기타,안전거리미확보,건조,맑음,교차로 - 교차로부근,승용,남,66세,상해없음,승용,남,47세,상해없음
노인운전자사고,2020091300100042,2020년 9월 13일 05시,일요일,부산광역시 해운대구 우동,중상사고,0,1,0,1,차대차 - 측면충돌,신호위반,건조,맑음,교차로 - 교차로안,승용,남,66세,부상신고,개인형이동수단(PM),남,25세,중상
노인운전자사고,2.02009E+15,2020년 9월 13일 06시,일요일,부산광역시 사하구 하단동,중상사고,0,1,1,0,차대차 - 추돌,안전운전불이행,건조,맑음,단일로 - 기타,자전거,여,66세,중상,자전거,여,58세,경상
노인운전자사고,2020091300100076,2020년 9월 13일 09시,일요일,부산광역시 금정구 노포동,경상사고,0,0,1,0,차대차 - 측면충돌,안전운전불이행,건조,맑음,기타 - 기타,화물,남,71세,상해없음,이륜,남,42세,경상
노인운전자사고,2.02009E+15,2020년 9월 13일 10시,일요일,부산광역시 연제구 거제동,경상사고,0,0,1,0,차대차 - 기타,신호위반,건조,맑음,교차로 - 교차로안,승용,남,65세,상해없음,승용,여,50세,경상
노인운전자사고,2.02009E+15,2020년 9월 13일 12시,일요일,부산광역시 동래구 명륜동,경상사고,0,0,2,0,차대차 - 기타,교차로운행방법위반,건조,맑음,교차로 - 교차로안,특수,남,65세,상해없음,승용,남,59세,경상
노인운전자사고,2020091300100192,2020년 9월 13일 13시,일요일,부산광역시 영도구 영선동4가,경상사고,0,0,1,0,차대사람 - 기타,보행자보호의무위반,건조,맑음,단일로 - 기타,화물,남,66세,상해없음,보행자,남,71세,경상
노인운전자사고,2020091300100297,2020년 9월 13일 16시,일요일,부산광역시 동래구 명륜동,경상사고,0,0,3,1,차대차 - 측면충돌,중앙선침범,건조,맑음,단일로 - 기타,승용,남,77세,부상신고,승용,여,49세,경상
노인운전자사고,2020091400100286,2020년 9월 14일 13시,월요일,부산광역시 기장군 장안읍,중상사고,0,1,0,0,차대사람 - 기타,안전운전불이행,건조,맑음,단일로 - 기타,승합,남,65세,상해없음,보행자,여,79세,중상
노인운전자사고,2020091500100124,2020년 9월 15일 09시,화요일,부산광역시 강서구 강동동,경상사고,0,0,1,0,차대차 - 기타,신호위반,건조,맑음,교차로 - 교차로안,이륜,남,69세,기타불명,승용,남,63세,경상
노인운전자사고,2020091500100212,2020년 9월 15일 12시,화요일,부산광역시 남구 우암동,중상사고,0,1,0,0,차대사람 - 기타,안전운전불이행,건조,맑음,기타 - 기타,승용,남,78세,상해없음,보행자,여,87세,중상
노인운전자사고,2020091500100284,2020년 9월 15일 14시,화요일,부산광역시 기장군 기장읍,중상사고,0,1,0,0,차대사람 - 기타,안전운전불이행,건조,맑음,교차로 - 교차로안,승용,남,66세,상해없음,보행자,여,81세,중상
노인운전자사고,2020091500100321,2020년 9월 15일 15시,화요일,부산광역시 금정구 서동,경상사고,0,0,1,0,차대사람 - 횡단중,보행자보호의무위반,건조,맑음,교차로 - 교차로횡단보도내,승용,남,67세,상해없음,보행자,여,9세,경상
노인운전자사고,2020091500100475,2020년 9월 15일 19시,화요일,부산광역시 동래구 온천동,경상사고,0,0,1,0,차대차 - 추돌,안전운전불이행,건조,맑음,단일로 - 기타,승용,남,78세,상해없음,승용,남,33세,경상
노인운전자사고,2020091500100538,2020년 9월 15일 21시,화요일,부산광역시 기장군 기장읍,경상사고,0,0,2,0,차대차 - 측면충돌,안전거리미확보,건조,맑음,단일로 - 기타,화물,남,67세,상해없음,승용,남,63세,경상
노인운전자사고,2020091600100155,2020년 9월 16일 10시,수요일,부산광역시 해운대구 반여동,경상사고,0,0,1,0,차대차 - 기타,기타,건조,맑음,교차로 - 교차로안,승용,남,69세,상해없음,화물,남,26세,경상
노인운전자사고,2020091600100402,2020년 9월 16일 18시,수요일,부산광역시 강서구 대저1동,중상사고,0,1,0,0,차대차 - 기타,안전운전불이행,건조,맑음,교차로 - 교차로안,승용,남,65세,상해없음,화물,여,39세,중상
노인운전자사고,2020091700100088,2020년 9월 17일 08시,목요일,부산광역시 동구 초량동,경상사고,0,0,1,0,차대차 - 기타,신호위반,젖음/습기,흐림,단일로 - 기타,승용,여,68세,상해없음,이륜,남,43세,경상
노인운전자사고,2020091700100183,2020년 9월 17일 11시,목요일,부산광역시 금정구 장전동,경상사고,0,0,1,0,차대차 - 기타,안전운전불이행,젖음/습기,비,교차로 - 교차로안,승용,남,76세,상해없음,이륜,남,55세,경상
노인운전자사고,2020091700100271,2020년 9월 17일 14시,목요일,부산광역시 강서구 대저2동,경상사고,0,0,1,0,차대차 - 측면충돌,안전운전불이행,젖음/습기,흐림,교차로 - 교차로안,승용,남,67세,상해없음,화물,남,53세,경상
노인운전자사고,2020091700100335,2020년 9월 17일 16시,목요일,부산광역시 남구 문현동,중상사고,0,1,0,0,차대사람 - 기타,보행자보호의무위반,젖음/습기,비,교차로 - 교차로부근,승용,남,66세,상해없음,보행자,남,61세,중상
노인운전자사고,2020091700100529,2020년 9월 17일 21시,목요일,부산광역시 부산진구 개금동,경상사고,0,0,1,0,차대차 - 기타,중앙선침범,젖음/습기,비,단일로 - 기타,승용,남,65세,상해없음,승용,여,53세,상해없음
노인운전자사고,2020091800100018,2020년 9월 18일 01시,금요일,부산광역시 서구 충무동1가,경상사고,0,0,2,1,차대차 - 측면충돌,신호위반,젖음/습기,비,교차로 - 교차로안,승용,남,69세,부상신고,승용,남,32세,경상
노인운전자사고,2020091800100094,2020년 9월 18일 08시,금요일,부산광역시 동래구 복천동,경상사고,0,0,1,0,차대차 - 추돌,안전운전불이행,건조,맑음,교차로 - 교차로안,이륜,남,87세,상해없음,화물,남,43세,상해없음
노인운전자사고,2020091800100229,2020년 9월 18일 12시,금요일,부산광역시 영도구 영선동1가,경상사고,0,0,2,0,차대차 - 측면충돌,안전운전불이행,건조,맑음,교차로 - 교차로안,화물,남,69세,상해없음,승용,남,32세,경상
노인운전자사고,2020091800100273,2020년 9월 18일 13시,금요일,부산광역시 금정구 금사동,경상사고,0,0,2,1,차대차 - 기타,교차로운행방법위반,건조,맑음,교차로 - 교차로안,화물,남,72세,부상신고,승용,여,65세,경상
노인운전자사고,2.02009E+15,2020년 9월 18일 14시,금요일,부산광역시 동구 범일동,부상신고사고,0,0,0,1,차대사람 - 기타,안전운전불이행,건조,맑음,단일로 - 기타,승용,남,66세,상해없음,보행자,남,42세,부상신고
노인운전자사고,2.02009E+15,2020년 9월 18일 16시,금요일,부산광역시 남구 우암동,경상사고,0,0,1,0,차대사람 - 기타,안전운전불이행,건조,맑음,교차로 - 교차로부근,승용,남,71세,상해없음,보행자,여,38세,경상
노인운전자사고,2020091900100219,2020년 9월 19일 11시,토요일,부산광역시 동래구 수안동,경상사고,0,0,1,0,차대사람 - 차도통행중,안전운전불이행,건조,맑음,단일로 - 기타,화물,남,70세,상해없음,보행자,여,67세,경상
노인운전자사고,2020091900100317,2020년 9월 19일 13시,토요일,부산광역시 부산진구 연지동,중상사고,0,1,0,0,차대차 - 기타,안전운전불이행,건조,맑음,교차로 - 교차로횡단보도내,화물,남,68세,상해없음,자전거,여,67세,중상
노인운전자사고,2020091900100318,2020년 9월 19일 13시,토요일,부산광역시 사하구 괴정동,경상사고,0,0,1,0,차대사람 - 횡단중,보행자보호의무위반,건조,맑음,단일로 - 기타,승용,여,65세,상해없음,보행자,여,56세,경상
노인운전자사고,2020092000100096,2020년 9월 20일 08시,일요일,부산광역시 동래구 온천동,경상사고,0,0,1,0,차대차 - 측면충돌,안전거리미확보,건조,맑음,교차로 - 교차로부근,승용,남,66세,상해없음,승용,남,29세,경상
노인운전자사고,2020092000100178,2020년 9월 20일 12시,일요일,부산광역시 연제구 거제동,경상사고,0,0,2,0,차대차 - 추돌,안전운전불이행,건조,맑음,단일로 - 기타,승용,남,75세,상해없음,승용,남,60세,경상
노인운전자사고,2020092000100465,2020년 9월 20일 20시,일요일,부산광역시 연제구 연산동,중상사고,0,1,0,0,차대사람 - 보도통행중,안전운전불이행,건조,맑음,단일로 - 기타,자전거,남,75세,상해없음,보행자,남,64세,중상
노인운전자사고,2020092100100094,2020년 9월 21일 08시,월요일,부산광역시 해운대구 중동,부상신고사고,0,0,0,1,차대차 - 기타,안전거리미확보,건조,맑음,단일로 - 기타,승합,남,76세,상해없음,승용,남,72세,상해없음
노인운전자사고,2020092100100095,2020년 9월 21일 08시,월요일,부산광역시 금정구 부곡동,중상사고,0,1,0,0,차대차 - 기타,안전운전불이행,건조,맑음,교차로 - 교차로안,승용,남,66세,상해없음,이륜,남,45세,중상
노인운전자사고,2.02009E+15,2020년 9월 21일 14시,월요일,부산광역시 동래구 안락동,중상사고,0,1,0,0,차대사람 - 횡단중,신호위반,건조,맑음,단일로 - 기타,승용,여,65세,상해없음,보행자,여,12세,중상
노인운전자사고,2020092100100342,2020년 9월 21일 14시,월요일,부산광역시 기장군 기장읍,중상사고,0,1,0,0,차대차 - 기타,차로위반,건조,맑음,단일로 - 기타,승용,남,70세,상해없음,화물,남,38세,중상
노인운전자사고,2020092100100391,2020년 9월 21일 15시,월요일,부산광역시 연제구 연산동,경상사고,0,0,1,0,차대차 - 기타,안전운전불이행,건조,맑음,단일로 - 기타,승용,남,67세,상해없음,승용,여,52세,경상
노인운전자사고,2020092100100539,2020년 9월 21일 18시,월요일,부산광역시 부산진구 부전동,경상사고,0,0,1,0,차대사람 - 기타,안전운전불이행,건조,맑음,단일로 - 기타,화물,남,70세,상해없음,보행자,남,24세,경상
노인운전자사고,2020092200100223,2020년 9월 22일 11시,화요일,부산광역시 사하구 괴정동,경상사고,0,0,1,0,차대차 - 측면충돌,신호위반,건조,맑음,단일로 - 지하차도(도로)내,승용,남,74세,상해없음,승용,남,44세,경상
노인운전자사고,2020092200100387,2020년 9월 22일 15시,화요일,부산광역시 동구 좌천동,경상사고,0,0,2,0,차대차 - 측면충돌,신호위반,건조,맑음,단일로 - 고가도로위,특수,남,66세,상해없음,승용,여,36세,경상
노인운전자사고,2020092200100439,2020년 9월 22일 16시,화요일,부산광역시 동래구 온천동,중상사고,0,1,0,0,차대사람 - 기타,보행자보호의무위반,건조,맑음,교차로 - 교차로안,승용,남,76세,상해없음,보행자,여,53세,중상
노인운전자사고,2020092200100441,2020년 9월 22일 16시,화요일,부산광역시 영도구 대교동2가,경상사고,0,0,2,0,차대차 - 기타,안전운전불이행,건조,맑음,단일로 - 기타,승용,남,68세,상해없음,승합,남,33세,경상
노인운전자사고,2020092200100616,2020년 9월 22일 19시,화요일,부산광역시 남구 대연동,경상사고,0,0,1,0,차대차 - 측면충돌,신호위반,건조,맑음,교차로 - 교차로횡단보도내,승용,남,71세,상해없음,자전거,남,16세,경상
노인운전자사고,2020092300100207,2020년 9월 23일 11시,수요일,부산광역시 연제구 거제동,경상사고,0,0,3,0,차대차 - 추돌,안전거리미확보,건조,맑음,교차로 - 교차로안,승용,남,78세,상해없음,승용,남,25세,경상
노인운전자사고,2020092300100304,2020년 9월 23일 14시,수요일,부산광역시 수영구 광안동,경상사고,0,0,1,0,차대사람 - 길가장자리구역통행중,안전운전불이행,건조,맑음,단일로 - 기타,화물,남,66세,상해없음,보행자,여,46세,경상
노인운전자사고,2020092300100306,2020년 9월 23일 14시,수요일,부산광역시 부산진구 전포동,경상사고,0,0,1,0,차대사람 - 횡단중,보행자보호의무위반,건조,맑음,단일로 - 기타,승용,남,68세,상해없음,보행자,여,78세,경상
노인운전자사고,2020092300100346,2020년 9월 23일 15시,수요일,부산광역시 강서구 신호동,경상사고,0,0,3,0,차대차 - 측면충돌,중앙선침범,건조,맑음,교차로 - 교차로안,승용,남,77세,상해없음,승용,남,41세,경상
노인운전자사고,2020092300100385,2020년 9월 23일 16시,수요일,부산광역시 해운대구 재송동,경상사고,0,0,1,0,차대사람 - 횡단중,안전운전불이행,건조,맑음,교차로 - 교차로부근,화물,남,70세,상해없음,보행자,여,63세,경상
노인운전자사고,2020092300100572,2020년 9월 23일 20시,수요일,부산광역시 부산진구 범천동,중상사고,0,1,1,0,차대차 - 기타,안전운전불이행,건조,맑음,교차로 - 교차로안,이륜,남,66세,상해없음,승용,여,59세,경상
노인운전자사고,2020092400100005,2020년 9월 24일 00시,목요일,부산광역시 남구 감만동,경상사고,0,0,1,0,차대차 - 정면충돌,중앙선침범,건조,맑음,기타 - 기타,승용,여,66세,상해없음,이륜,남,23세,경상
노인운전자사고,2020092400100247,2020년 9월 24일 12시,목요일,부산광역시 금정구 노포동,중상사고,0,1,0,0,차대사람 - 보도통행중,기타,건조,맑음,단일로 - 기타,이륜,남,67세,상해없음,보행자,남,70세,중상
노인운전자사고,2020092400100535,2020년 9월 24일 19시,목요일,부산광역시 동래구 온천동,중상사고,0,1,0,0,차대사람 - 횡단중,보행자보호의무위반,건조,맑음,단일로 - 기타,승용,남,65세,상해없음,보행자,남,35세,중상
노인운전자사고,2020092400100537,2020년 9월 24일 19시,목요일,부산광역시 부산진구 당감동,경상사고,0,0,1,0,차대차 - 후진중충돌,안전운전불이행,건조,맑음,단일로 - 기타,화물,남,73세,상해없음,승용,남,30세,경상
노인운전자사고,2020092400100575,2020년 9월 24일 20시,목요일,부산광역시 중구 중앙동5가,중상사고,0,1,0,0,차대차 - 측면충돌,신호위반,건조,맑음,교차로 - 교차로부근,승용,여,68세,상해없음,승용,여,37세,중상
노인운전자사고,2020092400100576,2020년 9월 24일 20시,목요일,부산광역시 사상구 감전동,중상사고,0,1,0,0,차대차 - 측면충돌,차로위반,건조,맑음,단일로 - 기타,화물,남,69세,상해없음,승용,남,65세,중상
노인운전자사고,2020092400100641,2020년 9월 24일 22시,목요일,부산광역시 부산진구 초읍동,경상사고,0,0,1,0,차대차 - 기타,안전운전불이행,건조,맑음,단일로 - 기타,화물,남,67세,상해없음,자전거,여,48세,경상
노인운전자사고,2020092400100659,2020년 9월 24일 23시,목요일,부산광역시 해운대구 우동,경상사고,0,0,1,0,차대차 - 기타,신호위반,건조,맑음,교차로 - 교차로부근,승용,남,65세,상해없음,이륜,남,27세,경상
노인운전자사고,2020092500100083,2020년 9월 25일 07시,금요일,부산광역시 해운대구 반송동,부상신고사고,0,0,0,1,차대차 - 기타,중앙선침범,건조,맑음,단일로 - 기타,기타불명,남,77세,부상신고,승용,남,32세,상해없음
노인운전자사고,2020092500100403,2020년 9월 25일 16시,금요일,부산광역시 부산진구 개금동,경상사고,0,0,1,0,차대차 - 측면충돌,안전운전불이행,건조,흐림,교차로 - 교차로안,특수,남,67세,상해없음,승용,여,48세,경상
노인운전자사고,2020092500100468,2020년 9월 25일 17시,금요일,부산광역시 사상구 학장동,중상사고,0,1,0,0,차대차 - 측면충돌,신호위반,건조,맑음,교차로 - 교차로안,승용,여,72세,기타불명,이륜,남,61세,중상
노인운전자사고,2020092500100605,2020년 9월 25일 19시,금요일,부산광역시 사하구 장림동,경상사고,0,0,1,0,차대차 - 기타,안전거리미확보,건조,맑음,교차로 - 교차로부근,승용,남,70세,기타불명,승용,여,46세,경상
노인운전자사고,2020092500100691,2020년 9월 25일 21시,금요일,부산광역시 사하구 당리동,경상사고,0,0,1,0,차대사람 - 기타,안전운전불이행,건조,맑음,단일로 - 기타,승용,남,78세,상해없음,보행자,남,46세,경상
노인운전자사고,2020092600100399,2020년 9월 26일 15시,토요일,부산광역시 부산진구 부암동,중상사고,0,1,0,0,차대차 - 측면충돌,안전거리미확보,건조,맑음,단일로 - 기타,승용,남,72세,상해없음,이륜,남,22세,중상
노인운전자사고,2020092600100622,2020년 9월 26일 20시,토요일,부산광역시 수영구 민락동,경상사고,0,0,1,0,차대사람 - 기타,보행자보호의무위반,건조,맑음,교차로 - 교차로안,승용,남,65세,상해없음,보행자,남,48세,경상
노인운전자사고,2020092600100676,2020년 9월 26일 22시,토요일,부산광역시 해운대구 우동,경상사고,0,0,2,0,차대차 - 측면충돌,안전운전불이행,건조,맑음,단일로 - 기타,승용,남,71세,상해없음,승용,남,25세,경상
노인운전자사고,2020092700100005,2020년 9월 27일 00시,일요일,부산광역시 영도구 청학동,중상사고,0,1,2,0,차대차 - 추돌,안전운전불이행,건조,맑음,단일로 - 기타,승용,남,65세,상해없음,승용,여,57세,경상
노인운전자사고,2020092700100067,2020년 9월 27일 05시,일요일,부산광역시 남구 문현동,경상사고,0,0,1,0,차대차 - 측면충돌,안전운전불이행,건조,맑음,단일로 - 기타,화물,남,66세,경상,승용,남,37세,상해없음
노인운전자사고,2020092700100105,2020년 9월 27일 08시,일요일,부산광역시 북구 화명동,중상사고,0,1,0,0,차대차 - 기타,교차로운행방법위반,건조,맑음,교차로 - 교차로안,화물,남,69세,상해없음,이륜,남,42세,중상
노인운전자사고,2020092700100134,2020년 9월 27일 10시,일요일,부산광역시 금정구 구서동,경상사고,0,0,2,0,차대차 - 기타,교차로운행방법위반,건조,맑음,교차로 - 교차로안,화물,남,76세,상해없음,승용,남,50세,경상
노인운전자사고,2020092700100374,2020년 9월 27일 17시,일요일,부산광역시 수영구 민락동,중상사고,0,1,0,0,차대차 - 측면충돌,안전운전불이행,건조,맑음,교차로 - 교차로안,이륜,여,65세,상해없음,이륜,남,26세,중상
노인운전자사고,2020092700100415,2020년 9월 27일 18시,일요일,부산광역시 동래구 온천동,경상사고,0,0,1,0,차대차 - 측면충돌,안전거리미확보,건조,맑음,단일로 - 기타,승용,남,73세,상해없음,승합,남,50세,경상
노인운전자사고,2020092800100271,2020년 9월 28일 12시,월요일,부산광역시 중구 중앙동4가,경상사고,0,0,1,0,차대차 - 측면충돌,교차로운행방법위반,건조,맑음,교차로 - 교차로안,승용,남,65세,상해없음,승용,남,28세,경상
노인운전자사고,2020092800100275,2020년 9월 28일 12시,월요일,부산광역시 기장군 일광면,중상사고,0,1,0,0,차대사람 - 기타,안전운전불이행,건조,맑음,교차로 - 교차로부근,화물,남,75세,상해없음,보행자,여,86세,중상
노인운전자사고,2020092800100316,2020년 9월 28일 13시,월요일,부산광역시 동구 초량동,부상신고사고,0,0,0,1,차대차 - 측면충돌,안전운전불이행,건조,맑음,단일로 - 기타,승용,남,72세,상해없음,이륜,남,34세,부상신고
노인운전자사고,2020092800100363,2020년 9월 28일 14시,월요일,부산광역시 사하구 하단동,경상사고,0,0,1,0,차대차 - 기타,안전거리미확보,건조,맑음,단일로 - 지하차도(도로)내,승합,남,66세,상해없음,승합,남,35세,경상
노인운전자사고,2.02009E+15,2020년 9월 29일 05시,화요일,부산광역시 영도구 영선동3가,경상사고,0,0,1,0,차량단독 - 기타,기타,건조,맑음,단일로 - 기타,승용,남,68세,상해없음,,,,
노인운전자사고,2020092900100303,2020년 9월 29일 13시,화요일,부산광역시 금정구 남산동,경상사고,0,0,1,0,차대차 - 기타,신호위반,건조,맑음,단일로 - 기타,승용,남,78세,상해없음,승용,남,33세,경상
노인운전자사고,2020092900100359,2020년 9월 29일 14시,화요일,부산광역시 동래구 온천동,경상사고,0,0,1,0,차대차 - 측면충돌,안전운전불이행,건조,맑음,단일로 - 기타,승용,남,71세,상해없음,승용,남,69세,상해없음
노인운전자사고,2.02009E+15,2020년 9월 29일 15시,화요일,부산광역시 서구 서대신동3가,경상사고,0,0,1,0,차대차 - 추돌,안전운전불이행,건조,맑음,단일로 - 기타,승용,남,70세,상해없음,기타불명,기타불명,미분류,기타불명
노인운전자사고,2020092900100538,2020년 9월 29일 17시,화요일,부산광역시 금정구 구서동,경상사고,0,0,1,0,차대사람 - 횡단중,보행자보호의무위반,건조,맑음,교차로 - 교차로안,화물,남,71세,상해없음,보행자,남,27세,경상
노인운전자사고,2020092900100656,2020년 9월 29일 19시,화요일,부산광역시 금정구 회동동,경상사고,0,0,1,0,차대사람 - 기타,불법유턴,건조,맑음,단일로 - 기타,승용,여,65세,상해없음,보행자,여,55세,경상
노인운전자사고,2020093000100061,2020년 9월 30일 04시,수요일,부산광역시 부산진구 부전동,중상사고,0,1,2,0,차대차 - 기타,안전운전불이행,건조,맑음,단일로 - 기타,승용,남,75세,상해없음,이륜,남,20세,중상
노인운전자사고,2020100100100024,2020년 10월 1일 02시,목요일,부산광역시 동래구 명륜동,부상신고사고,0,0,0,1,차대차 - 측면충돌,안전운전불이행,건조,맑음,교차로 - 교차로부근,승용,남,66세,상해없음,이륜,남,24세,상해없음
노인운전자사고,2020100100100041,2020년 10월 1일 06시,목요일,부산광역시 부산진구 당감동,중상사고,0,1,0,0,차대차 - 측면충돌,신호위반,건조,맑음,교차로 - 교차로안,승용,남,73세,상해없음,원동기,남,73세,중상
노인운전자사고,2020100100100179,2020년 10월 1일 15시,목요일,부산광역시 부산진구 개금동,경상사고,0,0,1,0,차대차 - 기타,안전운전불이행,건조,맑음,단일로 - 기타,승용,남,69세,상해없음,자전거,남,12세,경상
노인운전자사고,2020100200100056,2020년 10월 2일 09시,금요일,부산광역시 부산진구 초읍동,중상사고,0,1,0,0,차대사람 - 기타,안전운전불이행,건조,맑음,단일로 - 기타,승용,남,68세,기타불명,보행자,남,66세,중상
노인운전자사고,2020100200100088,2020년 10월 2일 11시,금요일,부산광역시 사상구 모라동,중상사고,0,1,0,0,차대차 - 기타,안전거리미확보,건조,맑음,교차로 - 교차로부근,승용,남,65세,상해없음,이륜,남,39세,중상
노인운전자사고,2020100200100112,2020년 10월 2일 12시,금요일,부산광역시 수영구 민락동,경상사고,0,0,3,0,차대차 - 추돌,안전운전불이행,건조,맑음,단일로 - 고가도로위,승용,남,74세,기타불명,승용,남,31세,상해없음
노인운전자사고,2020100200100135,2020년 10월 2일 13시,금요일,부산광역시 금정구 금사동,경상사고,0,0,1,0,차대차 - 기타,교차로운행방법위반,건조,맑음,교차로 - 교차로안,승용,남,68세,상해없음,이륜,남,43세,경상
노인운전자사고,2020100200100241,2020년 10월 2일 17시,금요일,부산광역시 기장군 기장읍,부상신고사고,0,0,0,1,차대차 - 추돌,안전운전불이행,건조,맑음,교차로 - 교차로안,승용,여,65세,상해없음,승용,여,27세,부상신고
노인운전자사고,2.0201E+15,2020년 10월 2일 18시,금요일,부산광역시 사하구 하단동,경상사고,0,0,4,0,차대차 - 기타,안전거리미확보,건조,맑음,단일로 - 지하차도(도로)내,승용,남,67세,상해없음,승용,남,45세,경상
노인운전자사고,2020100200100303,2020년 10월 2일 19시,금요일,부산광역시 해운대구 재송동,중상사고,0,1,0,0,차대차 - 측면충돌,안전운전불이행,건조,맑음,단일로 - 기타,승용,남,75세,상해없음,승용,남,62세,중상
노인운전자사고,2020100300100165,2020년 10월 3일 13시,토요일,부산광역시 금정구 회동동,경상사고,0,0,1,0,차대차 - 기타,차로위반,건조,맑음,기타 - 기타,화물,남,71세,상해없음,승용,남,40세,경상
노인운전자사고,2020100300100199,2020년 10월 3일 14시,토요일,부산광역시 사하구 하단동,경상사고,0,0,3,0,차대차 - 기타,안전거리미확보,건조,맑음,단일로 - 기타,승용,남,74세,상해없음,승용,여,68세,경상
노인운전자사고,2.0201E+15,2020년 10월 3일 16시,토요일,부산광역시 북구 만덕동,경상사고,0,0,2,0,차대차 - 추돌,안전운전불이행,건조,맑음,교차로 - 교차로안,승용,남,67세,상해없음,승용,남,61세,경상
노인운전자사고,2020100400100238,2020년 10월 4일 16시,일요일,부산광역시 영도구 남항동3가,경상사고,0,0,1,0,차대사람 - 기타,안전운전불이행,건조,맑음,교차로 - 교차로안,승용,남,72세,상해없음,보행자,남,83세,경상
노인운전자사고,2020100400100274,2020년 10월 4일 17시,일요일,부산광역시 남구 대연동,경상사고,0,0,2,0,차대차 - 측면충돌,안전운전불이행,건조,맑음,단일로 - 기타,승용,남,69세,경상,이륜,남,30세,경상