사고부문,사고번호,사고일시,요일,시군구,사고내용,사망자수,중상자수,경상자수,부상신고자수,사고유형,법규위반,노면상태,기상상태,도로형태,가해운전자 차종,가해운전자 성별,가해운전자 연령,가해운전자 상해정도,피해운전자 차종,피해운전자 성별,피해운전자 연령,피해운전자 상해정도
노인운전자사고,2020100500100048,2020년 10월 5일 07시,월요일,부산광역시 해운대구 좌동,경상사고,0,0,1,0,차대차 - 측면충돌,신호위반,건조,맑음,단일로 - 기타,승용,여,66세,상해없음,자전거,여,70세,경상
노인운전자사고,2020100500100133,2020년 10월 5일 09시,월요일,부산광역시 부산진구 당감동,중상사고,0,1,0,1,차대차 - 측면충돌,안전거리미확보,건조,맑음,단일로 - 기타,승용,여,71세,부상신고,승용,여,51세,중상
노인운전자사고,2020100500100207,2020년 10월 5일 11시,월요일,부산광역시 부산진구 부전동,경상사고,0,0,1,0,차대차 - 정면충돌,안전운전불이행,건조,맑음,교차로 - 교차로안,화물,남,73세,상해없음,이륜,남,28세,경상
노인운전자사고,2020100500100209,2020년 10월 5일 11시,월요일,부산광역시 연제구 연산동,경상사고,0,0,1,0,차대차 - 기타,안전운전불이행,건조,맑음,단일로 - 기타,화물,남,72세,상해없음,승용,여,34세,경상
노인운전자사고,2020100500100379,2020년 10월 5일 15시,월요일,부산광역시 연제구 연산동,중상사고,0,1,1,0,차대차 - 추돌,안전운전불이행,건조,맑음,단일로 - 기타,승용,남,76세,상해없음,승용,남,69세,경상
노인운전자사고,2020100600100236,2020년 10월 6일 12시,화요일,부산광역시 사상구 감전동,경상사고,0,0,1,0,차대차 - 측면충돌,차로위반,건조,맑음,단일로 - 기타,화물,남,71세,경상,승용,여,37세,기타불명
노인운전자사고,2020100600100307,2020년 10월 6일 14시,화요일,부산광역시 금정구 장전동,경상사고,0,0,1,1,차대차 - 기타,교차로운행방법위반,건조,맑음,교차로 - 교차로안,이륜,남,69세,부상신고,승용,여,48세,경상
노인운전자사고,2020100600100308,2020년 10월 6일 14시,화요일,부산광역시 사상구 덕포동,부상신고사고,0,0,0,1,차대차 - 기타,차로위반,건조,맑음,단일로 - 기타,기타불명,남,69세,부상신고,화물,남,66세,상해없음
노인운전자사고,2020100600100536,2020년 10월 6일 19시,화요일,부산광역시 동래구 온천동,경상사고,0,0,2,0,차대차 - 측면충돌,안전운전불이행,건조,맑음,교차로 - 교차로안,승용,남,65세,상해없음,승용,남,29세,경상
노인운전자사고,2020100600100647,2020년 10월 6일 23시,화요일,부산광역시 동래구 명륜동,경상사고,0,0,1,0,차대차 - 기타,안전운전불이행,건조,맑음,교차로 - 교차로부근,승용,남,78세,상해없음,승용,남,41세,경상
노인운전자사고,2020100700100216,2020년 10월 7일 12시,수요일,부산광역시 해운대구 재송동,중상사고,0,2,0,0,차대차 - 측면충돌,신호위반,건조,맑음,교차로 - 교차로안,이륜,남,67세,중상,승합,남,56세,중상
노인운전자사고,2020100700100358,2020년 10월 7일 16시,수요일,부산광역시 강서구 송정동,경상사고,0,0,1,0,차대차 - 기타,안전운전불이행,건조,맑음,교차로 - 교차로안,특수,남,71세,경상,건설기계,남,45세,상해없음
노인운전자사고,2.0201E+15,2020년 10월 7일 17시,수요일,부산광역시 동구 초량동,경상사고,0,0,3,0,차대차 - 후진중충돌,안전운전불이행,건조,맑음,단일로 - 기타,승용,남,83세,기타불명,승용,남,25세,경상
노인운전자사고,2020100700100615,2020년 10월 7일 23시,수요일,부산광역시 강서구 대저1동,경상사고,0,0,1,0,차량단독 - 공작물충돌,안전운전불이행,건조,맑음,단일로 - 기타,승용,남,69세,경상,,,,
노인운전자사고,2020100800100058,2020년 10월 8일 06시,목요일,부산광역시 부산진구 가야동,중상사고,0,1,0,0,차량단독 - 전도전복 - 전도,기타,건조,맑음,교차로 - 교차로부근,자전거,남,68세,중상,,,,
노인운전자사고,2020100800100111,2020년 10월 8일 08시,목요일,부산광역시 사상구 주례동,경상사고,0,0,1,0,차대차 - 기타,안전거리미확보,건조,맑음,교차로 - 교차로부근,승용,남,68세,상해없음,승용,남,34세,경상
노인운전자사고,2020100800100165,2020년 10월 8일 09시,목요일,부산광역시 해운대구 좌동,경상사고,0,0,1,0,차대차 - 측면충돌,안전거리미확보,건조,맑음,단일로 - 기타,승용,남,71세,상해없음,승용,여,32세,상해없음
노인운전자사고,2020100800100211,2020년 10월 8일 10시,목요일,부산광역시 서구 동대신동3가,중상사고,0,1,0,0,차대사람 - 횡단중,보행자보호의무위반,건조,맑음,교차로 - 교차로횡단보도내,승용,남,65세,상해없음,보행자,여,43세,중상
노인운전자사고,2020100800100249,2020년 10월 8일 11시,목요일,부산광역시 금정구 청룡동,중상사고,0,1,0,0,차대차 - 측면충돌,안전운전불이행,건조,맑음,단일로 - 기타,승용,남,66세,상해없음,자전거,여,58세,중상
노인운전자사고,2020100800100283,2020년 10월 8일 12시,목요일,부산광역시 북구 구포동,중상사고,0,1,0,0,차대사람 - 기타,안전운전불이행,건조,맑음,단일로 - 기타,승용,여,70세,상해없음,보행자,여,76세,중상
노인운전자사고,2020100800100317,2020년 10월 8일 13시,목요일,부산광역시 남구 문현동,중상사고,0,1,0,0,차대차 - 기타,안전운전불이행,건조,맑음,교차로 - 교차로안,자전거,남,70세,중상,승용,남,67세,상해없음
노인운전자사고,2020100800100476,2020년 10월 8일 17시,목요일,부산광역시 서구 남부민동,중상사고,0,1,0,0,차량단독 - 기타,기타,건조,맑음,단일로 - 기타,승용,남,65세,상해없음,,,,
노인운전자사고,2020100800100479,2020년 10월 8일 17시,목요일,부산광역시 부산진구 부암동,경상사고,0,0,1,0,차대차 - 기타,기타,건조,맑음,단일로 - 기타,승용,남,66세,상해없음,이륜,남,34세,경상
노인운전자사고,2020100800100481,2020년 10월 8일 17시,목요일,부산광역시 금정구 회동동,중상사고,0,1,2,0,차대차 - 추돌,안전운전불이행,건조,맑음,단일로 - 기타,특수,남,66세,중상,승용,남,33세,경상
노인운전자사고,2020100900100072,2020년 10월 9일 06시,금요일,부산광역시 부산진구 당감동,중상사고,0,1,0,0,차대사람 - 횡단중,보행자보호의무위반,건조,맑음,단일로 - 기타,화물,남,73세,상해없음,보행자,여,81세,중상
노인운전자사고,2020100900100109,2020년 10월 9일 08시,금요일,부산광역시 금정구 금사동,경상사고,0,0,1,0,차대차 - 측면충돌,신호위반,건조,맑음,교차로 - 교차로안,승용,남,79세,상해없음,승용,여,54세,경상
노인운전자사고,2020100900100122,2020년 10월 9일 09시,금요일,부산광역시 사하구 감천동,경상사고,0,0,2,0,차대차 - 기타,안전운전불이행,건조,맑음,단일로 - 기타,화물,남,66세,경상,화물,남,38세,경상
노인운전자사고,2020100900100152,2020년 10월 9일 10시,금요일,부산광역시 사상구 감전동,경상사고,0,0,1,0,차대사람 - 차도통행중,안전운전불이행,건조,맑음,단일로 - 기타,승용,남,65세,상해없음,보행자,여,6세,경상
노인운전자사고,2020100900100212,2020년 10월 9일 12시,금요일,부산광역시 수영구 광안동,경상사고,0,0,1,0,차대차 - 측면충돌,중앙선침범,건조,맑음,교차로 - 교차로부근,승용,남,74세,상해없음,이륜,남,54세,경상
노인운전자사고,2020100900100243,2020년 10월 9일 13시,금요일,부산광역시 해운대구 재송동,경상사고,0,0,1,0,차대차 - 기타,신호위반,건조,맑음,교차로 - 교차로안,이륜,여,74세,경상,승용,남,38세,상해없음
노인운전자사고,2020100900100342,2020년 10월 9일 16시,금요일,부산광역시 해운대구 석대동,경상사고,0,0,1,0,차대차 - 측면충돌,안전운전불이행,건조,맑음,교차로 - 교차로안,승합,남,69세,경상,승용,남,58세,상해없음
노인운전자사고,2020100900100384,2020년 10월 9일 17시,금요일,부산광역시 부산진구 부전동,중상사고,0,1,0,0,차대사람 - 기타,안전운전불이행,건조,맑음,교차로 - 교차로안,화물,남,68세,상해없음,보행자,여,64세,중상
노인운전자사고,2020101000100022,2020년 10월 10일 01시,토요일,부산광역시 부산진구 범천동,경상사고,0,0,2,0,차대차 - 추돌,안전운전불이행,건조,맑음,단일로 - 기타,승용,남,68세,상해없음,승용,남,61세,경상
노인운전자사고,2020101000100045,2020년 10월 10일 04시,토요일,부산광역시 사하구 하단동,경상사고,0,0,1,0,차대차 - 측면충돌,신호위반,건조,맑음,교차로 - 교차로안,승용,남,73세,상해없음,승용,남,69세,경상
노인운전자사고,2020101000100329,2020년 10월 10일 15시,토요일,부산광역시 기장군 기장읍,경상사고,0,0,3,0,차대차 - 추돌,안전운전불이행,건조,맑음,단일로 - 기타,승용,남,67세,상해없음,승용,남,41세,경상
노인운전자사고,2020101000100549,2020년 10월 10일 21시,토요일,부산광역시 부산진구 전포동,중상사고,0,1,0,0,차대차 - 기타,기타,건조,맑음,교차로 - 교차로부근,승용,남,68세,상해없음,이륜,남,35세,중상
노인운전자사고,2020101100100053,2020년 10월 11일 05시,일요일,부산광역시 해운대구 우동,부상신고사고,0,0,0,1,차대사람 - 차도통행중,안전운전불이행,건조,맑음,단일로 - 기타,승용,여,76세,기타불명,보행자,남,30세,부상신고
노인운전자사고,2020101100100084,2020년 10월 11일 09시,일요일,부산광역시 남구 문현동,경상사고,0,0,1,0,차대차 - 측면충돌,안전운전불이행,건조,맑음,단일로 - 기타,승용,남,71세,상해없음,자전거,남,59세,경상
노인운전자사고,2020101100100207,2020년 10월 11일 14시,일요일,부산광역시 부산진구 전포동,중상사고,0,1,0,1,차대차 - 기타,신호위반,건조,맑음,교차로 - 교차로안,이륜,남,66세,부상신고,이륜,남,42세,중상
노인운전자사고,2020101100100444,2020년 10월 11일 21시,일요일,부산광역시 부산진구 가야동,경상사고,0,0,1,0,차대차 - 기타,안전거리미확보,건조,맑음,단일로 - 기타,승용,남,68세,상해없음,이륜,남,38세,경상
노인운전자사고,2020101200100186,2020년 10월 12일 10시,월요일,부산광역시 북구 만덕동,경상사고,0,0,1,0,차대차 - 측면충돌,안전운전불이행,건조,맑음,기타 - 기타,승용,남,71세,상해없음,승용,여,47세,경상
노인운전자사고,2020101200100218,2020년 10월 12일 11시,월요일,부산광역시 서구 동대신동3가,경상사고,0,0,2,0,차대차 - 측면충돌,안전거리미확보,건조,맑음,단일로 - 기타,승용,남,76세,상해없음,승용,남,60세,경상
노인운전자사고,2.0201E+15,2020년 10월 12일 14시,월요일,부산광역시 사하구 괴정동,경상사고,0,0,2,1,차대차 - 측면충돌,안전거리미확보,건조,맑음,교차로 - 교차로부근,화물,남,65세,상해없음,승용,남,45세,부상신고
노인운전자사고,2020101200100473,2020년 10월 12일 17시,월요일,부산광역시 동래구 온천동,중상사고,0,1,0,0,차대차 - 측면충돌,안전운전불이행,건조,맑음,단일로 - 기타,승용,남,72세,상해없음,승용,여,44세,중상
노인운전자사고,2020101200100474,2020년 10월 12일 17시,월요일,부산광역시 기장군 장안읍,경상사고,0,0,1,0,차대차 - 측면충돌,교차로운행방법위반,건조,맑음,교차로 - 교차로안,화물,남,77세,상해없음,이륜,남,54세,경상
노인운전자사고,2020101200100527,2020년 10월 12일 18시,월요일,부산광역시 해운대구 송정동,경상사고,0,0,1,0,차대차 - 추돌,안전운전불이행,건조,맑음,교차로 - 교차로안,승용,남,65세,상해없음,승용,남,56세,경상
노인운전자사고,2020101300100236,2020년 10월 13일 12시,화요일,부산광역시 부산진구 부전동,경상사고,0,0,1,0,차대차 - 추돌,안전거리미확보,건조,맑음,단일로 - 기타,승용,남,67세,상해없음,승용,여,57세,경상
노인운전자사고,2020101300100237,2020년 10월 13일 12시,화요일,부산광역시 부산진구 전포동,경상사고,0,0,1,0,차대차 - 측면충돌,안전거리미확보,건조,맑음,단일로 - 기타,승용,남,71세,상해없음,승용,남,45세,경상
노인운전자사고,2020101300100276,2020년 10월 13일 13시,화요일,부산광역시 사상구 주례동,경상사고,0,0,1,0,차대차 - 측면충돌,차로위반,건조,맑음,기타 - 기타,승용,남,67세,상해없음,이륜,남,32세,경상
노인운전자사고,2.0201E+15,2020년 10월 13일 16시,화요일,부산광역시 부산진구 부전동,경상사고,0,0,1,0,차대차 - 정면충돌,교차로운행방법위반,건조,맑음,교차로 - 교차로안,화물,남,75세,상해없음,승용,여,58세,경상
노인운전자사고,2.0201E+15,2020년 10월 13일 17시,화요일,부산광역시 연제구 연산동,경상사고,0,0,1,0,차대차 - 측면충돌,안전거리미확보,건조,맑음,단일로 - 기타,승용,남,72세,상해없음,승용,남,34세,경상
노인운전자사고,2.0201E+15,2020년 10월 14일 13시,수요일,부산광역시 강서구 강동동,중상사고,0,1,0,0,차대차 - 기타,안전운전불이행,건조,맑음,단일로 - 기타,승용,남,65세,상해없음,이륜,남,21세,중상
노인운전자사고,2020101400100323,2020년 10월 14일 15시,수요일,부산광역시 금정구 장전동,경상사고,0,0,1,0,차대차 - 기타,차로위반,건조,맑음,교차로 - 교차로안,승용,남,76세,상해없음,승용,남,30세,경상
노인운전자사고,2020101400100365,2020년 10월 14일 16시,수요일,부산광역시 수영구 망미동,경상사고,0,0,1,0,차대차 - 측면충돌,교차로운행방법위반,건조,맑음,교차로 - 교차로안,화물,남,67세,상해없음,승용,남,27세,경상
노인운전자사고,2.0201E+15,2020년 10월 14일 17시,수요일,부산광역시 중구 보수동1가,경상사고,0,0,1,0,차대차 - 기타,중앙선침범,건조,맑음,단일로 - 기타,승용,남,71세,상해없음,이륜,남,29세,경상
노인운전자사고,2.0201E+15,2020년 10월 14일 18시,수요일,부산광역시 부산진구 전포동,중상사고,0,1,0,0,차대차 - 기타,안전운전불이행,건조,맑음,기타 - 기타,이륜,남,71세,기타불명,이륜,남,28세,중상
노인운전자사고,2020101400100631,2020년 10월 14일 23시,수요일,부산광역시 북구 구포동,경상사고,0,0,2,0,차대차 - 기타,안전운전불이행,건조,맑음,교차로 - 교차로안,승용,남,67세,상해없음,원동기,남,20세,경상
노인운전자사고,2.0201E+15,2020년 10월 15일 08시,목요일,부산광역시 남구 용당동,경상사고,0,0,1,0,차대차 - 측면충돌,교차로운행방법위반,건조,맑음,교차로 - 교차로부근,건설기계,남,71세,상해없음,승용,남,63세,경상
노인운전자사고,2.0201E+15,2020년 10월 15일 09시,목요일,부산광역시 부산진구 범천동,경상사고,0,0,1,0,차대차 - 기타,교차로운행방법위반,건조,맑음,교차로 - 교차로부근,건설기계,남,66세,상해없음,승용,여,29세,경상
노인운전자사고,2020101500100202,2020년 10월 15일 11시,목요일,부산광역시 동래구 사직동,중상사고,0,1,0,0,차대사람 - 횡단중,안전운전불이행,건조,맑음,교차로 - 교차로안,승용,남,74세,상해없음,보행자,여,46세,중상
노인운전자사고,2020101500100323,2020년 10월 15일 14시,목요일,부산광역시 사상구 엄궁동,중상사고,0,1,1,0,차대차 - 측면충돌,중앙선침범,건조,맑음,교차로 - 교차로횡단보도내,이륜,남,67세,경상,승용,남,43세,상해없음
노인운전자사고,2020101500100628,2020년 10월 15일 20시,목요일,부산광역시 사하구 하단동,경상사고,0,0,1,0,차대차 - 기타,중앙선침범,건조,맑음,단일로 - 기타,이륜,남,67세,경상,승용,남,48세,상해없음
노인운전자사고,2020101600100149,2020년 10월 16일 10시,금요일,부산광역시 동구 범일동,중상사고,0,1,0,0,차대사람 - 보도통행중,보행자보호의무위반,건조,맑음,단일로 - 기타,승용,남,71세,상해없음,보행자,남,73세,중상
노인운전자사고,2.0201E+15,2020년 10월 16일 10시,금요일,부산광역시 연제구 거제동,경상사고,0,0,1,0,차대차 - 측면충돌,교차로운행방법위반,건조,맑음,교차로 - 교차로안,화물,남,65세,상해없음,승용,남,45세,경상
노인운전자사고,2020101600100276,2020년 10월 16일 14시,금요일,부산광역시 동구 초량동,경상사고,0,0,2,0,차량단독 - 기타,기타,건조,맑음,교차로 - 교차로안,승용,남,71세,상해없음,,,,
노인운전자사고,2020101600100351,2020년 10월 16일 16시,금요일,부산광역시 동구 범일동,중상사고,0,1,4,0,차대차 - 추돌,안전운전불이행,건조,맑음,단일로 - 기타,승용,남,74세,상해없음,승용,남,52세,중상
노인운전자사고,2020101600100393,2020년 10월 16일 17시,금요일,부산광역시 남구 대연동,부상신고사고,0,0,0,1,차대차 - 기타,안전운전불이행,건조,맑음,교차로 - 교차로안,자전거,남,78세,부상신고,승용,여,44세,상해없음
노인운전자사고,2020101600100457,2020년 10월 16일 18시,금요일,부산광역시 사하구 괴정동,부상신고사고,0,0,0,1,차대차 - 기타,교차로운행방법위반,건조,맑음,교차로 - 교차로안,승용,남,68세,상해없음,승용,여,30세,부상신고
노인운전자사고,2020101700100075,2020년 10월 17일 06시,토요일,부산광역시 강서구 대저1동,경상사고,0,0,1,0,차대차 - 추돌,안전운전불이행,건조,맑음,교차로 - 교차로안,화물,남,72세,상해없음,승용,남,42세,경상
노인운전자사고,2020101700100134,2020년 10월 17일 09시,토요일,부산광역시 서구 암남동,중상사고,0,1,0,0,차대차 - 측면충돌,차로위반,건조,맑음,교차로 - 교차로안,승용,남,69세,상해없음,승용,남,33세,중상
노인운전자사고,2020101700100431,2020년 10월 17일 16시,토요일,부산광역시 사상구 학장동,경상사고,0,0,3,0,차대차 - 추돌,안전운전불이행,건조,맑음,기타 - 기타,화물,남,66세,경상,승용,여,57세,경상
노인운전자사고,2020101700100517,2020년 10월 17일 18시,토요일,부산광역시 중구 동광동5가,경상사고,0,0,1,0,차대차 - 정면충돌,안전운전불이행,건조,맑음,단일로 - 기타,승용,남,74세,상해없음,이륜,남,45세,경상
노인운전자사고,2020101700100518,2020년 10월 17일 18시,토요일,부산광역시 해운대구 송정동,경상사고,0,0,1,0,차대차 - 기타,안전운전불이행,건조,맑음,단일로 - 기타,화물,남,67세,상해없음,승용,남,56세,경상
노인운전자사고,2020101700100519,2020년 10월 17일 18시,토요일,부산광역시 해운대구 좌동,경상사고,0,0,1,0,차대차 - 측면충돌,안전운전불이행,건조,맑음,단일로 - 기타,화물,남,67세,상해없음,승용,여,32세,경상
노인운전자사고,2020101800100094,2020년 10월 18일 08시,일요일,부산광역시 수영구 민락동,경상사고,0,0,1,0,차대차 - 기타,안전운전불이행,건조,맑음,교차로 - 교차로안,승용,남,66세,상해없음,자전거,여,59세,경상
노인운전자사고,2020101800100182,2020년 10월 18일 12시,일요일,부산광역시 서구 초장동,경상사고,0,0,1,0,차대차 - 기타,안전운전불이행,건조,맑음,교차로 - 교차로부근,승용,남,66세,상해없음,이륜,남,40세,경상
노인운전자사고,2020101800100282,2020년 10월 18일 15시,일요일,부산광역시 사상구 학장동,경상사고,0,0,1,0,차량단독 - 공작물충돌,안전운전불이행,건조,맑음,교차로 - 교차로안,화물,남,70세,경상,,,,
노인운전자사고,2020101800100331,2020년 10월 18일 16시,일요일,부산광역시 금정구 두구동,경상사고,0,0,1,0,차대차 - 기타,안전거리미확보,건조,맑음,단일로 - 기타,화물,남,71세,상해없음,화물,남,31세,경상
노인운전자사고,2.0201E+15,2020년 10월 19일 08시,월요일,부산광역시 해운대구 반송동,중상사고,0,1,0,0,차대차 - 기타,교차로운행방법위반,건조,맑음,교차로 - 교차로안,이륜,여,68세,중상,특수,남,49세,상해없음
노인운전자사고,2.0201E+15,2020년 10월 19일 10시,월요일,부산광역시 동래구 칠산동,경상사고,0,0,1,0,차대차 - 후진중충돌,안전운전불이행,건조,맑음,교차로 - 교차로안,승용,남,74세,기타불명,승용,남,44세,경상
노인운전자사고,2020101900100201,2020년 10월 19일 10시,월요일,부산광역시 해운대구 반송동,중상사고,0,1,0,0,차대차 - 추돌,안전운전불이행,건조,맑음,교차로 - 교차로부근,승용,남,76세,상해없음,승용,남,59세,상해없음
노인운전자사고,2020101900100202,2020년 10월 19일 10시,월요일,부산광역시 수영구 수영동,중상사고,0,1,0,0,차대사람 - 기타,안전운전불이행,건조,맑음,교차로 - 교차로안,승용,남,71세,상해없음,보행자,여,66세,중상
노인운전자사고,2020101900100203,2020년 10월 19일 10시,월요일,부산광역시 강서구 대저1동,부상신고사고,0,0,0,1,차대차 - 측면충돌,안전운전불이행,건조,맑음,교차로 - 교차로안,승합,남,68세,상해없음,자전거,남,76세,부상신고
노인운전자사고,2020101900100365,2020년 10월 19일 14시,월요일,부산광역시 동래구 사직동,경상사고,0,0,1,0,차대사람 - 기타,안전운전불이행,건조,맑음,기타 - 기타,승용,여,73세,상해없음,보행자,여,24세,경상
노인운전자사고,2020101900100368,2020년 10월 19일 14시,월요일,부산광역시 연제구 연산동,부상신고사고,0,0,0,2,차대차 - 기타,안전운전불이행,건조,맑음,단일로 - 기타,화물,남,74세,상해없음,화물,남,37세,부상신고
노인운전자사고,2.0201E+15,2020년 10월 19일 15시,월요일,부산광역시 금정구 남산동,경상사고,0,0,1,0,차대사람 - 보도통행중,안전운전불이행,건조,맑음,교차로 - 교차로안,화물,남,67세,상해없음,보행자,여,62세,경상
노인운전자사고,2020101900100411,2020년 10월 19일 15시,월요일,부산광역시 금정구 장전동,중상사고,0,1,0,0,차대사람 - 기타,안전운전불이행,건조,맑음,단일로 - 기타,승합,남,69세,상해없음,보행자,여,23세,중상
노인운전자사고,2020101900100543,2020년 10월 19일 18시,월요일,부산광역시 북구 화명동,경상사고,0,0,2,0,차대차 - 추돌,안전운전불이행,건조,맑음,교차로 - 교차로부근,승합,남,65세,상해없음,승용,여,23세,경상
노인운전자사고,2020102000100137,2020년 10월 20일 09시,화요일,부산광역시 사하구 다대동,부상신고사고,0,0,0,1,차대차 - 정면충돌,안전운전불이행,건조,맑음,교차로 - 교차로횡단보도내,이륜,남,66세,부상신고,승용,여,44세,상해없음
노인운전자사고,2.0201E+15,2020년 10월 20일 18시,화요일,부산광역시 서구 암남동,중상사고,0,1,0,0,차대사람 - 기타,안전운전불이행,건조,맑음,단일로 - 기타,승용,남,68세,상해없음,보행자,여,56세,중상
노인운전자사고,2020102000100678,2020년 10월 20일 21시,화요일,부산광역시 부산진구 부전동,경상사고,0,0,1,0,차대사람 - 차도통행중,안전운전불이행,건조,맑음,교차로 - 교차로안,승용,남,67세,상해없음,보행자,남,21세,경상
노인운전자사고,2020102100100157,2020년 10월 21일 09시,수요일,부산광역시 금정구 오륜동,중상사고,0,2,0,0,차대차 - 추돌,안전운전불이행,건조,맑음,단일로 - 기타,승용,남,85세,상해없음,화물,남,50세,중상
노인운전자사고,2020102100100249,2020년 10월 21일 12시,수요일,부산광역시 강서구 명지동,경상사고,0,0,1,0,차대차 - 측면충돌,불법유턴,건조,맑음,단일로 - 기타,승용,남,75세,상해없음,이륜,남,24세,경상
노인운전자사고,2020102100100274,2020년 10월 21일 13시,수요일,부산광역시 강서구 대저2동,경상사고,0,0,2,0,차대차 - 측면충돌,안전운전불이행,건조,맑음,교차로 - 교차로안,화물,남,65세,상해없음,승용,남,72세,경상
노인운전자사고,2020102100100295,2020년 10월 21일 14시,수요일,부산광역시 서구 아미동2가,경상사고,0,0,1,0,차대차 - 기타,안전운전불이행,건조,맑음,단일로 - 기타,승용,남,76세,상해없음,승용,여,48세,경상
노인운전자사고,2020102100100334,2020년 10월 21일 15시,수요일,부산광역시 사하구 감천동,경상사고,0,0,1,0,차대차 - 후진중충돌,안전운전불이행,건조,맑음,단일로 - 기타,승용,남,74세,상해없음,이륜,남,45세,경상
노인운전자사고,2020102100100371,2020년 10월 21일 16시,수요일,부산광역시 남구 대연동,경상사고,0,0,1,0,차대차 - 측면충돌,기타,건조,맑음,단일로 - 기타,승용,남,68세,상해없음,원동기,남,15세,경상
노인운전자사고,2020102100100588,2020년 10월 21일 20시,수요일,부산광역시 동래구 온천동,중상사고,0,1,0,0,차대차 - 기타,안전운전불이행,건조,맑음,교차로 - 교차로부근,자전거,남,76세,중상,승용,여,34세,상해없음
노인운전자사고,2020102100100635,2020년 10월 21일 21시,수요일,부산광역시 해운대구 우동,경상사고,0,0,1,0,차대차 - 측면충돌,안전거리미확보,젖음/습기,비,단일로 - 기타,승용,여,70세,상해없음,승용,남,44세,경상
노인운전자사고,2020102200100018,2020년 10월 22일 01시,목요일,부산광역시 수영구 광안동,경상사고,0,0,2,0,차대차 - 측면충돌,직진우회전진행방해,젖음/습기,비,교차로 - 교차로안,승용,여,69세,상해없음,승용,남,33세,경상
노인운전자사고,2020102200100035,2020년 10월 22일 03시,목요일,부산광역시 서구 충무동1가,경상사고,0,0,1,0,차대차 - 측면충돌,신호위반,젖음/습기,비,교차로 - 교차로안,승용,남,73세,상해없음,화물,남,42세,경상
노인운전자사고,2020102200100046,2020년 10월 22일 05시,목요일,부산광역시 사상구 삼락동,경상사고,0,0,1,0,차대차 - 기타,신호위반,건조,기타,교차로 - 교차로안,승용,남,70세,상해없음,승용,남,58세,경상
노인운전자사고,2020102200100079,2020년 10월 22일 07시,목요일,부산광역시 사상구 감전동,경상사고,0,0,1,0,차대차 - 기타,직진우회전진행방해,건조,기타,교차로 - 교차로안,화물,남,69세,상해없음,승용,남,43세,경상
노인운전자사고,2020102200100234,2020년 10월 22일 12시,목요일,부산광역시 강서구 명지동,경상사고,0,0,1,0,차대차 - 기타,안전운전불이행,건조,맑음,교차로 - 교차로안,승용,남,67세,상해없음,승용,남,37세,경상
노인운전자사고,2020102200100273,2020년 10월 22일 13시,목요일,부산광역시 북구 구포동,경상사고,0,0,1,0,차대차 - 기타,교차로운행방법위반,건조,맑음,교차로 - 교차로안,승용,남,71세,상해없음,자전거,남,20세,경상
노인운전자사고,2.0201E+15,2020년 10월 22일 18시,목요일,부산광역시 사하구 감천동,중상사고,0,1,0,0,차대사람 - 기타,안전운전불이행,건조,맑음,단일로 - 기타,승용,남,70세,상해없음,보행자,남,85세,중상
노인운전자사고,2020102300100046,2020년 10월 23일 05시,금요일,부산광역시 북구 만덕동,경상사고,0,0,3,0,차대차 - 기타,안전운전불이행,건조,맑음,교차로 - 교차로부근,승용,남,68세,경상,승용,남,66세,경상
노인운전자사고,2020102300100077,2020년 10월 23일 07시,금요일,부산광역시 남구 대연동,경상사고,0,0,3,0,차대차 - 기타,기타,건조,맑음,교차로 - 교차로안,승용,남,66세,경상,승용,남,65세,경상
노인운전자사고,2020102300100121,2020년 10월 23일 08시,금요일,부산광역시 강서구 화전동,경상사고,0,0,1,0,차대차 - 기타,기타,건조,맑음,교차로 - 교차로안,승용,남,74세,상해없음,이륜,남,38세,경상
노인운전자사고,2020102300100206,2020년 10월 23일 10시,금요일,부산광역시 중구 대창동2가,경상사고,0,0,1,0,차대차 - 추돌,교차로운행방법위반,건조,맑음,교차로 - 교차로부근,승용,여,66세,상해없음,승용,남,48세,경상
노인운전자사고,2020102300100208,2020년 10월 23일 10시,금요일,부산광역시 강서구 대저2동,경상사고,0,0,1,0,차대차 - 추돌,안전운전불이행,건조,맑음,교차로 - 교차로부근,화물,남,72세,상해없음,승용,여,41세,경상
노인운전자사고,2020102300100317,2020년 10월 23일 13시,금요일,부산광역시 동구 범일동,부상신고사고,0,0,0,1,차량단독 - 기타,안전운전불이행,건조,맑음,단일로 - 기타,이륜,남,68세,부상신고,,,,
노인운전자사고,2020102300100458,2020년 10월 23일 16시,금요일,부산광역시 연제구 연산동,부상신고사고,0,0,0,2,차대차 - 기타,안전거리미확보,건조,맑음,교차로 - 교차로안,승용,남,76세,상해없음,승용,남,52세,부상신고
노인운전자사고,2020102400100198,2020년 10월 24일 11시,토요일,부산광역시 사하구 신평동,경상사고,0,0,1,0,차대차 - 기타,안전운전불이행,건조,맑음,교차로 - 교차로부근,승용,남,66세,상해없음,승용,남,30세,경상