사고부문,사고번호,사고일시,요일,시군구,사고내용,사망자수,중상자수,경상자수,부상신고자수,사고유형,법규위반,노면상태,기상상태,도로형태,가해운전자 차종,가해운전자 성별,가해운전자 연령,가해운전자 상해정도,피해운전자 차종,피해운전자 성별,피해운전자 연령,피해운전자 상해정도
노인운전자사고,2020102400100344,2020년 10월 24일 14시,토요일,부산광역시 강서구 범방동,경상사고,0,0,1,0,차대차 - 기타,차로위반,건조,맑음,단일로 - 기타,특수,남,66세,상해없음,승용,여,39세,경상
노인운전자사고,2.0201E+15,2020년 10월 24일 18시,토요일,부산광역시 동구 범일동,경상사고,0,0,2,0,차대차 - 측면충돌,교차로운행방법위반,건조,맑음,교차로 - 교차로안,승용,남,72세,상해없음,승용,남,58세,경상
노인운전자사고,2020102400100521,2020년 10월 24일 18시,토요일,부산광역시 부산진구 부전동,중상사고,0,1,0,0,차대차 - 기타,안전운전불이행,건조,맑음,교차로 - 교차로안,승용,남,70세,상해없음,이륜,남,19세,중상
노인운전자사고,2020102500100112,2020년 10월 25일 09시,일요일,부산광역시 사상구 괘법동,중상사고,0,1,0,0,차대차 - 기타,기타,건조,맑음,단일로 - 기타,승용,남,65세,상해없음,원동기,남,23세,중상
노인운전자사고,2020102500100136,2020년 10월 25일 10시,일요일,부산광역시 동래구 명장동,경상사고,0,0,1,0,차대차 - 기타,안전운전불이행,건조,맑음,단일로 - 기타,승용,남,72세,상해없음,승용,여,40세,경상
노인운전자사고,2020102500100289,2020년 10월 25일 15시,일요일,부산광역시 서구 남부민동,경상사고,0,0,1,0,차대차 - 측면충돌,안전운전불이행,건조,맑음,교차로 - 교차로안,승용,여,65세,상해없음,승용,남,71세,경상
노인운전자사고,2020102500100328,2020년 10월 25일 16시,일요일,부산광역시 기장군 일광면,경상사고,0,0,3,0,차대차 - 측면충돌,교차로운행방법위반,건조,맑음,교차로 - 교차로안,승용,남,70세,경상,승용,남,49세,경상
노인운전자사고,2.0201E+15,2020년 10월 26일 07시,월요일,부산광역시 사하구 장림동,경상사고,0,0,3,0,차대차 - 측면충돌,안전거리미확보,건조,맑음,단일로 - 지하차도(도로)내,승용,남,76세,경상,승합,남,71세,경상
노인운전자사고,2020102600100357,2020년 10월 26일 14시,월요일,부산광역시 동구 범일동,경상사고,0,0,2,0,차대차 - 측면충돌,신호위반,건조,맑음,단일로 - 기타,승용,남,71세,상해없음,승용,여,29세,경상
노인운전자사고,2020102600100384,2020년 10월 26일 15시,월요일,부산광역시 강서구 명지동,경상사고,0,0,1,0,차대차 - 측면충돌,신호위반,건조,맑음,교차로 - 교차로안,승용,여,65세,상해없음,승용,여,59세,경상
노인운전자사고,2020102600100432,2020년 10월 26일 16시,월요일,부산광역시 수영구 남천동,경상사고,0,0,1,0,차대차 - 측면충돌,안전운전불이행,건조,맑음,단일로 - 기타,승합,남,66세,상해없음,승용,남,37세,경상
노인운전자사고,2020102700100019,2020년 10월 27일 01시,화요일,부산광역시 북구 구포동,중상사고,0,1,1,0,차대차 - 측면충돌,교차로운행방법위반,건조,맑음,교차로 - 교차로안,승용,남,69세,경상,이륜,남,27세,중상
노인운전자사고,2020102700100036,2020년 10월 27일 04시,화요일,부산광역시 동구 범일동,중상사고,0,1,0,0,차대차 - 기타,안전운전불이행,건조,맑음,단일로 - 기타,자전거,남,80세,중상,승용,남,57세,상해없음
노인운전자사고,2020102700100449,2020년 10월 27일 17시,화요일,부산광역시 연제구 거제동,경상사고,0,0,2,0,차대차 - 기타,안전거리미확보,건조,맑음,교차로 - 교차로안,승용,남,77세,상해없음,화물,남,33세,경상
노인운전자사고,2020102700100628,2020년 10월 27일 21시,화요일,부산광역시 금정구 장전동,경상사고,0,0,1,0,차대차 - 기타,안전운전불이행,건조,맑음,교차로 - 교차로안,승용,남,68세,상해없음,승용,남,35세,경상
노인운전자사고,2.0201E+15,2020년 10월 28일 06시,수요일,부산광역시 동래구 온천동,중상사고,0,1,0,0,차대차 - 측면충돌,안전운전불이행,건조,맑음,단일로 - 기타,승용,남,72세,상해없음,자전거,남,78세,중상
노인운전자사고,2020102800100062,2020년 10월 28일 06시,수요일,부산광역시 강서구 명지동,경상사고,0,0,1,0,차대차 - 측면충돌,교차로운행방법위반,건조,맑음,교차로 - 교차로안,승용,남,69세,상해없음,승용,여,31세,경상
노인운전자사고,2020102800100101,2020년 10월 28일 08시,수요일,부산광역시 연제구 연산동,경상사고,0,0,2,0,차대차 - 측면충돌,교차로운행방법위반,건조,맑음,교차로 - 교차로부근,승용,남,76세,기타불명,승용,남,52세,경상
노인운전자사고,2020102800100291,2020년 10월 28일 13시,수요일,부산광역시 서구 동대신동3가,경상사고,0,0,2,0,차대차 - 측면충돌,안전운전불이행,건조,맑음,교차로 - 교차로부근,승용,남,76세,상해없음,화물,남,31세,경상
노인운전자사고,2020102800100408,2020년 10월 28일 16시,수요일,부산광역시 동래구 사직동,중상사고,0,1,0,0,차대사람 - 기타,안전운전불이행,건조,맑음,교차로 - 교차로부근,승합,남,67세,상해없음,보행자,여,76세,중상
노인운전자사고,2020102800100497,2020년 10월 28일 18시,수요일,부산광역시 사상구 학장동,중상사고,0,2,0,0,차대차 - 측면충돌,안전운전불이행,건조,맑음,교차로 - 교차로안,승합,남,69세,상해없음,승합,남,72세,중상
노인운전자사고,2020102900100024,2020년 10월 29일 02시,목요일,부산광역시 금정구 장전동,경상사고,0,0,1,0,차대사람 - 기타,안전운전불이행,건조,맑음,교차로 - 교차로안,승용,남,72세,상해없음,보행자,여,22세,경상
노인운전자사고,2020102900100189,2020년 10월 29일 10시,목요일,부산광역시 기장군 철마면,중상사고,0,1,0,0,차대차 - 정면충돌,신호위반,건조,맑음,교차로 - 교차로안,승용,남,77세,상해없음,이륜,남,34세,중상
노인운전자사고,2.0201E+15,2020년 10월 29일 13시,목요일,부산광역시 북구 덕천동,경상사고,0,0,1,0,차대사람 - 기타,안전운전불이행,건조,맑음,단일로 - 기타,승용,남,65세,상해없음,보행자,여,33세,경상
노인운전자사고,2020102900100339,2020년 10월 29일 14시,목요일,부산광역시 서구 동대신동2가,중상사고,0,1,0,0,차대사람 - 차도통행중,안전운전불이행,건조,맑음,단일로 - 기타,승용,남,68세,상해없음,보행자,여,69세,중상
노인운전자사고,2020102900100376,2020년 10월 29일 15시,목요일,부산광역시 북구 화명동,중상사고,0,1,0,0,차대차 - 기타,안전운전불이행,건조,맑음,단일로 - 기타,이륜,남,73세,상해없음,자전거,남,12세,중상
노인운전자사고,2020102900100378,2020년 10월 29일 15시,목요일,부산광역시 사하구 당리동,경상사고,0,0,1,0,차대사람 - 기타,안전운전불이행,건조,맑음,교차로 - 교차로부근,승용,여,65세,상해없음,보행자,여,58세,경상
노인운전자사고,2020102900100422,2020년 10월 29일 16시,목요일,부산광역시 동래구 온천동,경상사고,0,0,1,0,차대차 - 기타,교차로운행방법위반,건조,맑음,교차로 - 교차로안,화물,남,74세,상해없음,화물,남,57세,경상
노인운전자사고,2020102900100524,2020년 10월 29일 18시,목요일,부산광역시 서구 암남동,경상사고,0,0,2,0,차대차 - 추돌,안전운전불이행,건조,맑음,단일로 - 기타,화물,남,77세,경상,승용,남,40세,경상
노인운전자사고,2020102900100594,2020년 10월 29일 19시,목요일,부산광역시 사상구 괘법동,경상사고,0,0,1,0,차대차 - 후진중충돌,안전운전불이행,건조,맑음,기타 - 기타,승용,남,67세,상해없음,이륜,남,36세,경상
노인운전자사고,2020102900100699,2020년 10월 29일 22시,목요일,부산광역시 남구 대연동,경상사고,0,0,3,0,차대차 - 측면충돌,안전운전불이행,건조,맑음,교차로 - 교차로안,승용,남,71세,경상,승용,여,33세,경상
노인운전자사고,2.0201E+15,2020년 10월 29일 22시,목요일,부산광역시 북구 금곡동,중상사고,0,1,0,0,차대사람 - 보도통행중,보행자보호의무위반,건조,맑음,단일로 - 기타,승용,여,65세,상해없음,보행자,남,59세,중상
노인운전자사고,2020103000100196,2020년 10월 30일 10시,금요일,부산광역시 중구 보수동2가,중상사고,0,1,0,0,차대사람 - 횡단중,안전운전불이행,건조,맑음,교차로 - 교차로안,승용,남,73세,상해없음,보행자,여,37세,중상
노인운전자사고,2.0201E+15,2020년 10월 30일 11시,금요일,부산광역시 서구 충무동1가,중상사고,0,1,0,0,차대차 - 측면충돌,신호위반,건조,맑음,교차로 - 교차로안,승용,남,74세,상해없음,원동기,여,52세,중상
노인운전자사고,2020103000100231,2020년 10월 30일 11시,금요일,부산광역시 부산진구 개금동,경상사고,0,0,1,0,차대차 - 기타,차로위반,건조,맑음,단일로 - 기타,승용,남,71세,상해없음,화물,남,25세,경상
노인운전자사고,2020103000100354,2020년 10월 30일 14시,금요일,부산광역시 사하구 감천동,경상사고,0,0,1,0,차대사람 - 차도통행중,안전운전불이행,건조,맑음,교차로 - 교차로안,승합,남,71세,상해없음,보행자,여,59세,경상
노인운전자사고,2020103000100355,2020년 10월 30일 14시,금요일,부산광역시 사상구 모라동,경상사고,0,0,1,0,차대차 - 측면충돌,안전거리미확보,건조,맑음,단일로 - 고가도로위,화물,남,66세,기타불명,승합,남,40세,경상
노인운전자사고,2020103000100492,2020년 10월 30일 17시,금요일,부산광역시 서구 암남동,중상사고,0,2,1,0,차대차 - 측면충돌,중앙선침범,건조,맑음,단일로 - 기타,승용,남,78세,중상,승용,여,28세,중상
노인운전자사고,2020103100100021,2020년 10월 31일 01시,토요일,부산광역시 해운대구 석대동,중상사고,0,1,0,0,차량단독 - 기타,안전운전불이행,건조,맑음,교차로 - 교차로부근,승용,남,71세,상해없음,,,,
노인운전자사고,2020103100100103,2020년 10월 31일 08시,토요일,부산광역시 금정구 부곡동,경상사고,0,0,1,0,차대차 - 측면충돌,안전운전불이행,건조,맑음,교차로 - 교차로부근,승용,남,71세,상해없음,승합,남,55세,경상
노인운전자사고,2020103100100126,2020년 10월 31일 09시,토요일,부산광역시 북구 화명동,경상사고,0,0,1,0,차대차 - 기타,안전거리미확보,건조,맑음,단일로 - 기타,승용,남,71세,상해없음,승용,남,65세,경상
노인운전자사고,2020103100100203,2020년 10월 31일 11시,토요일,부산광역시 중구 중앙동3가,중상사고,0,1,1,0,차대차 - 측면충돌,안전운전불이행,건조,맑음,단일로 - 기타,이륜,여,68세,상해없음,승용,남,57세,경상
노인운전자사고,2020103100100258,2020년 10월 31일 12시,토요일,부산광역시 금정구 부곡동,경상사고,0,0,1,0,차대사람 - 횡단중,안전운전불이행,건조,맑음,교차로 - 교차로부근,승용,남,65세,상해없음,보행자,남,50세,경상
노인운전자사고,2020103100100497,2020년 10월 31일 18시,토요일,부산광역시 서구 토성동3가,경상사고,0,0,1,0,차대차 - 측면충돌,안전운전불이행,건조,맑음,교차로 - 교차로안,자전거,남,72세,경상,승용,남,20세,상해없음
노인운전자사고,2020110100100082,2020년 11월 1일 07시,일요일,부산광역시 강서구 봉림동,중상사고,0,1,1,0,차대차 - 측면충돌,교차로운행방법위반,건조,맑음,교차로 - 교차로안,승용,남,73세,중상,화물,남,52세,경상
노인운전자사고,2020110100100143,2020년 11월 1일 11시,일요일,부산광역시 금정구 부곡동,중상사고,0,1,0,0,차대차 - 기타,안전운전불이행,건조,맑음,기타 - 기타,승용,남,67세,상해없음,승용,여,53세,상해없음
노인운전자사고,2020110100100169,2020년 11월 1일 12시,일요일,부산광역시 부산진구 양정동,경상사고,0,0,1,0,차대사람 - 횡단중,보행자보호의무위반,건조,맑음,단일로 - 기타,승용,남,65세,상해없음,보행자,여,33세,경상
노인운전자사고,2.02011E+15,2020년 11월 1일 12시,일요일,부산광역시 연제구 연산동,중상사고,0,1,2,0,차대차 - 측면충돌,신호위반,건조,맑음,교차로 - 교차로안,승용,남,65세,상해없음,승용,남,71세,중상
노인운전자사고,2020110100100233,2020년 11월 1일 14시,일요일,부산광역시 동구 초량동,중상사고,0,1,0,0,차대차 - 측면충돌,안전거리미확보,건조,맑음,단일로 - 기타,승용,남,70세,상해없음,승용,여,60세,중상
노인운전자사고,2020110100100338,2020년 11월 1일 17시,일요일,부산광역시 수영구 광안동,중상사고,0,1,0,0,차대사람 - 기타,안전운전불이행,건조,맑음,교차로 - 교차로부근,승용,남,68세,상해없음,보행자,여,70세,중상
노인운전자사고,2020110200100074,2020년 11월 2일 07시,월요일,부산광역시 동래구 온천동,경상사고,0,0,1,0,차대차 - 후진중충돌,안전운전불이행,건조,맑음,단일로 - 기타,승용,남,71세,상해없음,승용,여,45세,경상
노인운전자사고,2020110200100075,2020년 11월 2일 07시,월요일,부산광역시 사하구 괴정동,중상사고,0,1,0,0,차대차 - 측면충돌,안전운전불이행,건조,맑음,교차로 - 교차로안,승용,남,65세,상해없음,이륜,남,23세,중상
노인운전자사고,2020110200100284,2020년 11월 2일 13시,월요일,부산광역시 금정구 서동,경상사고,0,0,1,0,차대사람 - 길가장자리구역통행중,안전운전불이행,건조,맑음,단일로 - 기타,승용,남,65세,상해없음,보행자,여,64세,경상
노인운전자사고,2.02011E+15,2020년 11월 2일 16시,월요일,부산광역시 동래구 온천동,경상사고,0,0,1,0,차대차 - 추돌,안전거리미확보,건조,맑음,기타 - 기타,승용,남,79세,상해없음,승용,여,57세,경상
노인운전자사고,2020110300100233,2020년 11월 3일 11시,화요일,부산광역시 동구 수정동,중상사고,0,1,0,0,차대사람 - 기타,안전운전불이행,건조,맑음,단일로 - 기타,승용,남,69세,상해없음,보행자,남,54세,중상
노인운전자사고,2.02011E+15,2020년 11월 3일 13시,화요일,부산광역시 서구 서대신동1가,중상사고,0,1,0,0,차대차 - 측면충돌,안전운전불이행,건조,맑음,단일로 - 기타,자전거,여,71세,중상,특수,남,58세,상해없음
노인운전자사고,2020110300100301,2020년 11월 3일 13시,화요일,부산광역시 서구 부민동1가,경상사고,0,0,1,0,차대차 - 측면충돌,직진우회전진행방해,건조,맑음,교차로 - 교차로부근,승용,남,70세,상해없음,승용,여,49세,경상
노인운전자사고,2020110300100367,2020년 11월 3일 15시,화요일,부산광역시 동래구 사직동,경상사고,0,0,1,0,차대차 - 후진중충돌,안전운전불이행,건조,맑음,기타 - 기타,승용,남,68세,상해없음,이륜,남,38세,경상
노인운전자사고,2020110400100094,2020년 11월 4일 08시,수요일,부산광역시 남구 대연동,경상사고,0,0,1,0,차대차 - 측면충돌,교차로운행방법위반,건조,맑음,교차로 - 교차로안,승용,남,65세,상해없음,이륜,남,31세,상해없음
노인운전자사고,2020110400100161,2020년 11월 4일 09시,수요일,부산광역시 서구 서대신동2가,경상사고,0,0,1,0,차대사람 - 길가장자리구역통행중,기타,건조,맑음,교차로 - 교차로부근,승용,남,69세,상해없음,보행자,여,66세,경상
노인운전자사고,2020110400100162,2020년 11월 4일 09시,수요일,부산광역시 서구 부민동1가,경상사고,0,0,1,0,차대차 - 측면충돌,안전운전불이행,건조,맑음,교차로 - 교차로안,승용,남,68세,상해없음,승용,여,65세,경상
노인운전자사고,2.02011E+15,2020년 11월 4일 10시,수요일,부산광역시 동래구 안락동,중상사고,0,1,0,0,차대차 - 추돌,안전운전불이행,건조,맑음,단일로 - 기타,승용,여,65세,상해없음,승용,남,67세,중상
노인운전자사고,2.02011E+15,2020년 11월 4일 11시,수요일,부산광역시 남구 감만동,경상사고,0,0,1,0,차대차 - 측면충돌,안전거리미확보,건조,맑음,교차로 - 교차로부근,특수,남,66세,상해없음,승용,남,40세,경상
노인운전자사고,2020110400100287,2020년 11월 4일 12시,수요일,부산광역시 부산진구 전포동,중상사고,0,1,0,0,차대사람 - 보도통행중,안전운전불이행,건조,맑음,기타 - 기타,자전거,남,73세,상해없음,보행자,여,58세,중상
노인운전자사고,2020110400100288,2020년 11월 4일 12시,수요일,부산광역시 사하구 괴정동,중상사고,0,1,0,0,차대사람 - 차도통행중,안전운전불이행,건조,맑음,단일로 - 기타,승용,남,65세,상해없음,보행자,여,58세,중상
노인운전자사고,2.02011E+15,2020년 11월 4일 18시,수요일,부산광역시 남구 우암동,중상사고,0,1,0,1,차대차 - 측면충돌,안전운전불이행,건조,맑음,단일로 - 기타,이륜,남,72세,중상,승용,남,57세,부상신고
노인운전자사고,2020110400100591,2020년 11월 4일 19시,수요일,부산광역시 부산진구 부암동,경상사고,0,0,1,0,차대차 - 기타,안전운전불이행,건조,맑음,기타 - 기타,승용,여,67세,상해없음,승용,여,55세,경상
노인운전자사고,2020110400100639,2020년 11월 4일 20시,수요일,부산광역시 부산진구 부전동,경상사고,0,0,1,0,차대차 - 측면충돌,안전운전불이행,건조,맑음,교차로 - 교차로부근,건설기계,남,72세,상해없음,승용,여,72세,경상
노인운전자사고,2020110500100019,2020년 11월 5일 01시,목요일,부산광역시 수영구 민락동,중상사고,0,1,0,0,차대차 - 측면충돌,안전운전불이행,건조,맑음,기타 - 기타,승용,남,66세,상해없음,이륜,남,40세,중상
노인운전자사고,2020110500100067,2020년 11월 5일 07시,목요일,부산광역시 동래구 안락동,경상사고,0,0,1,0,차대차 - 추돌,안전운전불이행,건조,맑음,단일로 - 기타,승용,남,71세,상해없음,승용,남,39세,경상
노인운전자사고,2020110500100145,2020년 11월 5일 09시,목요일,부산광역시 연제구 연산동,경상사고,0,0,1,0,차대차 - 측면충돌,교차로운행방법위반,건조,맑음,교차로 - 교차로안,승용,남,65세,기타불명,승용,여,63세,경상
노인운전자사고,2020110500100175,2020년 11월 5일 10시,목요일,부산광역시 북구 화명동,경상사고,0,0,1,1,차대차 - 기타,교차로운행방법위반,건조,맑음,교차로 - 교차로안,승용,여,67세,부상신고,승용,남,38세,경상
노인운전자사고,2020110500100457,2020년 11월 5일 18시,목요일,부산광역시 사상구 삼락동,중상사고,0,1,0,0,차대차 - 추돌,안전운전불이행,건조,맑음,단일로 - 기타,원동기,남,73세,중상,농기계,남,33세,상해없음
노인운전자사고,2020110500100629,2020년 11월 5일 22시,목요일,부산광역시 해운대구 좌동,중상사고,0,1,2,0,차대차 - 추돌,안전운전불이행,건조,맑음,교차로 - 교차로부근,승용,남,66세,중상,승용,여,49세,경상
노인운전자사고,2020110600100003,2020년 11월 6일 00시,금요일,부산광역시 사상구 감전동,중상사고,0,1,3,0,차대차 - 측면충돌,신호위반,건조,맑음,교차로 - 교차로안,승용,남,65세,상해없음,승용,남,37세,중상
노인운전자사고,2020110600100048,2020년 11월 6일 05시,금요일,부산광역시 동래구 안락동,경상사고,0,0,1,0,차대차 - 측면충돌,신호위반,건조,맑음,교차로 - 교차로안,승용,남,76세,상해없음,승용,남,26세,경상
노인운전자사고,2020110600100059,2020년 11월 6일 06시,금요일,부산광역시 중구 중앙동3가,중상사고,0,1,0,0,차대차 - 정면충돌,신호위반,건조,맑음,교차로 - 교차로안,승합,남,69세,상해없음,이륜,남,57세,중상
노인운전자사고,2020110600100101,2020년 11월 6일 08시,금요일,부산광역시 수영구 광안동,경상사고,0,0,2,0,차대차 - 기타,안전운전불이행,건조,맑음,단일로 - 기타,승용,남,65세,상해없음,승용,여,39세,경상
노인운전자사고,2020110600100153,2020년 11월 6일 10시,금요일,부산광역시 부산진구 부전동,경상사고,0,0,1,0,차대사람 - 기타,기타,건조,맑음,교차로 - 교차로부근,승용,남,75세,기타불명,보행자,남,51세,경상
노인운전자사고,2020110600100154,2020년 11월 6일 10시,금요일,부산광역시 금정구 노포동,중상사고,0,1,0,0,차대차 - 측면충돌,안전운전불이행,건조,맑음,교차로 - 교차로안,승용,남,70세,상해없음,이륜,남,81세,중상
노인운전자사고,2020110700100142,2020년 11월 7일 10시,토요일,부산광역시 중구 부평동3가,부상신고사고,0,0,0,1,차대차 - 측면충돌,안전운전불이행,건조,맑음,단일로 - 기타,이륜,남,71세,부상신고,승합,남,62세,상해없음
노인운전자사고,2020110700100143,2020년 11월 7일 10시,토요일,부산광역시 사하구 하단동,경상사고,0,0,1,0,차대차 - 후진중충돌,불법유턴,건조,맑음,단일로 - 지하차도(도로)내,승용,남,68세,상해없음,승용,남,65세,경상
노인운전자사고,2020110700100186,2020년 11월 7일 11시,토요일,부산광역시 연제구 거제동,경상사고,0,0,1,0,차대차 - 추돌,안전거리미확보,건조,맑음,단일로 - 기타,승용,남,67세,기타불명,화물,남,35세,경상
노인운전자사고,2020110700100273,2020년 11월 7일 13시,토요일,부산광역시 강서구 명지동,경상사고,0,0,1,0,차대사람 - 횡단중,신호위반,건조,맑음,교차로 - 교차로안,승용,여,68세,상해없음,보행자,여,28세,상해없음
노인운전자사고,2020110700100305,2020년 11월 7일 14시,토요일,부산광역시 동래구 사직동,중상사고,0,1,0,0,차대사람 - 횡단중,보행자보호의무위반,건조,맑음,단일로 - 기타,승용,남,73세,상해없음,보행자,남,52세,중상
노인운전자사고,2020110700100355,2020년 11월 7일 15시,토요일,부산광역시 사상구 모라동,경상사고,0,0,1,0,차대차 - 기타,기타,건조,맑음,기타 - 기타,화물,남,65세,상해없음,승용,여,47세,경상
노인운전자사고,2020110700100442,2020년 11월 7일 17시,토요일,부산광역시 부산진구 전포동,경상사고,0,0,1,0,차대차 - 측면충돌,안전거리미확보,건조,맑음,교차로 - 교차로안,이륜,남,88세,경상,승용,남,45세,상해없음
노인운전자사고,2020110800100073,2020년 11월 8일 06시,일요일,부산광역시 동래구 온천동,경상사고,0,0,1,0,차대차 - 기타,안전운전불이행,건조,맑음,교차로 - 교차로부근,승용,남,76세,상해없음,승용,남,78세,상해없음
노인운전자사고,2020110800100252,2020년 11월 8일 14시,일요일,부산광역시 동래구 온천동,사망사고,1,0,0,0,차량단독 - 공작물충돌,안전운전불이행,건조,맑음,단일로 - 기타,이륜,남,81세,사망,,,,
노인운전자사고,2.02011E+15,2020년 11월 8일 18시,일요일,부산광역시 동구 수정동,경상사고,0,0,3,0,차대차 - 추돌,안전거리미확보,건조,맑음,단일로 - 기타,승용,남,69세,기타불명,승용,남,50세,경상
노인운전자사고,2020110800100414,2020년 11월 8일 18시,일요일,부산광역시 사상구 덕포동,경상사고,0,0,1,0,차대차 - 기타,중앙선침범,건조,맑음,단일로 - 기타,승용,여,65세,상해없음,승용,남,23세,경상
노인운전자사고,2020110800100468,2020년 11월 8일 19시,일요일,부산광역시 부산진구 전포동,경상사고,0,0,1,0,차대차 - 기타,안전운전불이행,건조,맑음,교차로 - 교차로안,승용,남,81세,상해없음,승용,남,34세,경상
노인운전자사고,2.02011E+15,2020년 11월 9일 08시,월요일,부산광역시 사상구 학장동,중상사고,0,1,5,0,차대차 - 추돌,안전운전불이행,건조,맑음,단일로 - 기타,화물,남,67세,상해없음,승용,남,49세,중상
노인운전자사고,2020110900100188,2020년 11월 9일 10시,월요일,부산광역시 동래구 명장동,경상사고,0,0,2,0,차대차 - 기타,교차로운행방법위반,건조,맑음,교차로 - 교차로안,화물,남,68세,상해없음,승용,남,27세,경상
노인운전자사고,2020110900100189,2020년 11월 9일 10시,월요일,부산광역시 사상구 학장동,경상사고,0,0,1,0,차대차 - 측면충돌,교차로운행방법위반,건조,맑음,교차로 - 교차로안,승용,남,68세,상해없음,승용,남,39세,경상
노인운전자사고,2020110900100223,2020년 11월 9일 11시,월요일,부산광역시 수영구 광안동,경상사고,0,0,1,0,차대차 - 추돌,안전운전불이행,건조,맑음,단일로 - 기타,승용,남,65세,상해없음,승용,여,33세,경상
노인운전자사고,2020110900100307,2020년 11월 9일 13시,월요일,부산광역시 사하구 장림동,경상사고,0,0,1,0,차대차 - 기타,교차로운행방법위반,건조,맑음,교차로 - 교차로안,승용,여,65세,상해없음,승용,남,66세,상해없음
노인운전자사고,2020110900100484,2020년 11월 9일 17시,월요일,부산광역시 수영구 망미동,경상사고,0,0,1,0,차대차 - 정면충돌,안전운전불이행,건조,맑음,단일로 - 기타,승용,남,74세,상해없음,이륜,남,19세,경상
노인운전자사고,2020111000100047,2020년 11월 10일 05시,화요일,부산광역시 서구 충무동1가,경상사고,0,0,1,0,차대사람 - 보도통행중,기타,건조,맑음,교차로 - 교차로부근,기타불명,여,66세,상해없음,보행자,여,70세,경상
노인운전자사고,2020111000100295,2020년 11월 10일 13시,화요일,부산광역시 부산진구 부전동,경상사고,0,0,1,0,차대사람 - 길가장자리구역통행중,안전운전불이행,건조,맑음,단일로 - 기타,승용,남,70세,상해없음,보행자,남,78세,경상
노인운전자사고,2020111000100339,2020년 11월 10일 14시,화요일,부산광역시 부산진구 연지동,경상사고,0,0,1,0,차대차 - 추돌,안전운전불이행,건조,맑음,교차로 - 교차로부근,건설기계,남,65세,상해없음,승용,여,42세,경상
노인운전자사고,2020111000100373,2020년 11월 10일 15시,화요일,부산광역시 사하구 하단동,중상사고,0,1,0,0,차대차 - 추돌,안전운전불이행,건조,맑음,단일로 - 지하차도(도로)내,화물,남,70세,중상,건설기계,남,52세,상해없음
노인운전자사고,2020111100100061,2020년 11월 11일 07시,수요일,부산광역시 금정구 서동,중상사고,0,1,0,0,차대사람 - 기타,기타,건조,맑음,교차로 - 교차로안,승용,남,70세,상해없음,보행자,여,30세,중상
노인운전자사고,2020111100100086,2020년 11월 11일 08시,수요일,부산광역시 서구 동대신동3가,경상사고,0,0,3,1,차대차 - 기타,안전운전불이행,건조,맑음,교차로 - 교차로안,화물,남,73세,부상신고,승용,남,77세,경상
노인운전자사고,2020111100100221,2020년 11월 11일 11시,수요일,부산광역시 연제구 연산동,경상사고,0,0,1,0,차대차 - 측면충돌,안전운전불이행,건조,맑음,교차로 - 교차로부근,승용,남,73세,상해없음,이륜,남,29세,경상
노인운전자사고,2020111100100358,2020년 11월 11일 14시,수요일,부산광역시 동구 수정동,중상사고,0,1,0,0,차대사람 - 기타,안전운전불이행,건조,맑음,단일로 - 기타,건설기계,남,69세,상해없음,보행자,여,28세,중상
노인운전자사고,2020111100100361,2020년 11월 11일 14시,수요일,부산광역시 금정구 회동동,중상사고,0,2,0,0,차대차 - 측면충돌,안전거리미확보,건조,맑음,단일로 - 기타,승용,남,66세,상해없음,승용,남,37세,중상
노인운전자사고,2020111100100362,2020년 11월 11일 14시,수요일,부산광역시 강서구 대저1동,부상신고사고,0,0,0,1,차대차 - 추돌,안전운전불이행,건조,맑음,교차로 - 교차로부근,화물,남,65세,상해없음,승용,여,40세,부상신고
노인운전자사고,2020111100100393,2020년 11월 11일 15시,수요일,부산광역시 동래구 수안동,경상사고,0,0,1,0,차대사람 - 길가장자리구역통행중,안전운전불이행,건조,맑음,단일로 - 기타,승용,남,68세,상해없음,보행자,여,20세,경상
노인운전자사고,2020111100100394,2020년 11월 11일 15시,수요일,부산광역시 사하구 괴정동,중상사고,0,2,0,0,차대차 - 기타,기타,건조,맑음,교차로 - 교차로안,화물,남,77세,상해없음,이륜,남,35세,중상
노인운전자사고,2020111100100723,2020년 11월 11일 22시,수요일,부산광역시 동래구 사직동,경상사고,0,0,1,0,차대차 - 기타,안전운전불이행,건조,맑음,교차로 - 교차로안,승용,남,71세,상해없음,승용,남,64세,경상
노인운전자사고,2020111200100047,2020년 11월 12일 04시,목요일,부산광역시 사상구 감전동,중상사고,0,1,0,0,차대차 - 정면충돌,신호위반,건조,맑음,교차로 - 교차로안,승용,남,66세,상해없음,이륜,남,62세,중상