사고부문,사고번호,사고일시,요일,시군구,사고내용,사망자수,중상자수,경상자수,부상신고자수,사고유형,법규위반,노면상태,기상상태,도로형태,가해운전자 차종,가해운전자 성별,가해운전자 연령,가해운전자 상해정도,피해운전자 차종,피해운전자 성별,피해운전자 연령,피해운전자 상해정도
노인운전자사고,2020111200100503,2020년 11월 12일 18시,목요일,부산광역시 수영구 망미동,경상사고,0,0,1,0,차대차 - 추돌,안전운전불이행,건조,맑음,단일로 - 기타,승용,남,65세,상해없음,승용,여,26세,경상
노인운전자사고,2020111200100612,2020년 11월 12일 20시,목요일,부산광역시 사상구 모라동,경상사고,0,0,1,0,차대사람 - 기타,안전운전불이행,건조,맑음,단일로 - 기타,승용,남,65세,상해없음,보행자,남,62세,경상
노인운전자사고,2020111300100024,2020년 11월 13일 02시,금요일,부산광역시 금정구 서동,경상사고,0,0,2,0,차대사람 - 기타,안전운전불이행,건조,맑음,교차로 - 교차로안,승용,남,69세,상해없음,보행자,남,59세,경상
노인운전자사고,2020111300100072,2020년 11월 13일 07시,금요일,부산광역시 연제구 거제동,경상사고,0,0,1,0,차량단독 - 기타,안전운전불이행,건조,맑음,교차로 - 교차로부근,승용,남,65세,상해없음,,,,
노인운전자사고,2.02011E+15,2020년 11월 13일 08시,금요일,부산광역시 연제구 거제동,경상사고,0,0,1,0,차대차 - 측면충돌,신호위반,건조,맑음,교차로 - 교차로부근,승용,남,75세,상해없음,승용,남,29세,경상
노인운전자사고,2020111300100144,2020년 11월 13일 09시,금요일,부산광역시 사상구 삼락동,경상사고,0,0,1,0,차대차 - 추돌,안전운전불이행,건조,맑음,단일로 - 기타,승용,남,71세,상해없음,특수,남,57세,경상
노인운전자사고,2.02011E+15,2020년 11월 13일 18시,금요일,부산광역시 사하구 괴정동,경상사고,0,0,2,0,차대차 - 기타,안전거리미확보,건조,맑음,교차로 - 교차로안,승용,여,65세,상해없음,승용,남,29세,경상
노인운전자사고,2020111300100463,2020년 11월 13일 18시,금요일,부산광역시 기장군 일광면,사망사고,1,0,2,0,차대차 - 측면충돌,신호위반,건조,맑음,교차로 - 교차로안,사륜오토바이(ATV),남,72세,사망,승용,여,46세,경상
노인운전자사고,2020111400100082,2020년 11월 14일 05시,토요일,부산광역시 연제구 연산동,경상사고,0,0,1,0,차대사람 - 횡단중,신호위반,건조,맑음,단일로 - 기타,이륜,남,65세,상해없음,보행자,남,71세,경상
노인운전자사고,2020111400100242,2020년 11월 14일 12시,토요일,부산광역시 동구 범일동,중상사고,0,1,0,0,차대차 - 측면충돌,안전거리미확보,건조,맑음,단일로 - 기타,승용,남,74세,상해없음,승용,남,31세,중상
노인운전자사고,2020111400100288,2020년 11월 14일 13시,토요일,부산광역시 부산진구 범천동,경상사고,0,0,1,0,차대사람 - 횡단중,안전운전불이행,건조,맑음,단일로 - 기타,승용,남,73세,상해없음,보행자,여,28세,경상
노인운전자사고,2020111400100446,2020년 11월 14일 17시,토요일,부산광역시 연제구 연산동,경상사고,0,0,1,0,차대차 - 기타,신호위반,건조,맑음,교차로 - 교차로안,승용,남,71세,상해없음,원동기,남,31세,경상
노인운전자사고,2.02011E+15,2020년 11월 15일 13시,일요일,부산광역시 중구 남포동5가,경상사고,0,0,1,0,차대차 - 측면충돌,안전운전불이행,건조,맑음,단일로 - 기타,승용,남,69세,상해없음,이륜,남,58세,경상
노인운전자사고,2020111600100138,2020년 11월 16일 09시,월요일,부산광역시 사상구 학장동,경상사고,0,0,1,0,차대차 - 측면충돌,안전거리미확보,건조,맑음,단일로 - 기타,승합,남,69세,상해없음,승용,여,31세,경상
노인운전자사고,2020111600100254,2020년 11월 16일 12시,월요일,부산광역시 부산진구 개금동,경상사고,0,0,1,0,차대차 - 추돌,안전운전불이행,건조,맑음,단일로 - 기타,승용,남,70세,상해없음,승용,여,37세,경상
노인운전자사고,2020111600100256,2020년 11월 16일 12시,월요일,부산광역시 금정구 장전동,경상사고,0,0,1,0,차대차 - 기타,안전운전불이행,건조,맑음,단일로 - 기타,승용,남,76세,상해없음,자전거,남,26세,경상
노인운전자사고,2020111600100288,2020년 11월 16일 13시,월요일,부산광역시 금정구 남산동,중상사고,0,1,0,0,차대차 - 추돌,안전운전불이행,건조,맑음,교차로 - 교차로안,건설기계,남,66세,상해없음,승합,남,67세,중상
노인운전자사고,2020111600100438,2020년 11월 16일 17시,월요일,부산광역시 남구 우암동,경상사고,0,0,1,0,차대차 - 추돌,안전운전불이행,건조,맑음,교차로 - 교차로부근,승용,남,67세,상해없음,승용,남,26세,상해없음
노인운전자사고,2020111600100598,2020년 11월 16일 20시,월요일,부산광역시 부산진구 당감동,경상사고,0,0,1,0,차량단독 - 기타,안전운전불이행,건조,맑음,단일로 - 기타,승용,남,65세,상해없음,,,,
노인운전자사고,2020111700100035,2020년 11월 17일 05시,화요일,부산광역시 부산진구 범천동,중상사고,0,1,0,0,차대사람 - 기타,안전운전불이행,건조,맑음,단일로 - 기타,화물,남,72세,상해없음,보행자,여,77세,중상
노인운전자사고,2.02011E+15,2020년 11월 17일 13시,화요일,부산광역시 수영구 남천동,경상사고,0,0,1,0,차대사람 - 기타,안전운전불이행,건조,맑음,교차로 - 교차로안,원동기,남,81세,상해없음,보행자,여,36세,경상
노인운전자사고,2020111700100251,2020년 11월 17일 13시,화요일,부산광역시 북구 만덕동,중상사고,0,1,0,0,차대차 - 기타,안전운전불이행,건조,맑음,기타 - 기타,승용,남,77세,상해없음,승용,여,51세,중상
노인운전자사고,2020111700100283,2020년 11월 17일 14시,화요일,부산광역시 해운대구 우동,경상사고,0,0,1,0,차대차 - 측면충돌,안전거리미확보,건조,맑음,단일로 - 기타,승용,여,66세,상해없음,승용,남,50세,경상
노인운전자사고,2020111700100322,2020년 11월 17일 15시,화요일,부산광역시 사하구 감천동,경상사고,0,0,1,0,차대사람 - 기타,안전운전불이행,건조,맑음,단일로 - 기타,승용,여,72세,상해없음,보행자,남,47세,경상
노인운전자사고,2020111700100358,2020년 11월 17일 16시,화요일,부산광역시 사상구 덕포동,경상사고,0,0,1,0,차대차 - 기타,기타,건조,맑음,단일로 - 기타,승용,남,79세,상해없음,자전거,남,67세,경상
노인운전자사고,2020111700100459,2020년 11월 17일 18시,화요일,부산광역시 북구 구포동,경상사고,0,0,1,0,차대차 - 기타,교차로운행방법위반,건조,맑음,교차로 - 교차로안,승용,여,65세,상해없음,승용,여,46세,경상
노인운전자사고,2020111800100004,2020년 11월 18일 00시,수요일,부산광역시 사상구 학장동,경상사고,0,0,2,0,차대차 - 측면충돌,교차로운행방법위반,건조,맑음,교차로 - 교차로안,승용,남,66세,상해없음,승용,남,27세,경상
노인운전자사고,2.02011E+15,2020년 11월 18일 08시,수요일,부산광역시 연제구 연산동,경상사고,0,0,1,0,차대차 - 추돌,안전거리미확보,건조,맑음,단일로 - 기타,승용,남,69세,상해없음,승용,여,52세,경상
노인운전자사고,2020111800100193,2020년 11월 18일 10시,수요일,부산광역시 수영구 광안동,경상사고,0,0,1,0,차대차 - 기타,안전거리미확보,건조,맑음,교차로 - 교차로안,승용,남,65세,상해없음,승용,남,26세,경상
노인운전자사고,2020111800100489,2020년 11월 18일 18시,수요일,부산광역시 남구 대연동,중상사고,0,1,0,0,차대차 - 측면충돌,안전거리미확보,건조,맑음,단일로 - 기타,승용,남,68세,상해없음,승용,남,38세,중상
노인운전자사고,2020111800100664,2020년 11월 18일 22시,수요일,부산광역시 동래구 온천동,경상사고,0,0,1,0,차대차 - 기타,차로위반,젖음/습기,비,단일로 - 기타,승용,남,66세,상해없음,이륜,남,23세,경상
노인운전자사고,2020111900100276,2020년 11월 19일 11시,목요일,부산광역시 금정구 노포동,중상사고,0,1,0,0,차량단독 - 기타,안전운전불이행,젖음/습기,비,단일로 - 기타,승용,남,71세,상해없음,,,,
노인운전자사고,2020111900100309,2020년 11월 19일 12시,목요일,부산광역시 금정구 장전동,경상사고,0,0,1,0,차대차 - 기타,교차로운행방법위반,젖음/습기,비,교차로 - 교차로안,승용,남,73세,상해없음,승용,남,59세,경상
노인운전자사고,2020111900100341,2020년 11월 19일 13시,목요일,부산광역시 영도구 청학동,중상사고,0,1,0,0,차대사람 - 기타,안전운전불이행,건조,맑음,단일로 - 기타,승용,남,68세,상해없음,보행자,여,37세,중상
노인운전자사고,2020111900100343,2020년 11월 19일 13시,목요일,부산광역시 부산진구 부전동,경상사고,0,0,1,0,차대차 - 측면충돌,안전운전불이행,젖음/습기,비,교차로 - 교차로안,승용,남,71세,상해없음,원동기,남,23세,경상
노인운전자사고,2020111900100372,2020년 11월 19일 14시,목요일,부산광역시 해운대구 우동,경상사고,0,0,1,0,차대차 - 추돌,안전운전불이행,젖음/습기,비,교차로 - 교차로부근,화물,남,65세,상해없음,승용,남,25세,경상
노인운전자사고,2020111900100477,2020년 11월 19일 17시,목요일,부산광역시 부산진구 부암동,경상사고,0,0,4,0,차대차 - 정면충돌,신호위반,건조,맑음,교차로 - 교차로안,승용,여,70세,경상,승용,남,68세,경상
노인운전자사고,2020112000100376,2020년 11월 20일 16시,금요일,부산광역시 사하구 하단동,경상사고,0,0,1,0,차대차 - 측면충돌,신호위반,건조,맑음,교차로 - 교차로안,승용,남,73세,상해없음,승용,남,54세,경상
노인운전자사고,2020112000100498,2020년 11월 20일 18시,금요일,부산광역시 북구 구포동,경상사고,0,0,3,0,차대차 - 기타,안전운전불이행,건조,맑음,단일로 - 기타,화물,남,69세,상해없음,승용,여,29세,경상
노인운전자사고,2020112000100619,2020년 11월 20일 20시,금요일,부산광역시 금정구 서동,부상신고사고,0,0,0,1,차대사람 - 기타,안전운전불이행,건조,맑음,단일로 - 기타,승용,여,69세,상해없음,보행자,남,65세,부상신고
노인운전자사고,2.02011E+15,2020년 11월 22일 01시,일요일,부산광역시 사상구 모라동,중상사고,0,1,0,0,차대사람 - 차도통행중,안전운전불이행,건조,흐림,단일로 - 지하차도(도로)내,승용,남,67세,상해없음,보행자,여,59세,중상
노인운전자사고,2020112200100081,2020년 11월 22일 06시,일요일,부산광역시 연제구 연산동,경상사고,0,0,1,0,차대차 - 기타,안전운전불이행,건조,맑음,단일로 - 기타,승용,남,69세,상해없음,자전거,남,66세,경상
노인운전자사고,2020112200100118,2020년 11월 22일 10시,일요일,부산광역시 남구 대연동,경상사고,0,0,2,0,차대차 - 추돌,안전거리미확보,건조,맑음,단일로 - 고가도로위,승용,남,72세,상해없음,승용,남,37세,경상
노인운전자사고,2020112200100168,2020년 11월 22일 13시,일요일,부산광역시 영도구 영선동2가,경상사고,0,0,2,0,차대차 - 기타,직진우회전진행방해,건조,맑음,교차로 - 교차로안,승용,남,75세,상해없음,승용,남,25세,경상
노인운전자사고,2020112200100169,2020년 11월 22일 13시,일요일,부산광역시 금정구 장전동,사망사고,1,0,0,0,차대차 - 정면충돌,불법유턴,건조,맑음,교차로 - 교차로부근,자전거,남,78세,사망,승용,남,27세,상해없음
노인운전자사고,2020112200100195,2020년 11월 22일 14시,일요일,부산광역시 동래구 명륜동,경상사고,0,0,1,0,차대차 - 기타,불법유턴,건조,맑음,단일로 - 기타,자전거,남,72세,경상,승용,남,45세,상해없음
노인운전자사고,2020112200100224,2020년 11월 22일 15시,일요일,부산광역시 동래구 안락동,경상사고,0,0,1,0,차대차 - 측면충돌,신호위반,건조,맑음,교차로 - 교차로안,승용,남,71세,상해없음,이륜,남,29세,경상
노인운전자사고,2020112200100408,2020년 11월 22일 22시,일요일,부산광역시 동구 범일동,부상신고사고,0,0,0,1,차대사람 - 기타,기타,건조,맑음,단일로 - 기타,자전거,남,69세,부상신고,보행자,남,55세,상해없음
노인운전자사고,2020112300100003,2020년 11월 23일 00시,월요일,부산광역시 북구 덕천동,경상사고,0,0,1,0,차대차 - 기타,안전거리미확보,건조,맑음,단일로 - 기타,승용,남,65세,상해없음,승용,남,25세,경상
노인운전자사고,2.02011E+15,2020년 11월 23일 09시,월요일,부산광역시 사상구 괘법동,중상사고,0,3,1,0,차대차 - 측면충돌,안전운전불이행,건조,맑음,교차로 - 교차로부근,승용,남,68세,중상,승용,여,62세,경상
노인운전자사고,2020112300100381,2020년 11월 23일 16시,월요일,부산광역시 연제구 연산동,중상사고,0,1,0,0,차대차 - 추돌,안전운전불이행,건조,맑음,단일로 - 기타,승용,남,70세,상해없음,승용,남,44세,중상
노인운전자사고,2020112300100613,2020년 11월 23일 23시,월요일,부산광역시 사상구 학장동,경상사고,0,0,1,0,차대차 - 추돌,신호위반,건조,맑음,교차로 - 교차로안,승용,남,66세,상해없음,이륜,남,22세,경상
노인운전자사고,2020112400100042,2020년 11월 24일 06시,화요일,부산광역시 강서구 화전동,경상사고,0,0,1,0,차대차 - 측면충돌,신호위반,건조,맑음,교차로 - 교차로안,승용,남,71세,상해없음,승용,남,51세,경상
노인운전자사고,2020112400100043,2020년 11월 24일 06시,화요일,부산광역시 사상구 주례동,경상사고,0,0,1,0,차대차 - 측면충돌,신호위반,건조,맑음,교차로 - 교차로부근,승용,남,65세,상해없음,사륜오토바이(ATV),여,53세,경상
노인운전자사고,2020112400100088,2020년 11월 24일 08시,화요일,부산광역시 사상구 학장동,경상사고,0,0,1,0,차대차 - 추돌,안전운전불이행,건조,맑음,단일로 - 기타,승용,남,67세,상해없음,승용,남,48세,경상
노인운전자사고,2020112400100119,2020년 11월 24일 09시,화요일,부산광역시 동구 초량동,중상사고,0,1,1,0,차대차 - 기타,차로위반,건조,맑음,단일로 - 기타,승용,남,77세,상해없음,승용,남,39세,중상
노인운전자사고,2020112400100406,2020년 11월 24일 17시,화요일,부산광역시 동구 수정동,경상사고,0,0,2,0,차대차 - 기타,안전운전불이행,건조,맑음,단일로 - 기타,승용,남,83세,상해없음,승용,남,36세,상해없음
노인운전자사고,2020112400100623,2020년 11월 24일 23시,화요일,부산광역시 해운대구 좌동,경상사고,0,0,3,0,차대차 - 추돌,안전거리미확보,건조,맑음,교차로 - 교차로부근,승용,남,72세,상해없음,승용,남,50세,경상
노인운전자사고,2020112500100074,2020년 11월 25일 08시,수요일,부산광역시 수영구 광안동,부상신고사고,0,0,0,1,차대사람 - 길가장자리구역통행중,안전운전불이행,건조,맑음,단일로 - 기타,승용,남,65세,상해없음,보행자,여,41세,부상신고
노인운전자사고,2020112500100114,2020년 11월 25일 09시,수요일,부산광역시 북구 화명동,경상사고,0,0,1,0,차대차 - 기타,신호위반,건조,맑음,교차로 - 교차로안,승용,남,78세,상해없음,승용,남,68세,경상
노인운전자사고,2020112500100142,2020년 11월 25일 10시,수요일,부산광역시 부산진구 당감동,경상사고,0,0,1,0,차량단독 - 기타,안전운전불이행,건조,맑음,기타 - 기타,이륜,남,72세,경상,,,,
노인운전자사고,2020112500100598,2020년 11월 25일 22시,수요일,부산광역시 동래구 수안동,중상사고,0,1,0,0,차대사람 - 횡단중,보행자보호의무위반,건조,맑음,교차로 - 교차로안,승용,남,67세,상해없음,보행자,남,66세,중상
노인운전자사고,2020112500100616,2020년 11월 25일 23시,수요일,부산광역시 부산진구 초읍동,경상사고,0,0,2,0,차대차 - 기타,직진우회전진행방해,건조,맑음,교차로 - 교차로안,승용,남,69세,상해없음,승용,남,61세,경상
노인운전자사고,2020112600100096,2020년 11월 26일 08시,목요일,부산광역시 사하구 다대동,중상사고,0,1,0,0,차대사람 - 보도통행중,안전운전불이행,건조,맑음,단일로 - 기타,이륜,남,66세,상해없음,보행자,남,68세,중상
노인운전자사고,2020112600100184,2020년 11월 26일 11시,목요일,부산광역시 금정구 부곡동,경상사고,0,0,1,0,차대차 - 정면충돌,중앙선침범,건조,맑음,단일로 - 기타,이륜,남,77세,상해없음,이륜,남,24세,경상
노인운전자사고,2020112600100243,2020년 11월 26일 13시,목요일,부산광역시 금정구 서동,중상사고,0,1,0,0,차대사람 - 길가장자리구역통행중,안전운전불이행,건조,맑음,교차로 - 교차로안,승용,남,67세,상해없음,보행자,여,81세,중상
노인운전자사고,2020112600100306,2020년 11월 26일 15시,목요일,부산광역시 수영구 수영동,경상사고,0,0,1,0,차대사람 - 기타,안전운전불이행,건조,맑음,단일로 - 기타,화물,남,70세,상해없음,보행자,남,58세,경상
노인운전자사고,2020112600100375,2020년 11월 26일 17시,목요일,부산광역시 수영구 망미동,경상사고,0,0,1,0,차대사람 - 길가장자리구역통행중,안전운전불이행,건조,맑음,교차로 - 교차로안,화물,남,65세,상해없음,보행자,남,55세,경상
노인운전자사고,2020112600100566,2020년 11월 26일 21시,목요일,부산광역시 부산진구 부전동,중상사고,0,2,2,0,차대차 - 측면충돌,신호위반,건조,맑음,교차로 - 교차로안,승용,남,72세,상해없음,승용,남,63세,중상
노인운전자사고,2020112700100122,2020년 11월 27일 10시,금요일,부산광역시 동구 좌천동,경상사고,0,0,1,0,차량단독 - 기타,기타,건조,맑음,단일로 - 기타,승용,남,74세,상해없음,,,,
노인운전자사고,2020112700100151,2020년 11월 27일 11시,금요일,부산광역시 강서구 죽동동,경상사고,0,0,1,0,차대차 - 기타,중앙선침범,건조,맑음,단일로 - 기타,자전거,여,74세,경상,화물,남,63세,상해없음
노인운전자사고,2020112700100321,2020년 11월 27일 16시,금요일,부산광역시 동래구 사직동,경상사고,0,0,4,0,차대차 - 추돌,안전운전불이행,건조,맑음,단일로 - 기타,승용,남,70세,상해없음,승합,남,65세,경상
노인운전자사고,2020112700100437,2020년 11월 27일 18시,금요일,부산광역시 기장군 기장읍,중상사고,0,1,0,0,차대차 - 추돌,중앙선침범,건조,맑음,단일로 - 기타,승용,남,68세,상해없음,이륜,남,39세,중상
노인운전자사고,2020112700100513,2020년 11월 27일 19시,금요일,부산광역시 사하구 다대동,경상사고,0,0,1,0,차대차 - 기타,안전운전불이행,건조,맑음,단일로 - 지하차도(도로)내,자전거,남,74세,경상,승용,남,68세,상해없음
노인운전자사고,2020112700100595,2020년 11월 27일 21시,금요일,부산광역시 동래구 온천동,경상사고,0,0,1,0,차대차 - 기타,안전거리미확보,건조,맑음,단일로 - 기타,승용,남,70세,상해없음,승용,여,26세,경상
노인운전자사고,2020112800100076,2020년 11월 28일 09시,토요일,부산광역시 동래구 명륜동,부상신고사고,0,0,0,1,차대사람 - 기타,안전운전불이행,건조,맑음,기타 - 기타,자전거,여,71세,상해없음,보행자,여,73세,부상신고
노인운전자사고,2020112800100111,2020년 11월 28일 10시,토요일,부산광역시 연제구 연산동,경상사고,0,0,1,0,차대사람 - 기타,안전운전불이행,건조,맑음,단일로 - 기타,승용,남,66세,상해없음,보행자,여,11세,경상
노인운전자사고,2020112800100133,2020년 11월 28일 11시,토요일,부산광역시 남구 감만동,경상사고,0,0,1,0,차대차 - 측면충돌,안전운전불이행,건조,맑음,단일로 - 기타,승용,남,69세,상해없음,승용,여,53세,경상
노인운전자사고,2020112800100175,2020년 11월 28일 12시,토요일,부산광역시 동래구 안락동,경상사고,0,0,1,0,차대사람 - 기타,안전운전불이행,건조,맑음,단일로 - 기타,승용,남,81세,상해없음,보행자,여,74세,경상
노인운전자사고,2020112800100273,2020년 11월 28일 14시,토요일,부산광역시 사하구 장림동,경상사고,0,0,1,0,차대차 - 측면충돌,안전거리미확보,건조,맑음,단일로 - 기타,건설기계,남,65세,상해없음,승용,여,45세,경상
노인운전자사고,2020112900100103,2020년 11월 29일 11시,일요일,부산광역시 북구 만덕동,경상사고,0,0,2,0,차대차 - 측면충돌,교차로운행방법위반,건조,맑음,교차로 - 교차로안,승용,남,72세,상해없음,승용,남,31세,경상
노인운전자사고,2.02011E+15,2020년 11월 30일 03시,월요일,부산광역시 부산진구 부전동,경상사고,0,0,1,0,차대차 - 기타,신호위반,건조,맑음,교차로 - 교차로안,승용,남,73세,상해없음,승용,남,19세,경상
노인운전자사고,2020113000100058,2020년 11월 30일 07시,월요일,부산광역시 동래구 안락동,경상사고,0,0,2,0,차대차 - 기타,안전운전불이행,건조,맑음,단일로 - 고가도로위,화물,남,68세,상해없음,승용,남,37세,경상
노인운전자사고,2020113000100167,2020년 11월 30일 10시,월요일,부산광역시 남구 대연동,경상사고,0,0,2,0,차대차 - 측면충돌,직진우회전진행방해,건조,맑음,교차로 - 교차로안,승합,남,66세,경상,승용,남,73세,경상
노인운전자사고,2020113000100266,2020년 11월 30일 13시,월요일,부산광역시 금정구 부곡동,경상사고,0,0,3,0,차대차 - 기타,안전운전불이행,건조,맑음,교차로 - 교차로부근,승용,남,71세,상해없음,승용,남,44세,경상
노인운전자사고,2020113000100298,2020년 11월 30일 14시,월요일,부산광역시 강서구 명지동,경상사고,0,0,1,0,차대차 - 기타,안전운전불이행,건조,맑음,교차로 - 교차로안,승용,남,74세,상해없음,이륜,남,82세,경상
노인운전자사고,2020113000100333,2020년 11월 30일 15시,월요일,부산광역시 동래구 안락동,경상사고,0,0,1,0,차대차 - 기타,안전운전불이행,건조,맑음,단일로 - 기타,승용,남,83세,상해없음,승합,남,59세,상해없음
노인운전자사고,2020113000100425,2020년 11월 30일 17시,월요일,부산광역시 연제구 연산동,경상사고,0,0,1,0,차대사람 - 기타,안전운전불이행,건조,맑음,단일로 - 기타,승합,남,69세,상해없음,보행자,남,79세,경상
노인운전자사고,2.02012E+15,2020년 12월 1일 07시,화요일,부산광역시 동구 좌천동,경상사고,0,0,1,0,차대차 - 기타,안전운전불이행,건조,맑음,단일로 - 기타,화물,남,70세,상해없음,승용,남,46세,경상
노인운전자사고,2.02012E+15,2020년 12월 1일 08시,화요일,부산광역시 연제구 연산동,경상사고,0,0,1,0,차대차 - 추돌,안전거리미확보,건조,맑음,단일로 - 기타,승합,남,66세,상해없음,승용,여,62세,경상
노인운전자사고,2020120100100132,2020년 12월 1일 09시,화요일,부산광역시 부산진구 가야동,경상사고,0,0,1,0,차대사람 - 기타,기타,건조,맑음,단일로 - 기타,승용,남,68세,상해없음,보행자,남,24세,경상
노인운전자사고,2020120100100159,2020년 12월 1일 10시,화요일,부산광역시 북구 덕천동,부상신고사고,0,0,0,1,차대차 - 기타,안전거리미확보,건조,맑음,단일로 - 기타,승용,남,73세,상해없음,승용,남,29세,부상신고
노인운전자사고,2.02012E+15,2020년 12월 1일 10시,화요일,부산광역시 부산진구 범천동,경상사고,0,0,1,0,차대사람 - 기타,안전운전불이행,건조,맑음,단일로 - 기타,승용,여,65세,상해없음,보행자,여,28세,경상
노인운전자사고,2.02012E+15,2020년 12월 1일 12시,화요일,부산광역시 금정구 부곡동,경상사고,0,0,3,0,차대차 - 측면충돌,안전거리미확보,건조,맑음,단일로 - 기타,승용,남,69세,경상,승용,남,44세,경상
노인운전자사고,2020120100100315,2020년 12월 1일 14시,화요일,부산광역시 북구 덕천동,경상사고,0,0,1,0,차대차 - 기타,안전운전불이행,건조,맑음,단일로 - 기타,승용,남,71세,상해없음,승용,여,47세,경상
노인운전자사고,2020120100100318,2020년 12월 1일 14시,화요일,부산광역시 부산진구 부암동,중상사고,0,1,0,0,차대차 - 기타,안전운전불이행,건조,맑음,단일로 - 기타,승용,남,71세,중상,건설기계,남,54세,상해없음
노인운전자사고,2020120100100358,2020년 12월 1일 15시,화요일,부산광역시 서구 부용동2가,경상사고,0,0,1,0,차대차 - 측면충돌,직진우회전진행방해,건조,맑음,교차로 - 교차로안,화물,남,66세,상해없음,이륜,남,53세,경상
노인운전자사고,2020120100100359,2020년 12월 1일 15시,화요일,부산광역시 북구 덕천동,경상사고,0,0,2,0,차대차 - 기타,교차로운행방법위반,건조,맑음,교차로 - 교차로안,승용,여,65세,상해없음,승용,남,49세,경상
노인운전자사고,2.02012E+15,2020년 12월 1일 15시,화요일,부산광역시 해운대구 반여동,중상사고,0,1,1,0,차대차 - 측면충돌,안전운전불이행,건조,맑음,교차로 - 교차로부근,승용,남,67세,상해없음,승합,남,54세,경상
노인운전자사고,2020120100100444,2020년 12월 1일 17시,화요일,부산광역시 서구 동대신동3가,경상사고,0,0,1,0,차대차 - 측면충돌,신호위반,건조,맑음,교차로 - 교차로안,승용,남,72세,상해없음,이륜,남,40세,경상
노인운전자사고,2.02012E+15,2020년 12월 2일 03시,수요일,부산광역시 중구 중앙동4가,경상사고,0,0,2,0,차대차 - 측면충돌,신호위반,건조,맑음,교차로 - 교차로안,승용,여,70세,경상,화물,남,63세,경상
노인운전자사고,2020120200100011,2020년 12월 2일 03시,수요일,부산광역시 부산진구 당감동,중상사고,0,1,0,0,차대차 - 측면충돌,신호위반,건조,맑음,교차로 - 교차로안,이륜,남,79세,상해없음,화물,남,45세,상해없음
노인운전자사고,2020120200100013,2020년 12월 2일 04시,수요일,부산광역시 부산진구 부전동,중상사고,0,1,1,0,차대차 - 측면충돌,신호위반,건조,맑음,교차로 - 교차로안,승용,남,66세,상해없음,승용,남,63세,중상
노인운전자사고,2020120200100069,2020년 12월 2일 08시,수요일,부산광역시 사하구 신평동,중상사고,0,1,0,0,차대차 - 추돌,신호위반,건조,맑음,교차로 - 교차로안,승용,남,68세,상해없음,승용,남,33세,중상
노인운전자사고,2.02012E+15,2020년 12월 3일 01시,목요일,부산광역시 동래구 안락동,경상사고,0,0,1,0,차대사람 - 차도통행중,신호위반,건조,맑음,단일로 - 기타,승용,남,69세,상해없음,보행자,남,47세,경상
노인운전자사고,2.02012E+15,2020년 12월 3일 07시,목요일,부산광역시 해운대구 반여동,경상사고,0,0,1,0,차대사람 - 기타,안전운전불이행,건조,맑음,단일로 - 기타,화물,남,66세,상해없음,보행자,여,29세,경상
노인운전자사고,2020120300100074,2020년 12월 3일 08시,목요일,부산광역시 해운대구 좌동,중상사고,0,1,1,0,차대사람 - 횡단중,신호위반,건조,맑음,교차로 - 교차로횡단보도내,승용,남,67세,상해없음,보행자,남,72세,중상
노인운전자사고,2020120300100134,2020년 12월 3일 10시,목요일,부산광역시 사하구 하단동,경상사고,0,0,2,0,차대차 - 기타,안전운전불이행,건조,맑음,교차로 - 교차로부근,승용,남,69세,경상,승용,남,62세,경상
노인운전자사고,2020120300100153,2020년 12월 3일 11시,목요일,부산광역시 동구 초량동,경상사고,0,0,1,0,차대차 - 측면충돌,안전거리미확보,건조,맑음,단일로 - 기타,승용,남,68세,상해없음,승용,남,66세,상해없음
노인운전자사고,2020120300100154,2020년 12월 3일 11시,목요일,부산광역시 영도구 남항동2가,중상사고,0,1,0,0,차대차 - 기타,안전운전불이행,건조,맑음,단일로 - 기타,화물,남,71세,상해없음,이륜,남,42세,중상
노인운전자사고,2020120300100155,2020년 12월 3일 11시,목요일,부산광역시 기장군 기장읍,중상사고,0,1,0,0,차대차 - 기타,교차로운행방법위반,건조,맑음,교차로 - 교차로안,화물,남,76세,상해없음,자전거,남,80세,중상
노인운전자사고,2020120300100285,2020년 12월 3일 15시,목요일,부산광역시 사하구 장림동,경상사고,0,0,1,0,차대차 - 기타,안전운전불이행,건조,맑음,교차로 - 교차로부근,화물,남,65세,상해없음,승용,남,51세,경상
노인운전자사고,2.02012E+15,2020년 12월 3일 18시,목요일,부산광역시 해운대구 중동,경상사고,0,0,1,0,차대차 - 추돌,안전운전불이행,건조,맑음,단일로 - 기타,승용,남,80세,상해없음,승용,여,53세,경상
노인운전자사고,2020120400100096,2020년 12월 4일 08시,금요일,부산광역시 영도구 청학동,중상사고,0,1,0,0,차대차 - 측면충돌,안전거리미확보,건조,맑음,교차로 - 교차로부근,승용,남,73세,상해없음,이륜,남,42세,중상