사고부문,사고번호,사고일시,요일,시군구,사고내용,사망자수,중상자수,경상자수,부상신고자수,사고유형,법규위반,노면상태,기상상태,도로형태,가해운전자 차종,가해운전자 성별,가해운전자 연령,가해운전자 상해정도,피해운전자 차종,피해운전자 성별,피해운전자 연령,피해운전자 상해정도
노인운전자사고,2020122900100396,2020년 12월 29일 20시,화요일,부산광역시 부산진구 양정동,경상사고,0,0,1,0,차대차 - 측면충돌,안전거리미확보,젖음/습기,비,단일로 - 기타,승용,남,66세,상해없음,승용,여,42세,경상
노인운전자사고,2020123000100139,2020년 12월 30일 11시,수요일,부산광역시 연제구 연산동,중상사고,0,1,0,0,차대차 - 정면충돌,교차로운행방법위반,건조,맑음,교차로 - 교차로안,승용,남,67세,상해없음,이륜,남,73세,중상
노인운전자사고,2020123000100373,2020년 12월 30일 18시,수요일,부산광역시 서구 토성동2가,경상사고,0,0,1,0,차대차 - 추돌,안전운전불이행,건조,맑음,단일로 - 기타,화물,남,66세,상해없음,승용,남,41세,경상
노인운전자사고,2020123000100492,2020년 12월 30일 21시,수요일,부산광역시 동래구 온천동,경상사고,0,0,2,0,차대차 - 측면충돌,안전운전불이행,건조,맑음,단일로 - 기타,승용,남,67세,상해없음,승용,남,28세,경상
노인운전자사고,2020123100100022,2020년 12월 31일 06시,목요일,부산광역시 강서구 대저2동,중상사고,0,1,0,0,차대차 - 측면충돌,안전운전불이행,건조,맑음,교차로 - 교차로부근,화물,남,69세,상해없음,승용,남,53세,중상
노인운전자사고,2020123100100048,2020년 12월 31일 08시,목요일,부산광역시 영도구 청학동,중상사고,0,1,0,0,차대사람 - 횡단중,신호위반,건조,맑음,단일로 - 기타,승용,남,78세,상해없음,보행자,여,32세,중상
노인운전자사고,2020123100100049,2020년 12월 31일 08시,목요일,부산광역시 부산진구 가야동,경상사고,0,0,1,0,차대차 - 측면충돌,신호위반,건조,맑음,교차로 - 교차로안,승용,남,83세,상해없음,승합,남,65세,경상
노인운전자사고,2020123100100281,2020년 12월 31일 16시,목요일,부산광역시 사하구 장림동,경상사고,0,0,3,0,차대차 - 기타,신호위반,건조,맑음,교차로 - 교차로부근,승용,남,65세,상해없음,화물,남,58세,경상
노인운전자사고,2021010100100088,2021년 1월 1일 13시,금요일,부산광역시 사하구 하단동,중상사고,0,1,0,1,차대차 - 기타,안전거리미확보,건조,맑음,단일로 - 지하차도(도로)내,승용,남,66세,상해없음,승용,남,32세,중상
노인운전자사고,2021010200100001,2021년 1월 2일 00시,토요일,부산광역시 동구 초량동,경상사고,0,0,2,1,차대차 - 측면충돌,신호위반,건조,맑음,단일로 - 기타,승용,남,73세,경상,이륜,남,16세,경상
노인운전자사고,2021010200100178,2021년 1월 2일 14시,토요일,부산광역시 동래구 온천동,부상신고사고,0,0,0,1,차대차 - 기타,안전운전불이행,건조,맑음,기타 - 기타,자전거,남,72세,부상신고,승용,남,35세,상해없음
노인운전자사고,2021010200100256,2021년 1월 2일 17시,토요일,부산광역시 북구 화명동,경상사고,0,0,1,0,차대사람 - 차도통행중,안전운전불이행,건조,맑음,단일로 - 지하차도(도로)내,승용,남,67세,상해없음,보행자,여,41세,경상
노인운전자사고,2021010300100113,2021년 1월 3일 15시,일요일,부산광역시 서구 충무동1가,중상사고,0,1,0,0,차대사람 - 기타,안전운전불이행,건조,맑음,교차로 - 교차로부근,승용,남,73세,상해없음,보행자,여,70세,중상
노인운전자사고,2.02101E+15,2021년 1월 4일 11시,월요일,부산광역시 영도구 봉래동1가,경상사고,0,0,2,0,차대차 - 기타,안전운전불이행,건조,맑음,교차로 - 교차로부근,승용,남,67세,경상,화물,남,60세,경상
노인운전자사고,2021010400100177,2021년 1월 4일 14시,월요일,부산광역시 동래구 사직동,경상사고,0,0,1,0,차대사람 - 기타,보행자보호의무위반,건조,맑음,단일로 - 기타,이륜,남,65세,기타불명,보행자,남,8세,경상
노인운전자사고,2021010400100178,2021년 1월 4일 14시,월요일,부산광역시 금정구 선동,중상사고,0,1,0,0,차대차 - 기타,안전운전불이행,건조,맑음,단일로 - 기타,승용,남,77세,상해없음,자전거,여,60세,중상
노인운전자사고,2021010400100203,2021년 1월 4일 15시,월요일,부산광역시 서구 토성동4가,경상사고,0,0,1,0,차대사람 - 차도통행중,안전운전불이행,건조,맑음,단일로 - 기타,화물,남,79세,상해없음,보행자,여,61세,경상
노인운전자사고,2021010400100227,2021년 1월 4일 16시,월요일,부산광역시 사하구 괴정동,경상사고,0,0,1,0,차대차 - 기타,안전운전불이행,건조,맑음,단일로 - 기타,승용,남,79세,상해없음,승용,여,35세,경상
노인운전자사고,2021010400100258,2021년 1월 4일 17시,월요일,부산광역시 남구 감만동,중상사고,0,1,0,0,차대차 - 측면충돌,신호위반,건조,맑음,교차로 - 교차로안,특수,남,67세,상해없음,원동기,남,65세,중상
노인운전자사고,2021010500100014,2021년 1월 5일 05시,화요일,부산광역시 강서구 송정동,경상사고,0,0,1,0,차대차 - 측면충돌,안전거리미확보,건조,맑음,단일로 - 기타,건설기계,남,67세,상해없음,승용,남,26세,경상
노인운전자사고,2021010500100041,2021년 1월 5일 08시,화요일,부산광역시 동래구 온천동,경상사고,0,0,1,0,차대사람 - 기타,보행자보호의무위반,건조,맑음,단일로 - 기타,승용,남,68세,상해없음,보행자,여,66세,경상
노인운전자사고,2021010500100104,2021년 1월 5일 11시,화요일,부산광역시 부산진구 부전동,경상사고,0,0,1,0,차대사람 - 횡단중,보행자보호의무위반,건조,맑음,단일로 - 기타,승용,여,70세,상해없음,보행자,여,32세,경상
노인운전자사고,2021010500100356,2021년 1월 5일 19시,화요일,부산광역시 강서구 화전동,중상사고,0,2,2,0,차대차 - 측면충돌,신호위반,건조,맑음,교차로 - 교차로안,화물,여,66세,상해없음,승용,남,40세,경상
노인운전자사고,2021010500100401,2021년 1월 5일 21시,화요일,부산광역시 금정구 남산동,사망사고,1,0,0,0,차대사람 - 기타,안전운전불이행,건조,맑음,단일로 - 기타,승용,남,71세,상해없음,보행자,남,55세,사망
노인운전자사고,2021010600100049,2021년 1월 6일 07시,수요일,부산광역시 해운대구 좌동,중상사고,0,1,0,0,차대사람 - 횡단중,신호위반,건조,맑음,교차로 - 교차로횡단보도내,화물,남,76세,상해없음,보행자,남,55세,중상
노인운전자사고,2021010600100073,2021년 1월 6일 08시,수요일,부산광역시 사상구 학장동,경상사고,0,0,1,0,차대차 - 측면충돌,차로위반,건조,맑음,단일로 - 기타,건설기계,남,70세,상해없음,승용,남,42세,경상
노인운전자사고,2021010600100285,2021년 1월 6일 16시,수요일,부산광역시 서구 암남동,경상사고,0,0,1,0,차대차 - 측면충돌,안전운전불이행,건조,맑음,단일로 - 기타,화물,남,66세,상해없음,화물,남,37세,경상
노인운전자사고,2021010600100313,2021년 1월 6일 17시,수요일,부산광역시 북구 화명동,경상사고,0,0,1,0,차대사람 - 기타,기타,건조,맑음,기타 - 기타,원동기,남,84세,상해없음,보행자,남,19세,경상
노인운전자사고,2021010600100573,2021년 1월 6일 23시,수요일,부산광역시 수영구 광안동,경상사고,0,0,1,0,차대차 - 기타,안전운전불이행,건조,맑음,교차로 - 교차로안,승용,남,65세,상해없음,승용,남,22세,경상
노인운전자사고,2021010700100231,2021년 1월 7일 15시,목요일,부산광역시 강서구 명지동,사망사고,1,0,0,0,차대사람 - 횡단중,신호위반,건조,맑음,단일로 - 기타,건설기계,남,72세,상해없음,보행자,여,73세,사망
노인운전자사고,2021010700100297,2021년 1월 7일 18시,목요일,부산광역시 동래구 온천동,경상사고,0,0,1,0,차대사람 - 횡단중,안전운전불이행,건조,맑음,단일로 - 기타,승용,남,77세,상해없음,보행자,남,60세,경상
노인운전자사고,2021010800100212,2021년 1월 8일 14시,금요일,부산광역시 기장군 기장읍,경상사고,0,0,1,0,차대사람 - 횡단중,보행자보호의무위반,건조,맑음,교차로 - 교차로안,승용,여,67세,상해없음,보행자,여,72세,경상
노인운전자사고,2021010800100281,2021년 1월 8일 16시,금요일,부산광역시 동래구 낙민동,경상사고,0,0,1,0,차대차 - 측면충돌,직진우회전진행방해,건조,맑음,교차로 - 교차로안,승용,여,65세,상해없음,승용,여,69세,경상
노인운전자사고,2021010800100344,2021년 1월 8일 18시,금요일,부산광역시 사하구 다대동,중상사고,0,1,0,0,차대차 - 기타,안전운전불이행,건조,기타,교차로 - 교차로부근,이륜,남,66세,중상,승용,남,43세,상해없음
노인운전자사고,2021010900100012,2021년 1월 9일 02시,토요일,부산광역시 부산진구 개금동,중상사고,0,1,1,0,차대차 - 측면충돌,신호위반,건조,맑음,교차로 - 교차로안,화물,남,67세,경상,화물,남,49세,중상
노인운전자사고,2021010900100101,2021년 1월 9일 11시,토요일,부산광역시 금정구 장전동,경상사고,0,0,2,0,차대차 - 추돌,안전거리미확보,건조,맑음,단일로 - 기타,승용,여,75세,상해없음,승용,남,66세,경상
노인운전자사고,2021010900100268,2021년 1월 9일 16시,토요일,부산광역시 기장군 정관읍,중상사고,0,1,2,0,차대차 - 기타,교차로운행방법위반,건조,맑음,교차로 - 교차로안,승용,여,70세,상해없음,승용,여,37세,경상
노인운전자사고,2021010900100337,2021년 1월 9일 18시,토요일,부산광역시 남구 대연동,경상사고,0,0,3,0,차대차 - 추돌,안전운전불이행,건조,맑음,단일로 - 기타,승용,여,65세,상해없음,승용,남,39세,경상
노인운전자사고,2021010900100402,2021년 1월 9일 20시,토요일,부산광역시 서구 서대신동3가,경상사고,0,0,1,0,차대차 - 측면충돌,안전운전불이행,건조,맑음,교차로 - 교차로부근,승용,남,65세,상해없음,승용,남,27세,경상
노인운전자사고,2021011000100145,2021년 1월 10일 15시,일요일,부산광역시 북구 화명동,경상사고,0,0,2,0,차대차 - 기타,안전운전불이행,건조,맑음,단일로 - 기타,승용,남,70세,상해없음,승용,남,32세,경상
노인운전자사고,2021011000100323,2021년 1월 10일 21시,일요일,부산광역시 강서구 강동동,부상신고사고,0,0,0,1,차량단독 - 기타,안전운전불이행,건조,맑음,기타 - 기타,이륜,남,67세,부상신고,,,,
노인운전자사고,2021011100100014,2021년 1월 11일 06시,월요일,부산광역시 사하구 감천동,경상사고,0,0,1,0,차대사람 - 횡단중,안전운전불이행,건조,맑음,단일로 - 기타,승용,남,73세,상해없음,보행자,남,76세,경상
노인운전자사고,2021011100100118,2021년 1월 11일 10시,월요일,부산광역시 연제구 연산동,경상사고,0,0,1,0,차대차 - 기타,교차로운행방법위반,건조,맑음,교차로 - 교차로안,승용,여,69세,상해없음,이륜,남,29세,경상
노인운전자사고,2021011100100146,2021년 1월 11일 11시,월요일,부산광역시 부산진구 당감동,경상사고,0,0,1,0,차대차 - 추돌,안전거리미확보,건조,기타,단일로 - 고가도로위,승용,남,72세,기타불명,승용,남,41세,경상
노인운전자사고,2.02101E+15,2021년 1월 11일 14시,월요일,부산광역시 해운대구 반여동,경상사고,0,0,1,0,차대차 - 측면충돌,안전거리미확보,건조,맑음,단일로 - 기타,화물,남,69세,상해없음,승용,남,46세,경상
노인운전자사고,2.02101E+15,2021년 1월 11일 21시,월요일,부산광역시 부산진구 양정동,중상사고,0,2,0,0,차대차 - 측면충돌,교차로운행방법위반,건조,맑음,교차로 - 교차로안,승용,남,66세,상해없음,승용,남,38세,중상
노인운전자사고,2021011200100096,2021년 1월 12일 10시,화요일,부산광역시 사상구 학장동,경상사고,0,0,2,1,차대차 - 기타,안전운전불이행,건조,맑음,교차로 - 교차로안,승용,남,66세,경상,화물,남,36세,부상신고
노인운전자사고,2021011200100313,2021년 1월 12일 17시,화요일,부산광역시 강서구 송정동,중상사고,0,1,0,0,차대차 - 측면충돌,안전운전불이행,건조,맑음,교차로 - 교차로안,승용,남,66세,상해없음,승용,남,27세,중상
노인운전자사고,2021011200100379,2021년 1월 12일 19시,화요일,부산광역시 동구 범일동,경상사고,0,0,1,0,차대차 - 추돌,안전운전불이행,건조,맑음,교차로 - 교차로부근,승용,남,72세,상해없음,승용,남,60세,경상
노인운전자사고,2021011200100403,2021년 1월 12일 20시,화요일,부산광역시 부산진구 범천동,경상사고,0,0,1,0,차대차 - 측면충돌,안전운전불이행,건조,맑음,교차로 - 교차로안,승용,여,72세,상해없음,승용,남,58세,경상
노인운전자사고,2021011200100456,2021년 1월 12일 22시,화요일,부산광역시 강서구 구랑동,경상사고,0,0,1,0,차대사람 - 횡단중,보행자보호의무위반,건조,맑음,교차로 - 교차로횡단보도내,승용,남,66세,상해없음,보행자,남,48세,경상
노인운전자사고,2021011300100104,2021년 1월 13일 09시,수요일,부산광역시 동래구 사직동,경상사고,0,0,1,0,차대차 - 기타,안전거리미확보,건조,맑음,단일로 - 기타,화물,남,67세,상해없음,승용,남,51세,상해없음
노인운전자사고,2021011300100129,2021년 1월 13일 10시,수요일,부산광역시 부산진구 부전동,경상사고,0,0,1,0,차대차 - 추돌,안전운전불이행,건조,맑음,단일로 - 기타,승용,남,73세,상해없음,승용,여,29세,경상
노인운전자사고,2021011300100285,2021년 1월 13일 16시,수요일,부산광역시 남구 대연동,중상사고,0,1,0,0,차대사람 - 기타,안전운전불이행,건조,맑음,단일로 - 기타,화물,남,84세,기타불명,보행자,여,42세,중상
노인운전자사고,2021011300100404,2021년 1월 13일 19시,수요일,부산광역시 해운대구 반여동,경상사고,0,0,1,0,차대사람 - 기타,안전운전불이행,건조,맑음,단일로 - 기타,승용,남,66세,상해없음,보행자,남,57세,경상
노인운전자사고,2021011400100022,2021년 1월 14일 05시,목요일,부산광역시 사상구 학장동,중상사고,0,1,0,0,차대차 - 기타,신호위반,건조,맑음,교차로 - 교차로안,승용,남,65세,상해없음,이륜,여,55세,중상
노인운전자사고,2021011400100047,2021년 1월 14일 07시,목요일,부산광역시 연제구 연산동,중상사고,0,1,0,0,차대차 - 추돌,교차로운행방법위반,건조,맑음,교차로 - 교차로안,화물,남,68세,상해없음,건설기계,남,42세,중상
노인운전자사고,2021011400100077,2021년 1월 14일 08시,목요일,부산광역시 서구 서대신동2가,경상사고,0,0,1,0,차대차 - 측면충돌,신호위반,건조,맑음,교차로 - 교차로안,승용,남,77세,상해없음,승용,남,56세,상해없음
노인운전자사고,2021011400100182,2021년 1월 14일 11시,목요일,부산광역시 사하구 하단동,경상사고,0,0,2,0,차대차 - 추돌,안전거리미확보,건조,맑음,단일로 - 기타,건설기계,남,72세,상해없음,승용,남,39세,경상
노인운전자사고,2021011400100316,2021년 1월 14일 15시,목요일,부산광역시 해운대구 재송동,경상사고,0,0,2,0,차대차 - 추돌,안전거리미확보,건조,맑음,교차로 - 교차로부근,승용,남,65세,상해없음,승용,남,44세,경상
노인운전자사고,2021011400100318,2021년 1월 14일 15시,목요일,부산광역시 강서구 명지동,중상사고,0,1,0,0,차대차 - 추돌,안전거리미확보,건조,맑음,단일로 - 기타,화물,남,70세,상해없음,화물,남,70세,중상
노인운전자사고,2.02101E+15,2021년 1월 14일 17시,목요일,부산광역시 남구 문현동,중상사고,0,1,0,0,차대사람 - 기타,안전운전불이행,건조,맑음,단일로 - 기타,승합,남,68세,상해없음,보행자,여,78세,중상
노인운전자사고,2021011400100434,2021년 1월 14일 18시,목요일,부산광역시 사하구 다대동,중상사고,0,2,1,0,차대사람 - 기타,안전운전불이행,건조,맑음,교차로 - 교차로부근,승용,남,71세,상해없음,보행자,남,73세,중상
노인운전자사고,2021011400100569,2021년 1월 14일 21시,목요일,부산광역시 남구 용호동,경상사고,0,0,1,0,차대차 - 기타,안전운전불이행,건조,맑음,교차로 - 교차로안,승용,남,69세,상해없음,원동기,남,17세,경상
노인운전자사고,2021011500100028,2021년 1월 15일 06시,금요일,부산광역시 강서구 대저2동,경상사고,0,0,1,0,차대차 - 측면충돌,안전운전불이행,건조,맑음,교차로 - 교차로안,건설기계,남,67세,상해없음,승용,남,37세,경상
노인운전자사고,2021011500100073,2021년 1월 15일 08시,금요일,부산광역시 동구 초량동,경상사고,0,0,1,0,차대차 - 추돌,안전운전불이행,건조,맑음,단일로 - 기타,화물,남,65세,상해없음,승용,남,43세,경상
노인운전자사고,2021011500100206,2021년 1월 15일 13시,금요일,부산광역시 금정구 서동,중상사고,0,1,1,0,차대차 - 정면충돌,안전운전불이행,건조,맑음,교차로 - 교차로안,승용,남,69세,상해없음,화물,남,42세,중상
노인운전자사고,2021011500100245,2021년 1월 15일 14시,금요일,부산광역시 남구 용호동,경상사고,0,0,1,0,차대차 - 측면충돌,안전운전불이행,건조,맑음,교차로 - 교차로횡단보도내,자전거,남,72세,경상,이륜,남,86세,상해없음
노인운전자사고,2.02101E+15,2021년 1월 15일 17시,금요일,부산광역시 부산진구 전포동,경상사고,0,0,1,0,차대사람 - 횡단중,안전운전불이행,건조,맑음,교차로 - 교차로안,승용,남,66세,상해없음,보행자,여,32세,경상
노인운전자사고,2021011600100035,2021년 1월 16일 06시,토요일,부산광역시 중구 중앙동4가,부상신고사고,0,0,0,1,차대차 - 측면충돌,안전운전불이행,건조,맑음,교차로 - 교차로안,화물,남,67세,부상신고,특수,남,39세,상해없음
노인운전자사고,2021011600100249,2021년 1월 16일 16시,토요일,부산광역시 동구 수정동,경상사고,0,0,1,0,차대차 - 측면충돌,신호위반,건조,맑음,단일로 - 기타,승용,남,73세,상해없음,자전거,남,16세,경상
노인운전자사고,2021011600100321,2021년 1월 16일 18시,토요일,부산광역시 사상구 주례동,중상사고,0,1,2,0,차대차 - 기타,안전거리미확보,건조,맑음,단일로 - 기타,화물,남,74세,기타불명,이륜,남,26세,경상
노인운전자사고,2021011600100459,2021년 1월 16일 22시,토요일,부산광역시 중구 동광동1가,경상사고,0,0,1,0,차대차 - 측면충돌,안전운전불이행,건조,맑음,단일로 - 기타,승용,남,72세,상해없음,승용,남,63세,경상
노인운전자사고,2021011700100058,2021년 1월 17일 11시,일요일,부산광역시 남구 문현동,경상사고,0,0,1,0,차대사람 - 기타,안전운전불이행,건조,맑음,단일로 - 교량,화물,남,76세,상해없음,보행자,여,62세,경상
노인운전자사고,2021011700100074,2021년 1월 17일 12시,일요일,부산광역시 남구 대연동,경상사고,0,0,2,0,차대차 - 측면충돌,안전운전불이행,건조,맑음,교차로 - 교차로안,승용,남,68세,상해없음,승용,남,39세,경상
노인운전자사고,2021011700100114,2021년 1월 17일 14시,일요일,부산광역시 중구 영주동,경상사고,0,0,1,0,차대차 - 측면충돌,안전운전불이행,건조,맑음,교차로 - 교차로부근,승용,남,76세,상해없음,이륜,여,33세,경상
노인운전자사고,2021011700100115,2021년 1월 17일 14시,일요일,부산광역시 북구 만덕동,중상사고,0,1,0,0,차대차 - 측면충돌,안전운전불이행,건조,맑음,단일로 - 기타,승용,남,72세,상해없음,이륜,남,30세,중상
노인운전자사고,2021011700100137,2021년 1월 17일 15시,일요일,부산광역시 동래구 온천동,경상사고,0,0,1,0,차량단독 - 기타,기타,건조,맑음,교차로 - 교차로안,승합,남,66세,상해없음,,,,
노인운전자사고,2021011800100046,2021년 1월 18일 08시,월요일,부산광역시 해운대구 재송동,중상사고,0,1,0,0,차대차 - 측면충돌,교차로운행방법위반,건조,맑음,교차로 - 교차로안,승용,남,69세,상해없음,승용,남,30세,중상
노인운전자사고,2021011800100093,2021년 1월 18일 10시,월요일,부산광역시 북구 구포동,경상사고,0,0,1,0,차대차 - 기타,교차로운행방법위반,건조,맑음,교차로 - 교차로안,승용,남,70세,상해없음,승용,남,39세,경상
노인운전자사고,2.02101E+15,2021년 1월 18일 11시,월요일,부산광역시 동구 좌천동,중상사고,0,1,0,0,차대차 - 측면충돌,안전거리미확보,건조,맑음,교차로 - 교차로부근,승용,남,68세,상해없음,이륜,남,25세,중상
노인운전자사고,2021011800100123,2021년 1월 18일 11시,월요일,부산광역시 연제구 거제동,경상사고,0,0,2,0,차대차 - 측면충돌,안전거리미확보,건조,맑음,단일로 - 기타,승용,남,74세,상해없음,승용,남,47세,경상
노인운전자사고,2021011800100166,2021년 1월 18일 13시,월요일,부산광역시 기장군 기장읍,중상사고,0,1,0,0,차대사람 - 횡단중,보행자보호의무위반,건조,맑음,단일로 - 기타,승용,남,71세,상해없음,보행자,남,56세,중상
노인운전자사고,2021011800100167,2021년 1월 18일 13시,월요일,부산광역시 기장군 기장읍,중상사고,0,1,0,0,차대차 - 기타,안전운전불이행,건조,맑음,교차로 - 교차로부근,승용,남,68세,상해없음,화물,여,44세,중상
노인운전자사고,2021011800100184,2021년 1월 18일 14시,월요일,부산광역시 해운대구 송정동,중상사고,0,1,0,0,차대사람 - 기타,안전운전불이행,건조,맑음,단일로 - 기타,승합,남,78세,상해없음,보행자,여,58세,중상
노인운전자사고,2021011800100206,2021년 1월 18일 15시,월요일,부산광역시 서구 아미동1가,경상사고,0,0,2,0,차대차 - 기타,안전운전불이행,건조,맑음,단일로 - 기타,승용,남,78세,상해없음,승합,남,41세,상해없음
노인운전자사고,2021011800100207,2021년 1월 18일 15시,월요일,부산광역시 수영구 민락동,경상사고,0,0,2,0,차대차 - 측면충돌,안전거리미확보,젖음/습기,맑음,기타 - 기타,승용,남,72세,경상,승용,남,33세,경상
노인운전자사고,2021011800100261,2021년 1월 18일 17시,월요일,부산광역시 동래구 온천동,경상사고,0,0,1,0,차대차 - 기타,안전운전불이행,건조,맑음,단일로 - 기타,화물,남,74세,상해없음,승용,여,41세,경상
노인운전자사고,2021011800100298,2021년 1월 18일 18시,월요일,부산광역시 동구 초량동,경상사고,0,0,1,0,차대차 - 측면충돌,안전거리미확보,건조,맑음,교차로 - 교차로부근,승용,남,65세,상해없음,승용,남,36세,경상
노인운전자사고,2021011800100402,2021년 1월 18일 20시,월요일,부산광역시 기장군 정관읍,경상사고,0,0,1,0,차대차 - 기타,신호위반,건조,기타,교차로 - 교차로안,이륜,남,71세,상해없음,이륜,남,30세,경상
노인운전자사고,2021011900100104,2021년 1월 19일 09시,화요일,부산광역시 해운대구 우동,경상사고,0,0,2,0,차대차 - 기타,교차로운행방법위반,건조,맑음,교차로 - 교차로부근,승용,남,81세,상해없음,승용,여,70세,경상
노인운전자사고,2021011900100105,2021년 1월 19일 09시,화요일,부산광역시 사상구 감전동,중상사고,0,1,0,0,차대차 - 측면충돌,안전운전불이행,건조,맑음,교차로 - 교차로안,승용,남,70세,기타불명,이륜,남,44세,중상
노인운전자사고,2021011900100171,2021년 1월 19일 11시,화요일,부산광역시 동구 초량동,부상신고사고,0,0,0,1,차대차 - 추돌,안전운전불이행,건조,맑음,단일로 - 기타,이륜,남,65세,부상신고,화물,남,48세,상해없음
노인운전자사고,2021011900100204,2021년 1월 19일 12시,화요일,부산광역시 강서구 대저1동,경상사고,0,0,1,0,차대차 - 측면충돌,신호위반,건조,맑음,교차로 - 교차로안,화물,남,68세,상해없음,화물,남,51세,경상
노인운전자사고,2021011900100237,2021년 1월 19일 13시,화요일,부산광역시 북구 금곡동,중상사고,0,1,0,0,차대차 - 측면충돌,안전거리미확보,건조,맑음,단일로 - 기타,승용,남,65세,상해없음,이륜,남,50세,중상
노인운전자사고,2021011900100238,2021년 1월 19일 13시,화요일,부산광역시 금정구 서동,경상사고,0,0,1,0,차대차 - 측면충돌,안전운전불이행,건조,맑음,교차로 - 교차로안,승용,남,70세,상해없음,이륜,남,27세,경상
노인운전자사고,2021011900100269,2021년 1월 19일 14시,화요일,부산광역시 부산진구 범천동,부상신고사고,0,0,0,1,차량단독 - 기타,안전운전불이행,건조,맑음,단일로 - 기타,승용,남,66세,부상신고,,,,
노인운전자사고,2.02101E+15,2021년 1월 19일 14시,화요일,부산광역시 기장군 기장읍,경상사고,0,0,1,0,차대차 - 기타,안전운전불이행,건조,맑음,단일로 - 기타,승용,남,65세,상해없음,승용,여,52세,경상
노인운전자사고,2021011900100373,2021년 1월 19일 17시,화요일,부산광역시 동래구 명장동,경상사고,0,0,1,0,차대차 - 측면충돌,안전운전불이행,건조,맑음,교차로 - 교차로안,승용,남,71세,상해없음,원동기,남,44세,경상
노인운전자사고,2021011900100473,2021년 1월 19일 19시,화요일,부산광역시 사하구 괴정동,경상사고,0,0,1,0,차대차 - 추돌,안전운전불이행,건조,맑음,단일로 - 기타,화물,남,68세,상해없음,승용,남,44세,경상
노인운전자사고,2021012000100401,2021년 1월 20일 17시,수요일,부산광역시 사하구 장림동,경상사고,0,0,1,0,차대차 - 추돌,안전운전불이행,건조,맑음,단일로 - 지하차도(도로)내,승용,남,67세,상해없음,승용,남,61세,경상
노인운전자사고,2021012000100402,2021년 1월 20일 17시,수요일,부산광역시 강서구 생곡동,경상사고,0,0,1,0,차대차 - 측면충돌,안전운전불이행,건조,맑음,교차로 - 교차로안,승용,남,71세,상해없음,승용,여,21세,경상
노인운전자사고,2021012000100469,2021년 1월 20일 18시,수요일,부산광역시 수영구 망미동,경상사고,0,0,1,0,차대차 - 기타,교차로운행방법위반,건조,맑음,교차로 - 교차로부근,승용,남,68세,상해없음,이륜,남,29세,경상
노인운전자사고,2.02101E+15,2021년 1월 20일 21시,수요일,부산광역시 부산진구 부암동,경상사고,0,0,4,0,차대차 - 측면충돌,안전거리미확보,건조,맑음,교차로 - 교차로부근,승용,남,69세,상해없음,승용,남,43세,경상
노인운전자사고,2021012100100013,2021년 1월 21일 04시,목요일,부산광역시 기장군 기장읍,중상사고,0,1,0,0,차대차 - 기타,신호위반,건조,맑음,교차로 - 교차로안,이륜,남,67세,상해없음,승용,남,53세,중상
노인운전자사고,2021012100100171,2021년 1월 21일 11시,목요일,부산광역시 동래구 사직동,경상사고,0,0,1,0,차대사람 - 기타,안전운전불이행,건조,맑음,단일로 - 기타,승용,남,65세,상해없음,보행자,남,31세,경상
노인운전자사고,2021012100100235,2021년 1월 21일 13시,목요일,부산광역시 기장군 기장읍,중상사고,0,1,0,0,차대사람 - 기타,안전운전불이행,건조,맑음,교차로 - 교차로안,승용,여,66세,상해없음,보행자,남,33세,중상
노인운전자사고,2021012100100264,2021년 1월 21일 14시,목요일,부산광역시 사하구 다대동,경상사고,0,0,1,0,차대차 - 기타,안전운전불이행,건조,맑음,교차로 - 교차로안,승용,남,65세,상해없음,자전거,남,68세,경상
노인운전자사고,2021012100100287,2021년 1월 21일 15시,목요일,부산광역시 수영구 망미동,경상사고,0,0,1,0,차대차 - 측면충돌,안전운전불이행,건조,맑음,단일로 - 기타,승용,남,73세,상해없음,승용,여,33세,경상
노인운전자사고,2021012100100314,2021년 1월 21일 16시,목요일,부산광역시 남구 우암동,경상사고,0,0,2,0,차대차 - 정면충돌,안전운전불이행,젖음/습기,비,단일로 - 고가도로위,화물,남,68세,상해없음,승용,여,45세,경상
노인운전자사고,2021012100100349,2021년 1월 21일 17시,목요일,부산광역시 강서구 대저1동,경상사고,0,0,1,0,차대차 - 측면충돌,안전운전불이행,건조,맑음,교차로 - 교차로안,승용,여,67세,상해없음,승용,남,32세,경상
노인운전자사고,2021012100100388,2021년 1월 21일 18시,목요일,부산광역시 북구 금곡동,경상사고,0,0,1,0,차대차 - 기타,안전운전불이행,젖음/습기,비,단일로 - 기타,승용,남,70세,상해없음,승용,남,41세,경상
노인운전자사고,2021012200100066,2021년 1월 22일 08시,금요일,부산광역시 북구 구포동,경상사고,0,0,1,0,차대차 - 측면충돌,안전거리미확보,건조,맑음,단일로 - 기타,화물,남,66세,상해없음,승용,남,46세,경상