사고부문,사고번호,사고일시,요일,시군구,사고내용,사망자수,중상자수,경상자수,부상신고자수,사고유형,법규위반,노면상태,기상상태,도로형태,가해운전자 차종,가해운전자 성별,가해운전자 연령,가해운전자 상해정도,피해운전자 차종,피해운전자 성별,피해운전자 연령,피해운전자 상해정도
노인운전자사고,2021012200100157,2021년 1월 22일 12시,금요일,부산광역시 북구 구포동,경상사고,0,0,1,0,차대차 - 측면충돌,중앙선침범,건조,맑음,단일로 - 기타,승용,남,75세,상해없음,승용,남,53세,경상
노인운전자사고,2021012200100204,2021년 1월 22일 14시,금요일,부산광역시 중구 대청동4가,중상사고,0,1,0,0,차대차 - 측면충돌,중앙선침범,건조,맑음,교차로 - 교차로횡단보도내,자전거,남,74세,중상,이륜,남,48세,상해없음
노인운전자사고,2021012200100271,2021년 1월 22일 16시,금요일,부산광역시 사상구 덕포동,경상사고,0,0,1,0,차대사람 - 기타,안전운전불이행,건조,맑음,기타 - 기타,화물,남,68세,상해없음,보행자,남,55세,경상
노인운전자사고,2021012200100356,2021년 1월 22일 18시,금요일,부산광역시 사하구 괴정동,경상사고,0,0,1,0,차대사람 - 길가장자리구역통행중,보행자보호의무위반,건조,맑음,교차로 - 교차로횡단보도내,승용,남,69세,상해없음,보행자,남,21세,경상
노인운전자사고,2021012200100357,2021년 1월 22일 18시,금요일,부산광역시 연제구 연산동,중상사고,0,1,0,0,차대사람 - 횡단중,보행자보호의무위반,젖음/습기,비,교차로 - 교차로안,화물,남,71세,상해없음,보행자,여,60세,중상
노인운전자사고,2021012300100065,2021년 1월 23일 09시,토요일,부산광역시 해운대구 반송동,경상사고,0,0,1,0,차대사람 - 차도통행중,안전운전불이행,젖음/습기,비,교차로 - 교차로횡단보도내,승용,남,71세,상해없음,보행자,남,23세,경상
노인운전자사고,2021012300100066,2021년 1월 23일 09시,토요일,부산광역시 금정구 부곡동,경상사고,0,0,1,0,차대사람 - 기타,안전운전불이행,젖음/습기,비,교차로 - 교차로안,화물,남,70세,상해없음,보행자,여,48세,경상
노인운전자사고,2021012300100172,2021년 1월 23일 13시,토요일,부산광역시 사하구 하단동,중상사고,0,1,1,0,차대차 - 측면충돌,중앙선침범,젖음/습기,맑음,단일로 - 기타,화물,남,68세,상해없음,승용,여,39세,중상
노인운전자사고,2021012400100293,2021년 1월 24일 20시,일요일,부산광역시 금정구 서동,중상사고,0,1,0,0,차대사람 - 횡단중,안전운전불이행,건조,맑음,교차로 - 교차로안,승용,남,68세,상해없음,보행자,남,61세,중상
노인운전자사고,2021012500100096,2021년 1월 25일 09시,월요일,부산광역시 사하구 감천동,중상사고,0,1,0,0,차대차 - 기타,안전운전불이행,건조,맑음,단일로 - 기타,이륜,남,66세,상해없음,화물,남,45세,상해없음
노인운전자사고,2021012500100127,2021년 1월 25일 10시,월요일,부산광역시 사상구 감전동,경상사고,0,0,1,0,차대차 - 측면충돌,교차로운행방법위반,건조,맑음,교차로 - 교차로안,화물,남,66세,상해없음,승용,남,25세,경상
노인운전자사고,2021012500100156,2021년 1월 25일 11시,월요일,부산광역시 북구 만덕동,중상사고,0,1,1,0,차대차 - 기타,안전운전불이행,건조,맑음,교차로 - 교차로부근,승용,남,75세,상해없음,화물,남,46세,중상
노인운전자사고,2021012500100191,2021년 1월 25일 12시,월요일,부산광역시 수영구 광안동,경상사고,0,0,1,0,차대사람 - 기타,신호위반,건조,맑음,교차로 - 교차로횡단보도내,승용,남,71세,상해없음,보행자,여,24세,경상
노인운전자사고,2021012500100192,2021년 1월 25일 12시,월요일,부산광역시 기장군 기장읍,중상사고,0,1,0,0,차대차 - 측면충돌,교차로운행방법위반,건조,맑음,교차로 - 교차로안,승용,남,66세,기타불명,승용,여,24세,중상
노인운전자사고,2.02101E+15,2021년 1월 25일 15시,월요일,부산광역시 동래구 사직동,경상사고,0,0,1,0,차대차 - 추돌,안전운전불이행,건조,맑음,단일로 - 기타,승합,남,67세,상해없음,승용,여,33세,경상
노인운전자사고,2021012500100412,2021년 1월 25일 18시,월요일,부산광역시 부산진구 부전동,중상사고,0,1,0,0,차대차 - 기타,중앙선침범,건조,맑음,단일로 - 기타,승용,남,67세,상해없음,이륜,남,21세,중상
노인운전자사고,2021012500100498,2021년 1월 25일 20시,월요일,부산광역시 부산진구 부전동,경상사고,0,0,1,0,차대차 - 정면충돌,신호위반,건조,맑음,교차로 - 교차로안,승용,여,65세,상해없음,승합,남,61세,경상
노인운전자사고,2021012600100173,2021년 1월 26일 11시,화요일,부산광역시 해운대구 우동,경상사고,0,0,1,0,차대사람 - 횡단중,안전운전불이행,젖음/습기,비,교차로 - 교차로부근,승용,남,67세,상해없음,보행자,여,20세,경상
노인운전자사고,2021012600100225,2021년 1월 26일 13시,화요일,부산광역시 해운대구 반여동,경상사고,0,0,1,0,차대차 - 측면충돌,안전거리미확보,젖음/습기,비,단일로 - 기타,승용,여,76세,상해없음,승용,여,46세,경상
노인운전자사고,2021012600100514,2021년 1월 26일 21시,화요일,부산광역시 영도구 봉래동3가,경상사고,0,0,2,1,차대차 - 측면충돌,신호위반,건조,맑음,교차로 - 교차로안,승용,남,65세,상해없음,승용,여,41세,경상
노인운전자사고,2021012600100559,2021년 1월 26일 23시,화요일,부산광역시 중구 부평동2가,경상사고,0,0,1,0,차대차 - 측면충돌,안전운전불이행,건조,맑음,교차로 - 교차로부근,승합,남,67세,상해없음,이륜,남,19세,경상
노인운전자사고,2021012700100026,2021년 1월 27일 06시,수요일,부산광역시 북구 구포동,경상사고,0,0,1,0,차대차 - 기타,안전운전불이행,건조,맑음,교차로 - 교차로안,화물,남,65세,상해없음,승용,여,35세,경상
노인운전자사고,2021012700100061,2021년 1월 27일 08시,수요일,부산광역시 서구 동대신동3가,경상사고,0,0,1,0,차대사람 - 횡단중,안전운전불이행,건조,맑음,교차로 - 교차로부근,승용,남,75세,상해없음,보행자,여,66세,경상
노인운전자사고,2021012700100163,2021년 1월 27일 12시,수요일,부산광역시 연제구 연산동,부상신고사고,0,0,0,1,차량단독 - 기타,안전운전불이행,건조,맑음,단일로 - 기타,자전거,남,80세,부상신고,,,,
노인운전자사고,2021012700100263,2021년 1월 27일 15시,수요일,부산광역시 동구 초량동,경상사고,0,0,1,0,차대사람 - 기타,보행자보호의무위반,건조,맑음,단일로 - 기타,승용,남,68세,상해없음,보행자,여,61세,경상
노인운전자사고,2021012700100492,2021년 1월 27일 21시,수요일,부산광역시 사하구 감천동,경상사고,0,0,1,0,차대차 - 측면충돌,안전운전불이행,건조,맑음,교차로 - 교차로안,승용,남,78세,상해없음,이륜,남,24세,경상
노인운전자사고,2021012800100219,2021년 1월 28일 13시,목요일,부산광역시 남구 용호동,중상사고,0,1,0,0,차대사람 - 차도통행중,안전운전불이행,건조,맑음,교차로 - 교차로안,승용,여,73세,상해없음,보행자,여,68세,중상
노인운전자사고,2021012800100248,2021년 1월 28일 14시,목요일,부산광역시 사상구 덕포동,중상사고,0,1,0,0,차대차 - 측면충돌,직진우회전진행방해,건조,맑음,교차로 - 교차로안,승합,남,65세,상해없음,승용,남,38세,중상
노인운전자사고,2021012800100282,2021년 1월 28일 15시,목요일,부산광역시 사상구 모라동,경상사고,0,0,2,0,차대차 - 측면충돌,안전운전불이행,건조,맑음,교차로 - 교차로안,승용,남,66세,상해없음,승용,남,21세,경상
노인운전자사고,2021012800100368,2021년 1월 28일 18시,목요일,부산광역시 중구 남포동6가,경상사고,0,0,2,0,차대차 - 측면충돌,교차로운행방법위반,건조,맑음,교차로 - 교차로부근,승용,남,70세,상해없음,승용,남,63세,경상
노인운전자사고,2021012900100037,2021년 1월 29일 06시,금요일,부산광역시 부산진구 범천동,중상사고,0,1,0,0,차량단독 - 기타,안전운전불이행,건조,맑음,기타 - 기타,이륜,남,69세,중상,,,,
노인운전자사고,2021012900100153,2021년 1월 29일 10시,금요일,부산광역시 동구 범일동,경상사고,0,0,2,1,차대차 - 측면충돌,교차로운행방법위반,건조,맑음,교차로 - 교차로안,승용,남,83세,부상신고,승용,남,63세,경상
노인운전자사고,2021012900100154,2021년 1월 29일 10시,금요일,부산광역시 북구 화명동,중상사고,0,1,0,0,차대차 - 기타,차로위반,건조,맑음,단일로 - 기타,승합,남,69세,상해없음,승합,남,47세,상해없음
노인운전자사고,2021012900100157,2021년 1월 29일 10시,금요일,부산광역시 사상구 모라동,경상사고,0,0,1,0,차대차 - 기타,안전거리미확보,건조,맑음,단일로 - 기타,화물,남,68세,상해없음,승용,남,51세,경상
노인운전자사고,2021012900100407,2021년 1월 29일 18시,금요일,부산광역시 사하구 감천동,중상사고,0,1,0,0,차대차 - 기타,신호위반,건조,맑음,교차로 - 교차로안,승용,남,67세,상해없음,이륜,남,21세,중상
노인운전자사고,2021012900100408,2021년 1월 29일 18시,금요일,부산광역시 사하구 장림동,경상사고,0,0,1,0,차대차 - 기타,안전운전불이행,건조,맑음,교차로 - 교차로부근,승용,남,67세,상해없음,승용,남,64세,상해없음
노인운전자사고,2021012900100462,2021년 1월 29일 19시,금요일,부산광역시 동구 초량동,중상사고,0,1,1,0,차대차 - 추돌,안전운전불이행,건조,맑음,단일로 - 기타,화물,남,72세,상해없음,승용,남,73세,중상
노인운전자사고,2021012900100463,2021년 1월 29일 19시,금요일,부산광역시 해운대구 좌동,경상사고,0,0,1,0,차대차 - 기타,신호위반,젖음/습기,비,교차로 - 교차로안,승용,남,86세,상해없음,승용,여,38세,경상
노인운전자사고,2021013000100142,2021년 1월 30일 12시,토요일,부산광역시 해운대구 중동,경상사고,0,0,2,0,차대차 - 기타,신호위반,건조,맑음,단일로 - 기타,승용,남,69세,상해없음,승용,남,67세,상해없음
노인운전자사고,2021013000100294,2021년 1월 30일 16시,토요일,부산광역시 강서구 강동동,중상사고,0,1,0,0,차대차 - 측면충돌,중앙선침범,건조,맑음,단일로 - 기타,승용,남,74세,중상,승용,남,34세,상해없음
노인운전자사고,2021013000100332,2021년 1월 30일 17시,토요일,부산광역시 연제구 거제동,경상사고,0,0,1,0,차대사람 - 기타,안전운전불이행,건조,맑음,단일로 - 기타,승용,여,78세,상해없음,보행자,여,71세,경상
노인운전자사고,2021013100100014,2021년 1월 31일 01시,일요일,부산광역시 동래구 명륜동,중상사고,0,1,0,0,차대차 - 측면충돌,안전운전불이행,건조,맑음,단일로 - 기타,승용,남,69세,상해없음,이륜,남,38세,중상
노인운전자사고,2021013100100123,2021년 1월 31일 13시,일요일,부산광역시 중구 남포동6가,중상사고,0,1,0,0,차대사람 - 횡단중,보행자보호의무위반,건조,맑음,교차로 - 교차로횡단보도내,승용,남,73세,상해없음,보행자,여,62세,중상
노인운전자사고,2021013100100124,2021년 1월 31일 13시,일요일,부산광역시 수영구 남천동,경상사고,0,0,1,0,차대차 - 기타,안전운전불이행,건조,맑음,교차로 - 교차로부근,화물,남,69세,상해없음,승용,여,30세,경상
노인운전자사고,2021013100100261,2021년 1월 31일 18시,일요일,부산광역시 금정구 구서동,경상사고,0,0,1,0,차대차 - 측면충돌,중앙선침범,건조,맑음,단일로 - 기타,승용,남,68세,상해없음,이륜,남,66세,경상
노인운전자사고,2021020100100042,2021년 2월 1일 07시,월요일,부산광역시 해운대구 반송동,경상사고,0,0,1,0,차대사람 - 기타,보행자보호의무위반,젖음/습기,비,교차로 - 교차로횡단보도내,승용,남,65세,상해없음,보행자,여,66세,경상
노인운전자사고,2021020100100099,2021년 2월 1일 09시,월요일,부산광역시 강서구 녹산동,경상사고,0,0,2,0,차대차 - 기타,안전운전불이행,젖음/습기,비,단일로 - 기타,승용,남,68세,상해없음,승용,남,29세,경상
노인운전자사고,2021020100100117,2021년 2월 1일 10시,월요일,부산광역시 북구 구포동,사망사고,1,0,0,0,차대차 - 측면충돌,안전운전불이행,젖음/습기,비,교차로 - 교차로안,승용,남,70세,상해없음,기타불명,남,66세,사망
노인운전자사고,2021020100100165,2021년 2월 1일 12시,월요일,부산광역시 서구 동대신동2가,경상사고,0,0,1,0,차대차 - 측면충돌,안전운전불이행,젖음/습기,흐림,단일로 - 기타,화물,남,73세,상해없음,이륜,남,28세,경상
노인운전자사고,2021020100100329,2021년 2월 1일 18시,월요일,부산광역시 금정구 장전동,경상사고,0,0,1,0,차대차 - 측면충돌,신호위반,건조,맑음,교차로 - 교차로안,승용,남,70세,상해없음,승용,남,64세,경상
노인운전자사고,2021020200100102,2021년 2월 2일 10시,화요일,부산광역시 부산진구 부전동,경상사고,0,0,1,0,차대차 - 정면충돌,신호위반,건조,맑음,교차로 - 교차로안,승용,여,68세,상해없음,이륜,남,35세,경상
노인운전자사고,2021020200100167,2021년 2월 2일 12시,화요일,부산광역시 강서구 명지동,경상사고,0,0,1,0,차대차 - 추돌,안전거리미확보,건조,맑음,교차로 - 교차로부근,승용,남,68세,상해없음,승용,여,59세,경상
노인운전자사고,2021020200100286,2021년 2월 2일 16시,화요일,부산광역시 수영구 남천동,중상사고,0,1,0,0,차량단독 - 기타,안전운전불이행,건조,맑음,단일로 - 기타,승용,남,71세,상해없음,,,,
노인운전자사고,2021020200100452,2021년 2월 2일 21시,화요일,부산광역시 해운대구 중동,경상사고,0,0,1,0,차대차 - 측면충돌,신호위반,건조,흐림,단일로 - 기타,승합,남,71세,상해없음,승용,여,48세,경상
노인운전자사고,2021020300100137,2021년 2월 3일 11시,수요일,부산광역시 부산진구 전포동,경상사고,0,0,3,0,차대차 - 측면충돌,신호위반,건조,맑음,교차로 - 교차로부근,건설기계,남,66세,상해없음,승용,남,66세,경상
노인운전자사고,2021020300100195,2021년 2월 3일 13시,수요일,부산광역시 부산진구 전포동,부상신고사고,0,0,0,1,차대사람 - 기타,안전운전불이행,건조,맑음,단일로 - 기타,승용,남,86세,상해없음,보행자,남,67세,부상신고
노인운전자사고,2021020300100477,2021년 2월 3일 20시,수요일,부산광역시 동구 좌천동,경상사고,0,0,1,0,차대차 - 기타,안전거리미확보,건조,맑음,교차로 - 교차로부근,승용,남,73세,상해없음,승용,남,36세,경상
노인운전자사고,2021020400100186,2021년 2월 4일 11시,목요일,부산광역시 금정구 장전동,경상사고,0,0,1,0,차대차 - 기타,안전운전불이행,건조,맑음,교차로 - 교차로안,자전거,남,79세,경상,이륜,남,24세,상해없음
노인운전자사고,2021020400100264,2021년 2월 4일 13시,목요일,부산광역시 부산진구 개금동,경상사고,0,0,2,0,차대차 - 기타,안전거리미확보,건조,맑음,교차로 - 교차로부근,승용,남,75세,상해없음,승용,남,42세,경상
노인운전자사고,2021020400100333,2021년 2월 4일 15시,목요일,부산광역시 동구 수정동,경상사고,0,0,1,0,차대차 - 기타,안전거리미확보,건조,맑음,교차로 - 교차로부근,승용,남,73세,상해없음,승용,여,29세,경상
노인운전자사고,2021020400100375,2021년 2월 4일 16시,목요일,부산광역시 동구 수정동,경상사고,0,0,1,0,차대차 - 측면충돌,안전거리미확보,건조,맑음,단일로 - 기타,승합,남,68세,상해없음,승용,남,63세,상해없음
노인운전자사고,2021020500100132,2021년 2월 5일 11시,금요일,부산광역시 사하구 다대동,경상사고,0,0,1,0,차대사람 - 기타,안전운전불이행,건조,맑음,단일로 - 기타,승용,여,65세,상해없음,보행자,남,40세,경상
노인운전자사고,2021020500100332,2021년 2월 5일 16시,금요일,부산광역시 부산진구 범천동,경상사고,0,0,2,0,차대차 - 추돌,안전운전불이행,건조,맑음,단일로 - 기타,승용,남,75세,상해없음,승용,남,20세,경상
노인운전자사고,2021020600100061,2021년 2월 6일 09시,토요일,부산광역시 사상구 주례동,경상사고,0,0,1,0,차대차 - 측면충돌,차로위반,건조,맑음,단일로 - 기타,승용,남,70세,상해없음,승용,남,49세,경상
노인운전자사고,2021020600100096,2021년 2월 6일 11시,토요일,부산광역시 금정구 회동동,경상사고,0,0,3,0,차대차 - 측면충돌,교차로운행방법위반,건조,맑음,교차로 - 교차로안,승용,여,70세,경상,승용,남,45세,경상
노인운전자사고,2021020600100388,2021년 2월 6일 19시,토요일,부산광역시 기장군 기장읍,경상사고,0,0,1,0,차대차 - 기타,교차로운행방법위반,건조,맑음,교차로 - 교차로안,승합,남,69세,기타불명,승용,남,33세,경상
노인운전자사고,2021020600100414,2021년 2월 6일 20시,토요일,부산광역시 서구 서대신동2가,중상사고,0,1,0,0,차대차 - 측면충돌,기타,건조,맑음,교차로 - 교차로안,승용,여,66세,상해없음,이륜,남,39세,중상
노인운전자사고,2021020700100051,2021년 2월 7일 08시,일요일,부산광역시 사상구 모라동,부상신고사고,0,0,0,1,차대차 - 기타,신호위반,건조,맑음,교차로 - 교차로안,이륜,남,75세,부상신고,승용,남,62세,상해없음
노인운전자사고,2021020700100085,2021년 2월 7일 11시,일요일,부산광역시 수영구 민락동,경상사고,0,0,1,0,차대차 - 측면충돌,안전운전불이행,건조,맑음,교차로 - 교차로안,화물,남,68세,상해없음,승용,남,53세,경상
노인운전자사고,2021020800100209,2021년 2월 8일 12시,월요일,부산광역시 북구 만덕동,경상사고,0,0,2,0,차대차 - 기타,안전운전불이행,건조,맑음,단일로 - 기타,승용,남,71세,상해없음,승용,남,33세,경상
노인운전자사고,2.02102E+15,2021년 2월 8일 12시,월요일,부산광역시 사하구 구평동,중상사고,0,1,0,0,차량단독 - 기타,안전운전불이행,건조,맑음,기타 - 기타,승합,남,67세,상해없음,,,,
노인운전자사고,2021020800100262,2021년 2월 8일 13시,월요일,부산광역시 동구 초량동,경상사고,0,0,1,0,차대차 - 측면충돌,안전운전불이행,건조,맑음,단일로 - 기타,승용,남,75세,상해없음,승용,여,43세,경상
노인운전자사고,2021020800100308,2021년 2월 8일 14시,월요일,부산광역시 수영구 광안동,경상사고,0,0,1,0,차대사람 - 보도통행중,신호위반,건조,맑음,단일로 - 기타,승용,여,66세,상해없음,보행자,남,10세,경상
노인운전자사고,2021020800100376,2021년 2월 8일 16시,월요일,부산광역시 영도구 영선동1가,중상사고,0,1,0,0,차대사람 - 길가장자리구역통행중,안전운전불이행,건조,맑음,단일로 - 기타,화물,남,67세,상해없음,보행자,여,65세,중상
노인운전자사고,2021020800100424,2021년 2월 8일 17시,월요일,부산광역시 강서구 명지동,경상사고,0,0,2,0,차대차 - 추돌,안전거리미확보,건조,맑음,단일로 - 기타,승합,남,66세,상해없음,승용,여,60세,경상
노인운전자사고,2021020900100069,2021년 2월 9일 08시,화요일,부산광역시 연제구 연산동,경상사고,0,0,1,0,차대사람 - 보도통행중,보행자보호의무위반,건조,맑음,교차로 - 교차로횡단보도내,승용,여,65세,상해없음,보행자,여,18세,경상
노인운전자사고,2021020900100103,2021년 2월 9일 09시,화요일,부산광역시 수영구 광안동,경상사고,0,0,1,0,차대차 - 기타,안전운전불이행,건조,맑음,교차로 - 교차로안,승용,남,71세,상해없음,승용,남,63세,경상
노인운전자사고,2021020900100257,2021년 2월 9일 13시,화요일,부산광역시 동래구 안락동,중상사고,0,1,0,0,차대차 - 추돌,안전운전불이행,건조,맑음,교차로 - 교차로안,승용,남,78세,상해없음,승용,남,50세,중상
노인운전자사고,2021020900100441,2021년 2월 9일 17시,화요일,부산광역시 남구 대연동,경상사고,0,0,2,0,차대차 - 추돌,안전운전불이행,건조,맑음,단일로 - 기타,화물,남,65세,상해없음,승용,여,20세,경상
노인운전자사고,2021020900100444,2021년 2월 9일 17시,화요일,부산광역시 금정구 금사동,중상사고,0,2,0,0,차대차 - 기타,안전운전불이행,건조,맑음,교차로 - 교차로부근,이륜,남,69세,중상,이륜,남,34세,중상
노인운전자사고,2021020900100494,2021년 2월 9일 18시,화요일,부산광역시 강서구 신호동,경상사고,0,0,2,0,차대차 - 추돌,안전운전불이행,건조,맑음,단일로 - 기타,승용,남,68세,상해없음,승용,남,41세,경상
노인운전자사고,2021020900100554,2021년 2월 9일 19시,화요일,부산광역시 부산진구 양정동,중상사고,0,1,1,0,차대차 - 추돌,신호위반,건조,맑음,교차로 - 교차로안,승용,남,65세,상해없음,승용,남,65세,경상
노인운전자사고,2021020900100557,2021년 2월 9일 19시,화요일,부산광역시 연제구 연산동,경상사고,0,0,1,0,차대차 - 추돌,안전거리미확보,건조,맑음,단일로 - 기타,승용,남,65세,상해없음,승용,남,58세,경상
노인운전자사고,2.02102E+15,2021년 2월 9일 20시,화요일,부산광역시 사상구 주례동,경상사고,0,0,1,0,차대사람 - 횡단중,안전운전불이행,건조,맑음,단일로 - 기타,승용,남,65세,상해없음,보행자,여,61세,경상
노인운전자사고,2021020900100658,2021년 2월 9일 21시,화요일,부산광역시 사하구 신평동,경상사고,0,0,1,0,차대차 - 추돌,안전거리미확보,건조,맑음,교차로 - 교차로부근,승용,남,67세,상해없음,이륜,남,17세,경상
노인운전자사고,2021021000100058,2021년 2월 10일 07시,수요일,부산광역시 강서구 대저2동,경상사고,0,0,1,0,차대차 - 측면충돌,교차로운행방법위반,건조,맑음,교차로 - 교차로안,승용,남,69세,상해없음,화물,여,58세,경상
노인운전자사고,2021021000100087,2021년 2월 10일 08시,수요일,부산광역시 금정구 서동,경상사고,0,0,1,0,차대차 - 후진중충돌,안전운전불이행,건조,맑음,단일로 - 기타,화물,남,70세,상해없음,승용,남,26세,경상
노인운전자사고,2021021000100088,2021년 2월 10일 08시,수요일,부산광역시 사하구 다대동,경상사고,0,0,1,0,차대차 - 기타,안전거리미확보,건조,맑음,단일로 - 기타,승용,남,76세,상해없음,승용,여,48세,경상
노인운전자사고,2.02102E+15,2021년 2월 10일 11시,수요일,부산광역시 수영구 남천동,경상사고,0,0,1,0,차대차 - 측면충돌,안전거리미확보,건조,맑음,단일로 - 기타,승용,여,68세,상해없음,승용,남,67세,경상
노인운전자사고,2021021000100182,2021년 2월 10일 11시,수요일,부산광역시 북구 덕천동,경상사고,0,0,1,0,차대차 - 기타,안전거리미확보,건조,맑음,단일로 - 기타,이륜,남,65세,상해없음,승합,남,50세,상해없음
노인운전자사고,2021021000100387,2021년 2월 10일 16시,수요일,부산광역시 강서구 구랑동,경상사고,0,0,1,0,차대차 - 기타,안전거리미확보,건조,기타,단일로 - 기타,승용,여,68세,상해없음,화물,남,58세,경상
노인운전자사고,2021021000100432,2021년 2월 10일 17시,수요일,부산광역시 해운대구 반여동,중상사고,0,1,1,0,차대차 - 측면충돌,안전거리미확보,건조,맑음,단일로 - 기타,이륜,남,68세,중상,승용,남,43세,경상
노인운전자사고,2021021000100434,2021년 2월 10일 17시,수요일,부산광역시 사하구 하단동,중상사고,0,1,1,0,차대차 - 기타,안전거리미확보,건조,맑음,단일로 - 기타,승용,남,67세,중상,승용,남,53세,경상
노인운전자사고,2021021000100616,2021년 2월 10일 20시,수요일,부산광역시 수영구 광안동,경상사고,0,0,1,0,차대차 - 기타,교차로운행방법위반,건조,맑음,교차로 - 교차로안,승용,남,70세,상해없음,승용,남,22세,경상
노인운전자사고,2021021100100001,2021년 2월 11일 00시,목요일,부산광역시 사하구 감천동,경상사고,0,0,1,0,차대차 - 기타,신호위반,건조,맑음,교차로 - 교차로안,승용,남,68세,상해없음,자전거,남,17세,경상
노인운전자사고,2.02102E+15,2021년 2월 11일 11시,목요일,부산광역시 사하구 장림동,중상사고,0,1,0,0,차대차 - 기타,안전운전불이행,건조,맑음,기타 - 기타,자전거,남,73세,상해없음,자전거,남,40세,중상
노인운전자사고,2021021100100108,2021년 2월 11일 12시,목요일,부산광역시 부산진구 양정동,부상신고사고,0,0,0,1,차대차 - 기타,안전운전불이행,건조,맑음,기타 - 기타,자전거,남,80세,상해없음,승합,남,45세,부상신고
노인운전자사고,2021021100100268,2021년 2월 11일 19시,목요일,부산광역시 사상구 모라동,중상사고,0,1,0,0,차대사람 - 횡단중,안전운전불이행,건조,맑음,교차로 - 교차로안,승용,남,78세,상해없음,보행자,남,62세,중상
노인운전자사고,2021021200100033,2021년 2월 12일 08시,금요일,부산광역시 해운대구 재송동,경상사고,0,0,3,0,차대차 - 정면충돌,중앙선침범,건조,맑음,단일로 - 기타,승용,남,68세,상해없음,승용,여,41세,경상
노인운전자사고,2021021200100037,2021년 2월 12일 09시,금요일,부산광역시 서구 부용동1가,경상사고,0,0,2,1,차대차 - 기타,교차로운행방법위반,건조,맑음,교차로 - 교차로안,승용,남,69세,부상신고,승용,남,46세,경상
노인운전자사고,2021021200100058,2021년 2월 12일 11시,금요일,부산광역시 중구 부평동3가,중상사고,0,1,1,0,차대사람 - 기타,안전운전불이행,건조,맑음,단일로 - 기타,승용,남,72세,상해없음,보행자,남,45세,경상
노인운전자사고,2021021200100076,2021년 2월 12일 12시,금요일,부산광역시 사상구 모라동,경상사고,0,0,1,0,차대차 - 측면충돌,안전운전불이행,건조,맑음,단일로 - 기타,승용,남,66세,상해없음,승용,남,64세,경상
노인운전자사고,2.02102E+15,2021년 2월 12일 18시,금요일,부산광역시 수영구 수영동,경상사고,0,0,1,0,차대차 - 측면충돌,교차로운행방법위반,건조,맑음,교차로 - 교차로부근,승용,남,68세,상해없음,이륜,남,20세,경상
노인운전자사고,2.02102E+15,2021년 2월 13일 13시,토요일,부산광역시 북구 덕천동,경상사고,0,0,1,0,차대사람 - 차도통행중,안전운전불이행,건조,맑음,교차로 - 교차로안,승용,남,68세,상해없음,보행자,남,37세,경상
노인운전자사고,2021021300100186,2021년 2월 13일 16시,토요일,부산광역시 해운대구 우동,경상사고,0,0,1,0,차대사람 - 횡단중,신호위반,건조,맑음,단일로 - 기타,승용,남,65세,상해없음,보행자,남,49세,경상
노인운전자사고,2021021400100101,2021년 2월 14일 14시,일요일,부산광역시 남구 대연동,경상사고,0,0,1,0,차대차 - 측면충돌,안전거리미확보,건조,맑음,단일로 - 기타,승용,여,68세,기타불명,승용,여,69세,경상
노인운전자사고,2021021400100157,2021년 2월 14일 17시,일요일,부산광역시 중구 남포동1가,중상사고,0,1,0,0,차대차 - 기타,안전운전불이행,건조,맑음,단일로 - 기타,승용,남,66세,상해없음,이륜,남,33세,중상
노인운전자사고,2021021500100228,2021년 2월 15일 15시,월요일,부산광역시 금정구 장전동,경상사고,0,0,1,0,차대차 - 기타,중앙선침범,건조,맑음,교차로 - 교차로안,승용,남,68세,상해없음,화물,남,37세,경상
노인운전자사고,2021021500100472,2021년 2월 15일 23시,월요일,부산광역시 연제구 거제동,중상사고,0,1,1,0,차대차 - 측면충돌,신호위반,건조,맑음,교차로 - 교차로안,승용,남,69세,상해없음,승용,남,71세,경상
노인운전자사고,2021021600100185,2021년 2월 16일 13시,화요일,부산광역시 동래구 복천동,경상사고,0,0,1,0,차대차 - 기타,안전운전불이행,건조,맑음,기타 - 기타,승용,남,68세,상해없음,이륜,남,38세,경상
노인운전자사고,2021021600100227,2021년 2월 16일 14시,화요일,부산광역시 부산진구 부전동,경상사고,0,0,1,0,차대사람 - 기타,안전운전불이행,건조,맑음,단일로 - 기타,승용,남,77세,상해없음,보행자,남,50세,경상
노인운전자사고,2.02102E+15,2021년 2월 16일 15시,화요일,부산광역시 수영구 수영동,경상사고,0,0,1,0,차대차 - 추돌,안전운전불이행,건조,맑음,단일로 - 기타,승용,남,65세,상해없음,승용,여,33세,경상
노인운전자사고,2021021700100142,2021년 2월 17일 10시,수요일,부산광역시 사상구 괘법동,경상사고,0,0,1,0,차대차 - 추돌,안전운전불이행,건조,맑음,교차로 - 교차로안,승용,남,70세,상해없음,승용,남,37세,경상
노인운전자사고,2021021700100227,2021년 2월 17일 13시,수요일,부산광역시 사상구 주례동,중상사고,0,1,0,0,차대사람 - 횡단중,보행자보호의무위반,건조,맑음,교차로 - 교차로안,승용,남,65세,상해없음,보행자,여,19세,중상