사고부문,사고번호,사고일시,요일,시군구,사고내용,사망자수,중상자수,경상자수,부상신고자수,사고유형,법규위반,노면상태,기상상태,도로형태,가해운전자 차종,가해운전자 성별,가해운전자 연령,가해운전자 상해정도,피해운전자 차종,피해운전자 성별,피해운전자 연령,피해운전자 상해정도
노인운전자사고,2021021700100393,2021년 2월 17일 18시,수요일,부산광역시 서구 아미동2가,중상사고,0,1,1,0,차대차 - 측면충돌,기타,건조,맑음,교차로 - 교차로안,이륜,남,73세,중상,승용,남,63세,상해없음
노인운전자사고,2021021900100069,2021년 2월 19일 08시,금요일,부산광역시 해운대구 우동,중상사고,0,1,2,0,차대차 - 추돌,안전거리미확보,건조,맑음,단일로 - 터널,승용,남,66세,경상,승용,남,42세,상해없음
노인운전자사고,2.02102E+15,2021년 2월 19일 08시,금요일,부산광역시 해운대구 반송동,중상사고,0,1,0,0,차대차 - 기타,기타,건조,맑음,단일로 - 기타,승용,남,66세,상해없음,승합,남,41세,상해없음
노인운전자사고,2021021900100213,2021년 2월 19일 12시,금요일,부산광역시 수영구 광안동,경상사고,0,0,1,0,차대차 - 기타,신호위반,건조,맑음,기타 - 기타,승용,남,70세,상해없음,이륜,남,22세,경상
노인운전자사고,2021021900100214,2021년 2월 19일 12시,금요일,부산광역시 동래구 사직동,경상사고,0,0,1,0,차대차 - 측면충돌,안전거리미확보,건조,맑음,단일로 - 기타,승용,남,66세,상해없음,승용,남,50세,경상
노인운전자사고,2021021900100291,2021년 2월 19일 14시,금요일,부산광역시 서구 충무동1가,중상사고,0,1,0,0,차대사람 - 횡단중,안전운전불이행,건조,맑음,교차로 - 교차로부근,승용,남,70세,상해없음,보행자,여,80세,중상
노인운전자사고,2.02102E+15,2021년 2월 19일 15시,금요일,부산광역시 기장군 기장읍,경상사고,0,0,1,0,차대차 - 측면충돌,중앙선침범,건조,맑음,단일로 - 기타,승용,남,72세,기타불명,승용,남,47세,경상
노인운전자사고,2021021900100442,2021년 2월 19일 17시,금요일,부산광역시 금정구 남산동,경상사고,0,0,1,0,차대차 - 기타,차로위반,건조,맑음,단일로 - 기타,승용,남,72세,상해없음,승용,여,26세,경상
노인운전자사고,2021022000100038,2021년 2월 20일 04시,토요일,부산광역시 사상구 모라동,사망사고,1,0,0,0,차대사람 - 횡단중,안전운전불이행,건조,맑음,단일로 - 기타,승합,남,68세,상해없음,보행자,여,75세,사망
노인운전자사고,2021022000100056,2021년 2월 20일 07시,토요일,부산광역시 동래구 온천동,경상사고,0,0,1,0,차대차 - 측면충돌,신호위반,건조,맑음,교차로 - 교차로안,화물,남,69세,상해없음,승용,남,68세,경상
노인운전자사고,2021022000100107,2021년 2월 20일 10시,토요일,부산광역시 사하구 신평동,중상사고,0,1,0,0,차대차 - 기타,신호위반,건조,맑음,교차로 - 교차로부근,승용,남,65세,상해없음,자전거,남,78세,중상
노인운전자사고,2021022000100108,2021년 2월 20일 10시,토요일,부산광역시 강서구 대저1동,중상사고,0,2,2,0,차대차 - 정면충돌,신호위반,건조,맑음,교차로 - 교차로안,승용,남,69세,상해없음,승용,남,53세,경상
노인운전자사고,2021022000100174,2021년 2월 20일 12시,토요일,부산광역시 강서구 명지동,경상사고,0,0,1,0,차대차 - 정면충돌,중앙선침범,건조,맑음,단일로 - 기타,승용,여,68세,상해없음,이륜,남,40세,경상
노인운전자사고,2021022000100349,2021년 2월 20일 17시,토요일,부산광역시 북구 화명동,경상사고,0,0,1,0,차대차 - 측면충돌,신호위반,건조,맑음,교차로 - 교차로안,화물,남,65세,기타불명,승용,남,29세,경상
노인운전자사고,2021022100100012,2021년 2월 21일 01시,일요일,부산광역시 부산진구 전포동,경상사고,0,0,2,0,차대차 - 추돌,안전거리미확보,건조,맑음,단일로 - 터널,승용,남,66세,상해없음,승용,남,70세,경상
노인운전자사고,2021022100100153,2021년 2월 21일 14시,일요일,부산광역시 중구 신창동3가,경상사고,0,0,1,0,차대사람 - 기타,안전운전불이행,건조,맑음,단일로 - 기타,승용,남,69세,상해없음,보행자,남,10세,경상
노인운전자사고,2021022100100226,2021년 2월 21일 16시,일요일,부산광역시 북구 덕천동,중상사고,0,1,0,0,차대차 - 측면충돌,안전운전불이행,건조,맑음,교차로 - 교차로안,승용,남,69세,상해없음,이륜,남,31세,중상
노인운전자사고,2021022100100295,2021년 2월 21일 18시,일요일,부산광역시 금정구 부곡동,경상사고,0,0,3,0,차대차 - 측면충돌,차로위반,건조,맑음,단일로 - 기타,승합,남,73세,상해없음,승용,남,30세,경상
노인운전자사고,2021022200100017,2021년 2월 22일 04시,월요일,부산광역시 수영구 광안동,중상사고,0,1,0,0,차대차 - 측면충돌,신호위반,건조,맑음,교차로 - 교차로안,승용,남,65세,상해없음,승용,남,26세,중상
노인운전자사고,2021022200100069,2021년 2월 22일 08시,월요일,부산광역시 사하구 장림동,중상사고,0,1,3,0,차대차 - 측면충돌,신호위반,건조,맑음,교차로 - 교차로안,승용,남,76세,경상,승용,남,57세,경상
노인운전자사고,2021022200100246,2021년 2월 22일 13시,월요일,부산광역시 서구 토성동2가,경상사고,0,0,3,0,차대차 - 측면충돌,교차로운행방법위반,건조,맑음,교차로 - 교차로안,원동기,남,73세,경상,원동기,남,30세,경상
노인운전자사고,2021022200100247,2021년 2월 22일 13시,월요일,부산광역시 강서구 명지동,중상사고,0,1,0,0,차대사람 - 기타,보행자보호의무위반,건조,맑음,기타 - 기타,자전거,여,66세,기타불명,보행자,여,42세,중상
노인운전자사고,2021022200100309,2021년 2월 22일 15시,월요일,부산광역시 중구 부평동2가,부상신고사고,0,0,0,1,차대차 - 측면충돌,안전운전불이행,건조,맑음,단일로 - 지하차도(도로)내,이륜,남,75세,부상신고,승용,남,64세,상해없음
노인운전자사고,2021022300100105,2021년 2월 23일 09시,화요일,부산광역시 부산진구 부전동,경상사고,0,0,1,0,차대차 - 기타,안전거리미확보,건조,맑음,교차로 - 교차로안,화물,남,73세,상해없음,이륜,남,42세,경상
노인운전자사고,2021022300100253,2021년 2월 23일 14시,화요일,부산광역시 연제구 연산동,경상사고,0,0,1,0,차대차 - 기타,기타,건조,맑음,교차로 - 교차로부근,승용,남,74세,상해없음,이륜,남,41세,경상
노인운전자사고,2021022300100334,2021년 2월 23일 16시,화요일,부산광역시 강서구 명지동,경상사고,0,0,1,0,차대차 - 기타,신호위반,건조,맑음,단일로 - 기타,건설기계,남,70세,상해없음,승용,남,41세,경상
노인운전자사고,2021022300100335,2021년 2월 23일 16시,화요일,부산광역시 사상구 괘법동,경상사고,0,0,1,0,차대사람 - 횡단중,안전운전불이행,건조,맑음,기타 - 기타,화물,남,75세,상해없음,보행자,여,49세,경상
노인운전자사고,2021022300100373,2021년 2월 23일 17시,화요일,부산광역시 기장군 기장읍,경상사고,0,0,1,0,차대사람 - 길가장자리구역통행중,안전운전불이행,건조,맑음,교차로 - 교차로부근,승용,남,81세,상해없음,보행자,남,50세,경상
노인운전자사고,2.02102E+15,2021년 2월 23일 18시,화요일,부산광역시 동구 초량동,경상사고,0,0,1,0,차대차 - 측면충돌,안전거리미확보,건조,맑음,단일로 - 기타,승용,남,66세,상해없음,이륜,남,36세,경상
노인운전자사고,2021022400100028,2021년 2월 24일 06시,수요일,부산광역시 해운대구 석대동,경상사고,0,0,1,0,차대차 - 추돌,안전운전불이행,건조,맑음,단일로 - 기타,승합,남,73세,상해없음,특수,남,39세,상해없음
노인운전자사고,2021022400100113,2021년 2월 24일 10시,수요일,부산광역시 사상구 주례동,경상사고,0,0,1,0,차대차 - 측면충돌,안전운전불이행,건조,맑음,교차로 - 교차로안,승용,남,69세,기타불명,이륜,남,46세,경상
노인운전자사고,2021022400100223,2021년 2월 24일 14시,수요일,부산광역시 사하구 다대동,경상사고,0,0,2,0,차대차 - 기타,안전운전불이행,건조,맑음,단일로 - 기타,승용,남,75세,상해없음,승용,여,37세,경상
노인운전자사고,2.02102E+15,2021년 2월 24일 17시,수요일,부산광역시 동래구 명장동,경상사고,0,0,1,0,차대사람 - 횡단중,안전운전불이행,건조,맑음,단일로 - 기타,승용,남,65세,기타불명,보행자,남,19세,경상
노인운전자사고,2021022500100085,2021년 2월 25일 08시,목요일,부산광역시 기장군 정관읍,중상사고,0,1,2,0,차대차 - 기타,안전운전불이행,건조,맑음,단일로 - 기타,승용,남,74세,경상,승용,남,30세,중상
노인운전자사고,2021022500100104,2021년 2월 25일 09시,목요일,부산광역시 사상구 삼락동,경상사고,0,0,3,0,차대차 - 측면충돌,신호위반,건조,맑음,교차로 - 교차로안,화물,남,73세,상해없음,화물,남,25세,경상
노인운전자사고,2021022500100153,2021년 2월 25일 12시,목요일,부산광역시 부산진구 양정동,경상사고,0,0,1,0,차대차 - 기타,안전운전불이행,건조,맑음,단일로 - 기타,화물,남,68세,상해없음,승용,남,50세,경상
노인운전자사고,2021022500100208,2021년 2월 25일 14시,목요일,부산광역시 부산진구 부전동,경상사고,0,0,1,0,차대차 - 측면충돌,안전운전불이행,건조,맑음,단일로 - 기타,승용,남,76세,상해없음,승용,여,42세,경상
노인운전자사고,2021022500100243,2021년 2월 25일 15시,목요일,부산광역시 강서구 명지동,중상사고,0,1,0,0,차대사람 - 길가장자리구역통행중,기타,건조,맑음,단일로 - 기타,승합,남,69세,상해없음,보행자,여,41세,중상
노인운전자사고,2021022500100497,2021년 2월 25일 22시,목요일,부산광역시 해운대구 우동,경상사고,0,0,2,0,차대차 - 측면충돌,안전거리미확보,건조,맑음,단일로 - 기타,승용,남,74세,상해없음,승용,남,21세,경상
노인운전자사고,2021022600100227,2021년 2월 26일 13시,금요일,부산광역시 남구 감만동,경상사고,0,0,1,0,차대차 - 측면충돌,중앙선침범,건조,흐림,기타 - 기타,승용,남,69세,상해없음,이륜,남,58세,경상
노인운전자사고,2021022600100263,2021년 2월 26일 14시,금요일,부산광역시 기장군 기장읍,중상사고,0,1,0,0,차대차 - 측면충돌,안전운전불이행,건조,맑음,교차로 - 교차로부근,승용,남,65세,상해없음,자전거,남,58세,중상
노인운전자사고,2021022600100304,2021년 2월 26일 15시,금요일,부산광역시 동구 초량동,경상사고,0,0,1,0,차대차 - 측면충돌,안전운전불이행,건조,맑음,기타 - 기타,승용,남,68세,상해없음,승용,남,26세,경상
노인운전자사고,2021022600100382,2021년 2월 26일 17시,금요일,부산광역시 북구 금곡동,중상사고,0,1,1,0,차대차 - 측면충돌,신호위반,건조,맑음,교차로 - 교차로안,승용,여,66세,상해없음,화물,남,33세,중상
노인운전자사고,2021022600100417,2021년 2월 26일 18시,금요일,부산광역시 동구 초량동,경상사고,0,0,1,0,차대차 - 측면충돌,교차로운행방법위반,건조,맑음,교차로 - 교차로안,특수,남,69세,상해없음,승용,남,37세,경상
노인운전자사고,2021022600100469,2021년 2월 26일 19시,금요일,부산광역시 서구 부용동1가,부상신고사고,0,0,0,1,차대차 - 추돌,안전운전불이행,건조,맑음,교차로 - 교차로부근,승용,남,67세,상해없음,승용,남,57세,부상신고
노인운전자사고,2021022700100242,2021년 2월 27일 14시,토요일,부산광역시 동래구 명륜동,경상사고,0,0,2,0,차대차 - 기타,안전거리미확보,건조,맑음,단일로 - 기타,승용,남,66세,경상,승용,남,24세,경상
노인운전자사고,2021022700100316,2021년 2월 27일 16시,토요일,부산광역시 사하구 하단동,중상사고,0,1,1,0,차대차 - 기타,안전운전불이행,건조,맑음,교차로 - 교차로안,승합,여,72세,상해없음,승용,남,66세,경상
노인운전자사고,2021022800100015,2021년 2월 28일 01시,일요일,부산광역시 사하구 하단동,중상사고,0,1,0,0,차대사람 - 기타,안전운전불이행,건조,맑음,단일로 - 기타,승용,남,65세,상해없음,보행자,여,77세,중상
노인운전자사고,2021022800100171,2021년 2월 28일 14시,일요일,부산광역시 북구 만덕동,경상사고,0,0,2,0,차대차 - 측면충돌,신호위반,건조,맑음,단일로 - 기타,승용,남,68세,상해없음,승용,남,44세,경상
노인운전자사고,2021030100100036,2021년 3월 1일 06시,월요일,부산광역시 사상구 엄궁동,중상사고,0,1,0,0,차대사람 - 기타,안전운전불이행,건조,맑음,기타 - 기타,화물,남,65세,상해없음,보행자,남,38세,중상
노인운전자사고,2021030100100259,2021년 3월 1일 18시,월요일,부산광역시 남구 대연동,경상사고,0,0,2,0,차대차 - 추돌,안전거리미확보,젖음/습기,비,교차로 - 교차로부근,승용,남,65세,상해없음,승용,남,29세,경상
노인운전자사고,2021030100100262,2021년 3월 1일 18시,월요일,부산광역시 동래구 명장동,경상사고,0,0,1,0,차대사람 - 기타,안전운전불이행,젖음/습기,비,단일로 - 기타,승합,남,69세,상해없음,보행자,남,66세,경상
노인운전자사고,2021030100100265,2021년 3월 1일 18시,월요일,부산광역시 해운대구 반여동,경상사고,0,0,2,0,차대차 - 측면충돌,안전거리미확보,젖음/습기,비,교차로 - 교차로부근,승용,여,74세,상해없음,승용,남,39세,경상
노인운전자사고,2021030100100427,2021년 3월 1일 22시,월요일,부산광역시 기장군 장안읍,중상사고,0,2,2,0,차대차 - 기타,신호위반,젖음/습기,비,교차로 - 교차로안,승용,여,66세,상해없음,승용,남,41세,경상
노인운전자사고,2021030200100065,2021년 3월 2일 08시,화요일,부산광역시 사상구 덕포동,경상사고,0,0,1,0,차대차 - 측면충돌,불법유턴,건조,맑음,단일로 - 기타,원동기,남,74세,경상,승용,남,63세,상해없음
노인운전자사고,2021030200100153,2021년 3월 2일 11시,화요일,부산광역시 사하구 하단동,경상사고,0,0,2,0,차대차 - 추돌,안전운전불이행,건조,맑음,교차로 - 교차로부근,승합,남,85세,상해없음,승용,남,46세,경상
노인운전자사고,2021030200100154,2021년 3월 2일 11시,화요일,부산광역시 사상구 모라동,경상사고,0,0,1,0,차대차 - 측면충돌,차로위반,건조,맑음,단일로 - 기타,승용,여,65세,경상,화물,남,37세,상해없음
노인운전자사고,2021030200100237,2021년 3월 2일 14시,화요일,부산광역시 기장군 철마면,중상사고,0,1,2,0,차대차 - 추돌,안전거리미확보,건조,맑음,단일로 - 기타,화물,남,70세,상해없음,승용,여,48세,경상
노인운전자사고,2021030200100474,2021년 3월 2일 21시,화요일,부산광역시 수영구 민락동,경상사고,0,0,1,1,차대차 - 기타,교차로운행방법위반,건조,맑음,교차로 - 교차로안,승용,남,69세,부상신고,이륜,남,29세,경상
노인운전자사고,2021030300100082,2021년 3월 3일 08시,수요일,부산광역시 사상구 덕포동,중상사고,0,1,0,0,차대사람 - 기타,안전운전불이행,건조,맑음,단일로 - 기타,승용,남,65세,상해없음,보행자,남,36세,중상
노인운전자사고,2021030300100271,2021년 3월 3일 14시,수요일,부산광역시 서구 토성동1가,중상사고,0,1,0,0,차대차 - 기타,신호위반,건조,맑음,교차로 - 교차로안,승용,남,69세,상해없음,승용,남,55세,중상
노인운전자사고,2021030300100272,2021년 3월 3일 14시,수요일,부산광역시 동래구 온천동,경상사고,0,0,1,0,차대사람 - 기타,신호위반,건조,맑음,단일로 - 기타,승용,남,67세,상해없음,보행자,남,53세,경상
노인운전자사고,2021030400100019,2021년 3월 4일 03시,목요일,부산광역시 연제구 연산동,경상사고,0,0,2,0,차대차 - 측면충돌,신호위반,건조,맑음,교차로 - 교차로부근,승용,남,65세,경상,원동기,남,26세,경상
노인운전자사고,2021030400100021,2021년 3월 4일 04시,목요일,부산광역시 남구 대연동,경상사고,0,0,1,0,차대사람 - 기타,안전운전불이행,건조,맑음,교차로 - 교차로안,승용,남,68세,상해없음,보행자,남,41세,경상
노인운전자사고,2021030400100281,2021년 3월 4일 16시,목요일,부산광역시 금정구 구서동,경상사고,0,0,2,0,차대차 - 기타,안전운전불이행,건조,맑음,단일로 - 기타,승합,남,73세,경상,승용,여,51세,경상
노인운전자사고,2021030400100308,2021년 3월 4일 17시,목요일,부산광역시 해운대구 우동,경상사고,0,0,1,0,차대차 - 기타,교차로운행방법위반,젖음/습기,비,교차로 - 교차로안,승용,남,69세,상해없음,승용,여,34세,경상
노인운전자사고,2.02103E+15,2021년 3월 4일 19시,목요일,부산광역시 중구 중앙동5가,경상사고,0,0,1,0,차대차 - 측면충돌,안전거리미확보,젖음/습기,비,교차로 - 교차로부근,승용,남,74세,상해없음,이륜,남,39세,경상
노인운전자사고,2021030400100453,2021년 3월 4일 21시,목요일,부산광역시 연제구 거제동,경상사고,0,0,2,0,차대차 - 기타,안전거리미확보,젖음/습기,비,단일로 - 기타,승용,남,69세,상해없음,승용,여,54세,경상
노인운전자사고,2.02103E+15,2021년 3월 4일 22시,목요일,부산광역시 동래구 안락동,경상사고,0,0,1,0,차대사람 - 기타,보행자보호의무위반,젖음/습기,맑음,교차로 - 교차로부근,승합,남,73세,상해없음,보행자,남,59세,경상
노인운전자사고,2021030500100081,2021년 3월 5일 08시,금요일,부산광역시 해운대구 중동,중상사고,0,1,0,0,차대사람 - 횡단중,보행자보호의무위반,건조,맑음,교차로 - 교차로횡단보도내,승용,여,79세,상해없음,보행자,여,23세,중상
노인운전자사고,2021030500100241,2021년 3월 5일 13시,금요일,부산광역시 사상구 주례동,경상사고,0,0,1,0,차대차 - 추돌,안전운전불이행,건조,맑음,교차로 - 교차로부근,승용,남,80세,상해없음,승용,여,29세,경상
노인운전자사고,2.02103E+15,2021년 3월 5일 14시,금요일,부산광역시 사하구 괴정동,경상사고,0,0,1,0,차대차 - 기타,중앙선침범,건조,맑음,단일로 - 기타,승용,남,68세,상해없음,승용,남,35세,경상
노인운전자사고,2021030500100422,2021년 3월 5일 18시,금요일,부산광역시 해운대구 우동,경상사고,0,0,2,0,차대차 - 측면충돌,신호위반,건조,맑음,교차로 - 교차로안,승합,남,68세,상해없음,승용,남,26세,경상
노인운전자사고,2021030600100067,2021년 3월 6일 08시,토요일,부산광역시 사하구 다대동,중상사고,0,1,0,0,차대차 - 기타,신호위반,건조,맑음,교차로 - 교차로안,이륜,남,69세,중상,화물,남,53세,상해없음
노인운전자사고,2021030600100161,2021년 3월 6일 12시,토요일,부산광역시 부산진구 부전동,중상사고,0,1,0,0,차대차 - 측면충돌,기타,건조,맑음,단일로 - 기타,승용,남,67세,상해없음,이륜,남,25세,중상
노인운전자사고,2021030600100194,2021년 3월 6일 13시,토요일,부산광역시 북구 화명동,경상사고,0,0,1,0,차대차 - 기타,기타,건조,맑음,단일로 - 기타,승용,남,74세,상해없음,이륜,남,26세,경상
노인운전자사고,2021030600100218,2021년 3월 6일 14시,토요일,부산광역시 해운대구 반송동,경상사고,0,0,1,0,차대차 - 후진중충돌,안전운전불이행,젖음/습기,비,단일로 - 기타,승용,남,74세,상해없음,승용,남,48세,경상
노인운전자사고,2021030600100219,2021년 3월 6일 14시,토요일,부산광역시 기장군 일광면,경상사고,0,0,1,0,차대차 - 기타,안전운전불이행,건조,맑음,단일로 - 기타,승용,남,68세,상해없음,화물,남,56세,경상
노인운전자사고,2021030600100319,2021년 3월 6일 17시,토요일,부산광역시 기장군 장안읍,중상사고,0,1,0,0,차대차 - 추돌,신호위반,건조,흐림,교차로 - 교차로안,화물,남,69세,상해없음,승용,남,55세,중상
노인운전자사고,2021030600100461,2021년 3월 6일 22시,토요일,부산광역시 기장군 기장읍,중상사고,0,1,0,0,차대차 - 기타,교차로운행방법위반,건조,맑음,교차로 - 교차로안,화물,남,66세,상해없음,이륜,남,39세,중상
노인운전자사고,2021030700100004,2021년 3월 7일 00시,일요일,부산광역시 부산진구 가야동,경상사고,0,0,5,0,차대차 - 측면충돌,신호위반,건조,맑음,교차로 - 교차로안,승용,남,69세,상해없음,승용,남,39세,경상
노인운전자사고,2021030700100095,2021년 3월 7일 12시,일요일,부산광역시 기장군 일광면,경상사고,0,0,1,0,차대차 - 기타,차로위반,건조,맑음,교차로 - 교차로안,승용,남,75세,상해없음,이륜,남,35세,경상
노인운전자사고,2021030700100209,2021년 3월 7일 16시,일요일,부산광역시 수영구 광안동,경상사고,0,0,1,0,차대차 - 기타,안전운전불이행,건조,맑음,교차로 - 교차로안,승용,여,70세,상해없음,이륜,남,33세,경상
노인운전자사고,2021030800100044,2021년 3월 8일 07시,월요일,부산광역시 북구 덕천동,경상사고,0,0,1,0,차대차 - 기타,안전거리미확보,건조,맑음,단일로 - 기타,승용,남,65세,상해없음,승합,남,39세,상해없음
노인운전자사고,2021030800100075,2021년 3월 8일 08시,월요일,부산광역시 남구 우암동,경상사고,0,0,1,0,차대차 - 측면충돌,안전운전불이행,건조,맑음,교차로 - 교차로안,승용,남,74세,상해없음,승용,남,59세,상해없음
노인운전자사고,2021030800100141,2021년 3월 8일 09시,월요일,부산광역시 해운대구 좌동,부상신고사고,0,0,0,2,차대차 - 측면충돌,교차로운행방법위반,건조,맑음,교차로 - 교차로부근,건설기계,남,68세,상해없음,승용,남,50세,부상신고
노인운전자사고,2021030800100218,2021년 3월 8일 12시,월요일,부산광역시 남구 우암동,경상사고,0,0,1,0,차대차 - 기타,안전운전불이행,건조,맑음,교차로 - 교차로부근,특수,남,65세,상해없음,승용,남,48세,경상
노인운전자사고,2021030800100437,2021년 3월 8일 18시,월요일,부산광역시 금정구 회동동,경상사고,0,0,1,0,차대차 - 정면충돌,중앙선침범,건조,맑음,단일로 - 기타,화물,남,66세,상해없음,승용,남,34세,경상
노인운전자사고,2021030800100439,2021년 3월 8일 18시,월요일,부산광역시 강서구 화전동,부상신고사고,0,0,0,1,차대차 - 추돌,안전운전불이행,건조,맑음,단일로 - 기타,화물,남,78세,부상신고,화물,남,33세,상해없음
노인운전자사고,2.02103E+15,2021년 3월 8일 20시,월요일,부산광역시 북구 덕천동,경상사고,0,0,1,0,차대차 - 기타,안전운전불이행,건조,맑음,교차로 - 교차로안,승용,남,66세,상해없음,이륜,남,25세,경상
노인운전자사고,2021030900100025,2021년 3월 9일 05시,화요일,부산광역시 사상구 모라동,중상사고,0,1,0,0,차대차 - 기타,신호위반,건조,맑음,교차로 - 교차로안,자전거,남,69세,중상,승용,남,71세,상해없음
노인운전자사고,2.02103E+15,2021년 3월 9일 11시,화요일,부산광역시 사상구 주례동,경상사고,0,0,3,1,차대차 - 기타,중앙선침범,건조,맑음,교차로 - 교차로안,승용,남,73세,부상신고,승용,남,64세,경상
노인운전자사고,2021030900100177,2021년 3월 9일 12시,화요일,부산광역시 중구 창선동1가,경상사고,0,0,1,0,차대사람 - 기타,안전운전불이행,건조,맑음,교차로 - 교차로부근,승용,남,65세,상해없음,보행자,여,52세,경상
노인운전자사고,2021030900100213,2021년 3월 9일 13시,화요일,부산광역시 동래구 명장동,경상사고,0,0,1,0,차대차 - 추돌,신호위반,건조,맑음,교차로 - 교차로안,승용,남,71세,상해없음,승용,남,63세,경상
노인운전자사고,2021030900100369,2021년 3월 9일 18시,화요일,부산광역시 부산진구 범천동,경상사고,0,0,1,0,차대사람 - 기타,안전운전불이행,건조,맑음,단일로 - 기타,이륜,남,79세,기타불명,보행자,여,81세,경상
노인운전자사고,2.02103E+15,2021년 3월 9일 19시,화요일,부산광역시 동래구 온천동,경상사고,0,0,1,0,차대차 - 측면충돌,신호위반,건조,맑음,교차로 - 교차로안,승용,여,65세,상해없음,승용,여,41세,경상
노인운전자사고,2021030900100401,2021년 3월 9일 19시,화요일,부산광역시 부산진구 범천동,중상사고,0,1,0,0,차대차 - 기타,차로위반,건조,맑음,단일로 - 기타,승용,남,66세,상해없음,이륜,남,23세,중상
노인운전자사고,2021030900100459,2021년 3월 9일 21시,화요일,부산광역시 영도구 남항동1가,경상사고,0,0,1,0,차대차 - 기타,안전운전불이행,건조,맑음,교차로 - 교차로안,자전거,여,66세,경상,이륜,남,42세,상해없음
노인운전자사고,2.02103E+15,2021년 3월 10일 10시,수요일,부산광역시 부산진구 개금동,중상사고,0,1,0,0,차대차 - 측면충돌,안전운전불이행,건조,맑음,교차로 - 교차로안,승용,남,73세,상해없음,원동기,남,73세,중상
노인운전자사고,2021031000100141,2021년 3월 10일 10시,수요일,부산광역시 사하구 하단동,경상사고,0,0,1,0,차대차 - 기타,안전운전불이행,건조,맑음,단일로 - 지하차도(도로)내,화물,남,73세,상해없음,승용,남,45세,경상
노인운전자사고,2021031000100267,2021년 3월 10일 14시,수요일,부산광역시 연제구 연산동,중상사고,0,1,0,0,차대차 - 기타,안전거리미확보,건조,맑음,교차로 - 교차로횡단보도내,승용,남,75세,상해없음,자전거,여,51세,중상
노인운전자사고,2021031000100312,2021년 3월 10일 15시,수요일,부산광역시 남구 대연동,경상사고,0,0,1,0,차대차 - 정면충돌,신호위반,건조,맑음,교차로 - 교차로안,승용,남,73세,상해없음,이륜,남,31세,경상
노인운전자사고,2021031000100354,2021년 3월 10일 16시,수요일,부산광역시 부산진구 개금동,경상사고,0,0,1,0,차대차 - 기타,기타,건조,맑음,교차로 - 교차로안,화물,남,72세,상해없음,이륜,남,44세,경상
노인운전자사고,2.02103E+15,2021년 3월 10일 17시,수요일,부산광역시 강서구 대저1동,경상사고,0,0,2,0,차대차 - 추돌,안전운전불이행,건조,맑음,단일로 - 기타,화물,남,77세,상해없음,승용,여,55세,경상
노인운전자사고,2021031100100269,2021년 3월 11일 15시,목요일,부산광역시 동래구 사직동,중상사고,0,1,0,0,차대사람 - 횡단중,보행자보호의무위반,건조,맑음,단일로 - 기타,원동기,남,73세,상해없음,보행자,여,84세,중상
노인운전자사고,2.02103E+15,2021년 3월 11일 16시,목요일,부산광역시 중구 남포동6가,경상사고,0,0,1,0,차대사람 - 차도통행중,안전운전불이행,건조,맑음,단일로 - 기타,승용,남,67세,상해없음,보행자,남,59세,경상
노인운전자사고,2021031100100461,2021년 3월 11일 20시,목요일,부산광역시 연제구 연산동,부상신고사고,0,0,0,1,차대사람 - 횡단중,안전운전불이행,건조,맑음,교차로 - 교차로부근,승합,남,66세,상해없음,보행자,남,37세,부상신고
노인운전자사고,2021031200100021,2021년 3월 12일 05시,금요일,부산광역시 사상구 덕포동,중상사고,0,1,0,0,차대차 - 측면충돌,기타,젖음/습기,비,단일로 - 기타,승용,남,65세,상해없음,화물,남,59세,상해없음
노인운전자사고,2021031200100022,2021년 3월 12일 05시,금요일,부산광역시 기장군 정관읍,중상사고,0,1,0,0,차대차 - 기타,신호위반,젖음/습기,비,교차로 - 교차로안,승용,남,67세,상해없음,이륜,여,55세,중상
노인운전자사고,2021031200100032,2021년 3월 12일 06시,금요일,부산광역시 강서구 대저1동,경상사고,0,0,2,0,차대차 - 추돌,안전거리미확보,젖음/습기,비,단일로 - 기타,승용,남,69세,경상,승용,여,59세,경상
노인운전자사고,2021031200100139,2021년 3월 12일 11시,금요일,부산광역시 북구 만덕동,경상사고,0,0,1,0,차대사람 - 기타,보행자보호의무위반,건조,맑음,교차로 - 교차로안,화물,남,75세,상해없음,보행자,여,63세,경상
노인운전자사고,2021031200100177,2021년 3월 12일 12시,금요일,부산광역시 사상구 학장동,경상사고,0,0,1,0,차대차 - 측면충돌,신호위반,젖음/습기,비,교차로 - 교차로부근,승용,남,73세,기타불명,승용,남,29세,경상
노인운전자사고,2021031200100207,2021년 3월 12일 13시,금요일,부산광역시 동래구 안락동,경상사고,0,0,1,0,차대차 - 추돌,안전운전불이행,건조,맑음,교차로 - 교차로부근,승용,남,73세,상해없음,승용,남,60세,경상
노인운전자사고,2021031200100238,2021년 3월 12일 14시,금요일,부산광역시 북구 구포동,경상사고,0,0,1,0,차대차 - 기타,안전거리미확보,젖음/습기,비,단일로 - 기타,승용,남,74세,상해없음,화물,남,31세,경상