사고부문,사고번호,사고일시,요일,시군구,사고내용,사망자수,중상자수,경상자수,부상신고자수,사고유형,법규위반,노면상태,기상상태,도로형태,가해운전자 차종,가해운전자 성별,가해운전자 연령,가해운전자 상해정도,피해운전자 차종,피해운전자 성별,피해운전자 연령,피해운전자 상해정도
노인운전자사고,2.02103E+15,2021년 3월 12일 18시,금요일,부산광역시 남구 대연동,경상사고,0,0,1,0,차대차 - 기타,안전운전불이행,젖음/습기,비,교차로 - 교차로안,화물,남,69세,상해없음,승용,남,51세,경상
노인운전자사고,2021031300100106,2021년 3월 13일 10시,토요일,부산광역시 부산진구 가야동,경상사고,0,0,1,0,차대차 - 기타,안전운전불이행,건조,맑음,단일로 - 기타,건설기계,남,69세,상해없음,이륜,남,28세,경상
노인운전자사고,2021031300100181,2021년 3월 13일 12시,토요일,부산광역시 수영구 남천동,경상사고,0,0,4,0,차대차 - 추돌,안전운전불이행,건조,맑음,단일로 - 기타,승용,남,65세,상해없음,승용,남,36세,경상
노인운전자사고,2021031300100182,2021년 3월 13일 12시,토요일,부산광역시 남구 용호동,경상사고,0,0,1,0,차대사람 - 차도통행중,안전운전불이행,건조,맑음,단일로 - 기타,승용,남,67세,상해없음,보행자,여,69세,경상
노인운전자사고,2021031300100508,2021년 3월 13일 22시,토요일,부산광역시 기장군 기장읍,경상사고,0,0,1,0,차대사람 - 횡단중,보행자보호의무위반,건조,맑음,교차로 - 교차로부근,승용,남,73세,상해없음,보행자,남,49세,경상
노인운전자사고,2021031400100185,2021년 3월 14일 15시,일요일,부산광역시 동구 초량동,중상사고,0,1,0,0,차대차 - 측면충돌,안전운전불이행,건조,맑음,단일로 - 기타,승용,남,81세,상해없음,자전거,남,50세,중상
노인운전자사고,2021031500100062,2021년 3월 15일 08시,월요일,부산광역시 남구 대연동,경상사고,0,0,1,0,차대차 - 측면충돌,신호위반,건조,맑음,단일로 - 터널,승용,남,65세,상해없음,승용,남,50세,경상
노인운전자사고,2021031500100063,2021년 3월 15일 08시,월요일,부산광역시 수영구 광안동,경상사고,0,0,1,0,차대차 - 측면충돌,안전운전불이행,건조,맑음,교차로 - 교차로안,승용,여,71세,상해없음,이륜,남,34세,경상
노인운전자사고,2021031500100112,2021년 3월 15일 09시,월요일,부산광역시 영도구 봉래동1가,경상사고,0,0,1,0,차대사람 - 길가장자리구역통행중,안전운전불이행,건조,맑음,교차로 - 교차로안,승용,남,72세,상해없음,보행자,남,64세,경상
노인운전자사고,2021031500100146,2021년 3월 15일 10시,월요일,부산광역시 서구 동대신동2가,중상사고,0,1,0,0,차대차 - 추돌,안전운전불이행,건조,맑음,단일로 - 기타,원동기,남,69세,중상,승용,여,46세,상해없음
노인운전자사고,2021031500100364,2021년 3월 15일 17시,월요일,부산광역시 금정구 부곡동,경상사고,0,0,1,0,차대사람 - 기타,안전운전불이행,건조,맑음,단일로 - 기타,원동기,남,69세,상해없음,보행자,남,19세,경상
노인운전자사고,2021031500100452,2021년 3월 15일 19시,월요일,부산광역시 동래구 명륜동,경상사고,0,0,2,0,차대차 - 기타,안전거리미확보,건조,맑음,단일로 - 기타,승용,남,66세,상해없음,승용,남,40세,경상
노인운전자사고,2021031500100548,2021년 3월 15일 23시,월요일,부산광역시 영도구 봉래동4가,경상사고,0,0,1,0,차대사람 - 차도통행중,안전운전불이행,건조,흐림,단일로 - 기타,승용,남,68세,상해없음,보행자,남,68세,경상
노인운전자사고,2021031600100093,2021년 3월 16일 08시,화요일,부산광역시 서구 서대신동2가,경상사고,0,0,1,0,차대사람 - 횡단중,안전운전불이행,젖음/습기,맑음,단일로 - 기타,승용,남,80세,상해없음,보행자,남,14세,경상
노인운전자사고,2.02103E+15,2021년 3월 16일 11시,화요일,부산광역시 사상구 학장동,경상사고,0,0,1,0,차대차 - 측면충돌,안전거리미확보,건조,맑음,단일로 - 지하차도(도로)내,이륜,남,76세,경상,승용,남,62세,상해없음
노인운전자사고,2021031600100263,2021년 3월 16일 13시,화요일,부산광역시 동래구 사직동,중상사고,0,1,0,0,차대사람 - 횡단중,보행자보호의무위반,건조,맑음,교차로 - 교차로안,승합,남,69세,상해없음,보행자,여,9세,중상
노인운전자사고,2.02103E+15,2021년 3월 16일 22시,화요일,부산광역시 부산진구 당감동,경상사고,0,0,4,0,차대차 - 기타,중앙선침범,건조,맑음,단일로 - 기타,승용,남,66세,상해없음,승용,남,63세,경상
노인운전자사고,2021031700100019,2021년 3월 17일 04시,수요일,부산광역시 사상구 괘법동,중상사고,0,1,0,0,차대사람 - 기타,안전운전불이행,건조,맑음,교차로 - 교차로횡단보도내,승용,여,65세,상해없음,보행자,여,69세,중상
노인운전자사고,2021031700100068,2021년 3월 17일 08시,수요일,부산광역시 사하구 하단동,경상사고,0,0,1,0,차대사람 - 차도통행중,안전운전불이행,건조,맑음,단일로 - 기타,승용,남,70세,상해없음,보행자,남,27세,경상
노인운전자사고,2021031700100103,2021년 3월 17일 09시,수요일,부산광역시 수영구 남천동,경상사고,0,0,1,0,차대차 - 측면충돌,안전거리미확보,건조,맑음,단일로 - 기타,승용,남,65세,상해없음,승용,남,39세,경상
노인운전자사고,2021031700100158,2021년 3월 17일 11시,수요일,부산광역시 동래구 수안동,경상사고,0,0,1,0,차대차 - 측면충돌,안전운전불이행,건조,맑음,교차로 - 교차로안,승용,남,80세,상해없음,승용,여,55세,경상
노인운전자사고,2021031700100221,2021년 3월 17일 13시,수요일,부산광역시 부산진구 전포동,중상사고,0,1,0,0,차대차 - 기타,안전운전불이행,건조,맑음,단일로 - 기타,승용,남,73세,상해없음,승용,여,30세,중상
노인운전자사고,2021031700100255,2021년 3월 17일 14시,수요일,부산광역시 동래구 안락동,경상사고,0,0,5,0,차대차 - 기타,차로위반,건조,맑음,단일로 - 기타,승용,남,73세,상해없음,승용,여,39세,경상
노인운전자사고,2021031700100256,2021년 3월 17일 14시,수요일,부산광역시 동래구 안락동,경상사고,0,0,2,0,차대차 - 기타,신호위반,건조,맑음,단일로 - 기타,승용,남,73세,상해없음,승용,남,30세,경상
노인운전자사고,2021031700100258,2021년 3월 17일 14시,수요일,부산광역시 부산진구 당감동,경상사고,0,0,1,0,차대차 - 기타,안전운전불이행,건조,맑음,단일로 - 기타,승용,남,67세,상해없음,자전거,남,69세,경상
노인운전자사고,2021031700100485,2021년 3월 17일 20시,수요일,부산광역시 중구 남포동5가,사망사고,1,0,0,0,차대사람 - 횡단중,안전운전불이행,건조,맑음,단일로 - 지하차도(도로)내,승용,남,74세,상해없음,보행자,여,66세,사망
노인운전자사고,2021031800100012,2021년 3월 18일 01시,목요일,부산광역시 금정구 구서동,경상사고,0,0,1,0,차대차 - 측면충돌,직진우회전진행방해,건조,맑음,교차로 - 교차로안,승용,여,65세,상해없음,원동기,남,22세,경상
노인운전자사고,2.02103E+15,2021년 3월 18일 03시,목요일,부산광역시 부산진구 가야동,사망사고,1,0,0,0,차대사람 - 기타,기타,건조,맑음,단일로 - 기타,승용,남,68세,상해없음,보행자,여,58세,사망
노인운전자사고,2021031800100061,2021년 3월 18일 07시,목요일,부산광역시 강서구 죽동동,경상사고,0,0,1,0,차대차 - 기타,신호위반,건조,맑음,교차로 - 교차로안,화물,남,65세,기타불명,건설기계,남,48세,경상
노인운전자사고,2021031800100085,2021년 3월 18일 08시,목요일,부산광역시 강서구 범방동,중상사고,0,2,0,0,차대차 - 정면충돌,중앙선침범,건조,맑음,단일로 - 기타,화물,남,65세,중상,승용,남,28세,중상
노인운전자사고,2021031800100113,2021년 3월 18일 09시,목요일,부산광역시 금정구 노포동,부상신고사고,0,0,0,1,차대차 - 추돌,안전거리미확보,건조,맑음,단일로 - 기타,승용,여,77세,상해없음,승용,남,46세,부상신고
노인운전자사고,2021031800100285,2021년 3월 18일 15시,목요일,부산광역시 해운대구 반송동,중상사고,0,1,0,0,차대사람 - 기타,안전운전불이행,건조,맑음,단일로 - 기타,화물,남,68세,상해없음,보행자,남,64세,중상
노인운전자사고,2.02103E+15,2021년 3월 18일 16시,목요일,부산광역시 강서구 명지동,중상사고,0,2,0,0,차대차 - 측면충돌,신호위반,건조,맑음,교차로 - 교차로안,승용,남,66세,상해없음,승용,여,65세,중상
노인운전자사고,2.02103E+15,2021년 3월 18일 17시,목요일,부산광역시 남구 용호동,경상사고,0,0,1,0,차대차 - 측면충돌,안전거리미확보,건조,맑음,교차로 - 교차로부근,승용,남,71세,상해없음,승용,남,48세,경상
노인운전자사고,2021031800100423,2021년 3월 18일 19시,목요일,부산광역시 북구 구포동,중상사고,0,1,0,0,차대사람 - 횡단중,신호위반,건조,맑음,교차로 - 교차로횡단보도내,이륜,남,71세,상해없음,보행자,여,55세,중상
노인운전자사고,2021031900100109,2021년 3월 19일 09시,금요일,부산광역시 동래구 사직동,경상사고,0,0,1,0,차대차 - 기타,안전운전불이행,건조,맑음,교차로 - 교차로부근,자전거,여,70세,상해없음,승용,여,39세,경상
노인운전자사고,2021031900100201,2021년 3월 19일 12시,금요일,부산광역시 북구 화명동,경상사고,0,0,1,0,차대차 - 기타,중앙선침범,건조,맑음,단일로 - 기타,승합,남,67세,상해없음,승용,남,29세,경상
노인운전자사고,2021031900100308,2021년 3월 19일 15시,금요일,부산광역시 부산진구 개금동,중상사고,0,2,4,0,차대차 - 추돌,안전거리미확보,건조,맑음,단일로 - 기타,승용,남,67세,상해없음,승용,여,41세,경상
노인운전자사고,2021031900100395,2021년 3월 19일 17시,금요일,부산광역시 부산진구 연지동,경상사고,0,0,1,0,차대차 - 기타,안전운전불이행,건조,맑음,단일로 - 기타,승용,남,73세,상해없음,승용,남,44세,경상
노인운전자사고,2021031900100535,2021년 3월 19일 20시,금요일,부산광역시 서구 동대신동1가,경상사고,0,0,3,0,차대차 - 측면충돌,안전운전불이행,건조,맑음,단일로 - 기타,승용,여,67세,상해없음,승용,남,62세,경상
노인운전자사고,2021031900100577,2021년 3월 19일 21시,금요일,부산광역시 부산진구 부전동,중상사고,0,1,0,0,차대사람 - 기타,보행자보호의무위반,건조,맑음,기타 - 기타,승용,남,65세,상해없음,보행자,여,44세,중상
노인운전자사고,2021032000100042,2021년 3월 20일 06시,토요일,부산광역시 사하구 장림동,중상사고,0,1,0,0,차대사람 - 횡단중,신호위반,젖음/습기,비,교차로 - 교차로횡단보도내,승용,남,66세,상해없음,보행자,남,62세,중상
노인운전자사고,2021032000100154,2021년 3월 20일 12시,토요일,부산광역시 금정구 오륜동,경상사고,0,0,3,0,차대차 - 추돌,안전거리미확보,젖음/습기,비,단일로 - 기타,승용,남,69세,상해없음,승용,남,28세,경상
노인운전자사고,2021032000100187,2021년 3월 20일 13시,토요일,부산광역시 사상구 엄궁동,중상사고,0,1,0,0,차대차 - 측면충돌,안전운전불이행,젖음/습기,비,단일로 - 지하차도(도로)내,승용,남,70세,중상,화물,남,46세,기타불명
노인운전자사고,2021032000100188,2021년 3월 20일 13시,토요일,부산광역시 사상구 학장동,경상사고,0,0,1,0,차대차 - 기타,안전거리미확보,젖음/습기,비,단일로 - 기타,승용,남,69세,상해없음,이륜,남,26세,경상
노인운전자사고,2021032000100287,2021년 3월 20일 16시,토요일,부산광역시 수영구 민락동,경상사고,0,0,1,0,차대차 - 측면충돌,중앙선침범,젖음/습기,흐림,기타 - 기타,승용,남,71세,상해없음,이륜,남,35세,경상
노인운전자사고,2021032000100315,2021년 3월 20일 17시,토요일,부산광역시 사상구 학장동,경상사고,0,0,1,0,차대차 - 추돌,안전운전불이행,젖음/습기,비,단일로 - 지하차도(도로)내,화물,남,72세,상해없음,승용,남,64세,경상
노인운전자사고,2021032000100483,2021년 3월 20일 22시,토요일,부산광역시 부산진구 전포동,중상사고,0,2,4,0,차대차 - 측면충돌,신호위반,건조,흐림,교차로 - 교차로안,승용,남,76세,중상,승용,여,38세,경상
노인운전자사고,2.02103E+15,2021년 3월 21일 17시,일요일,부산광역시 중구 보수동1가,중상사고,0,1,0,0,차대차 - 기타,안전운전불이행,건조,맑음,단일로 - 기타,승용,남,75세,상해없음,이륜,남,55세,중상
노인운전자사고,2021032100100272,2021년 3월 21일 17시,일요일,부산광역시 해운대구 재송동,경상사고,0,0,1,0,차대차 - 정면충돌,교차로운행방법위반,건조,맑음,교차로 - 교차로안,승용,남,75세,상해없음,이륜,남,27세,경상
노인운전자사고,2021032200100076,2021년 3월 22일 08시,월요일,부산광역시 사상구 학장동,경상사고,0,0,1,0,차대차 - 측면충돌,안전거리미확보,건조,맑음,단일로 - 지하차도(도로)내,승용,남,72세,상해없음,승용,남,30세,경상
노인운전자사고,2021032200100237,2021년 3월 22일 13시,월요일,부산광역시 사하구 장림동,경상사고,0,0,2,0,차대차 - 기타,안전거리미확보,건조,맑음,단일로 - 기타,화물,남,74세,상해없음,승용,남,54세,경상
노인운전자사고,2021032200100238,2021년 3월 22일 13시,월요일,부산광역시 수영구 수영동,중상사고,0,1,0,0,차대차 - 측면충돌,교차로운행방법위반,건조,맑음,교차로 - 교차로부근,승용,남,71세,상해없음,원동기,남,42세,중상
노인운전자사고,2021032200100271,2021년 3월 22일 14시,월요일,부산광역시 북구 금곡동,경상사고,0,0,1,0,차대차 - 측면충돌,안전운전불이행,건조,맑음,교차로 - 교차로부근,승용,여,67세,상해없음,승용,여,33세,경상
노인운전자사고,2021032200100313,2021년 3월 22일 15시,월요일,부산광역시 서구 충무동1가,경상사고,0,0,1,0,차대차 - 측면충돌,안전운전불이행,건조,맑음,단일로 - 기타,원동기,여,71세,경상,화물,남,72세,상해없음
노인운전자사고,2021032200100314,2021년 3월 22일 15시,월요일,부산광역시 해운대구 재송동,중상사고,0,1,0,0,차대차 - 기타,안전운전불이행,건조,맑음,단일로 - 기타,승용,남,73세,상해없음,이륜,남,37세,중상
노인운전자사고,2021032200100392,2021년 3월 22일 17시,월요일,부산광역시 서구 동대신동2가,경상사고,0,0,1,0,차대차 - 추돌,안전운전불이행,건조,맑음,단일로 - 터널,승용,남,79세,상해없음,승용,남,29세,경상
노인운전자사고,2021032200100393,2021년 3월 22일 17시,월요일,부산광역시 동래구 사직동,경상사고,0,0,1,0,차대차 - 기타,안전운전불이행,건조,맑음,단일로 - 기타,승용,남,66세,상해없음,승용,남,26세,경상
노인운전자사고,2021032200100529,2021년 3월 22일 21시,월요일,부산광역시 부산진구 연지동,경상사고,0,0,1,0,차대사람 - 횡단중,보행자보호의무위반,건조,맑음,교차로 - 교차로횡단보도내,승용,남,69세,상해없음,보행자,여,26세,경상
노인운전자사고,2021032300100183,2021년 3월 23일 12시,화요일,부산광역시 북구 구포동,부상신고사고,0,0,0,1,차대사람 - 기타,안전운전불이행,건조,맑음,단일로 - 기타,승용,남,76세,상해없음,보행자,남,74세,부상신고
노인운전자사고,2021032300100291,2021년 3월 23일 15시,화요일,부산광역시 사하구 구평동,중상사고,0,1,0,0,차대차 - 기타,안전운전불이행,건조,맑음,단일로 - 지하차도(도로)내,특수,남,65세,상해없음,이륜,남,30세,중상
노인운전자사고,2021032300100515,2021년 3월 23일 21시,화요일,부산광역시 북구 구포동,부상신고사고,0,0,0,1,차대차 - 기타,신호위반,건조,맑음,교차로 - 교차로안,승용,남,70세,상해없음,이륜,남,20세,부상신고
노인운전자사고,2021032400100038,2021년 3월 24일 06시,수요일,부산광역시 기장군 기장읍,중상사고,0,2,1,0,차대차 - 추돌,안전운전불이행,건조,맑음,단일로 - 기타,승용,남,65세,상해없음,화물,남,50세,경상
노인운전자사고,2021032400100297,2021년 3월 24일 15시,수요일,부산광역시 중구 광복동1가,경상사고,0,0,1,0,차대차 - 측면충돌,교차로운행방법위반,건조,맑음,교차로 - 교차로안,승용,남,65세,상해없음,이륜,남,29세,경상
노인운전자사고,2021032400100556,2021년 3월 24일 23시,수요일,부산광역시 부산진구 초읍동,경상사고,0,0,1,0,차대사람 - 기타,안전운전불이행,건조,맑음,단일로 - 기타,승용,남,70세,상해없음,보행자,남,72세,경상
노인운전자사고,2021032500100017,2021년 3월 25일 02시,목요일,부산광역시 사하구 감천동,중상사고,0,1,0,0,차대사람 - 기타,신호위반,건조,맑음,교차로 - 교차로횡단보도내,특수,남,66세,상해없음,보행자,여,18세,중상
노인운전자사고,2021032500100102,2021년 3월 25일 09시,목요일,부산광역시 영도구 동삼동,중상사고,0,1,0,0,차대사람 - 횡단중,보행자보호의무위반,건조,맑음,교차로 - 교차로부근,승용,남,72세,상해없음,보행자,여,52세,중상
노인운전자사고,2021032500100229,2021년 3월 25일 13시,목요일,부산광역시 해운대구 우동,경상사고,0,0,2,0,차대차 - 측면충돌,안전운전불이행,건조,맑음,교차로 - 교차로안,승용,남,72세,상해없음,승용,남,26세,경상
노인운전자사고,2021032500100354,2021년 3월 25일 16시,목요일,부산광역시 강서구 성북동,중상사고,0,1,2,0,차대차 - 추돌,안전운전불이행,건조,맑음,단일로 - 기타,특수,남,65세,상해없음,화물,남,64세,경상
노인운전자사고,2021032500100384,2021년 3월 25일 17시,목요일,부산광역시 해운대구 반여동,경상사고,0,0,2,0,차대차 - 기타,안전운전불이행,건조,맑음,단일로 - 기타,승용,남,66세,기타불명,화물,남,51세,경상
노인운전자사고,2021032500100581,2021년 3월 25일 22시,목요일,부산광역시 동구 초량동,경상사고,0,0,1,0,차량단독 - 기타,안전운전불이행,건조,맑음,단일로 - 기타,승용,남,72세,상해없음,,,,
노인운전자사고,2021032600100035,2021년 3월 26일 06시,금요일,부산광역시 사상구 엄궁동,경상사고,0,0,1,0,차대차 - 기타,교차로운행방법위반,건조,기타,교차로 - 교차로안,승합,남,70세,상해없음,승용,남,39세,경상
노인운전자사고,2021032600100157,2021년 3월 26일 10시,금요일,부산광역시 강서구 명지동,경상사고,0,0,1,0,차대차 - 측면충돌,안전운전불이행,건조,맑음,단일로 - 기타,승용,남,69세,상해없음,승용,남,38세,경상
노인운전자사고,2021032600100189,2021년 3월 26일 11시,금요일,부산광역시 금정구 금사동,경상사고,0,0,1,0,차대차 - 기타,신호위반,건조,맑음,교차로 - 교차로안,승용,남,69세,상해없음,이륜,남,57세,경상
노인운전자사고,2021032600100278,2021년 3월 26일 14시,금요일,부산광역시 영도구 대교동1가,경상사고,0,0,1,0,차대차 - 측면충돌,안전운전불이행,건조,맑음,단일로 - 교량,이륜,남,76세,경상,승용,남,40세,상해없음
노인운전자사고,2.02103E+15,2021년 3월 26일 14시,금요일,부산광역시 해운대구 우동,중상사고,0,1,0,0,차대사람 - 횡단중,신호위반,건조,맑음,교차로 - 교차로횡단보도내,이륜,남,77세,상해없음,보행자,여,69세,중상
노인운전자사고,2021032600100501,2021년 3월 26일 19시,금요일,부산광역시 부산진구 부암동,경상사고,0,0,1,0,차대차 - 측면충돌,안전거리미확보,건조,맑음,단일로 - 기타,승용,남,68세,상해없음,승용,여,54세,경상
노인운전자사고,2021032600100542,2021년 3월 26일 20시,금요일,부산광역시 부산진구 전포동,경상사고,0,0,1,0,차대사람 - 기타,안전운전불이행,건조,맑음,단일로 - 기타,화물,남,72세,상해없음,보행자,남,46세,경상
노인운전자사고,2.02103E+15,2021년 3월 27일 05시,토요일,부산광역시 남구 문현동,중상사고,0,1,0,0,차대차 - 추돌,안전운전불이행,젖음/습기,흐림,단일로 - 기타,승용,남,69세,상해없음,승용,남,56세,중상
노인운전자사고,2021032700100137,2021년 3월 27일 11시,토요일,부산광역시 사하구 장림동,중상사고,0,1,0,0,차대차 - 기타,불법유턴,건조,맑음,교차로 - 교차로안,자전거,남,70세,중상,이륜,남,50세,상해없음
노인운전자사고,2021032700100172,2021년 3월 27일 12시,토요일,부산광역시 사상구 감전동,사망사고,1,0,1,0,차대차 - 기타,안전운전불이행,건조,맑음,교차로 - 교차로안,승용,남,69세,사망,승합,남,43세,상해없음
노인운전자사고,2021032700100482,2021년 3월 27일 19시,토요일,부산광역시 부산진구 초읍동,경상사고,0,0,1,0,차대차 - 기타,기타,젖음/습기,비,교차로 - 교차로부근,승용,남,67세,상해없음,이륜,남,25세,경상
노인운전자사고,2021032700100584,2021년 3월 27일 21시,토요일,부산광역시 부산진구 전포동,경상사고,0,0,1,0,차대차 - 기타,교차로운행방법위반,젖음/습기,비,교차로 - 교차로안,승용,남,67세,상해없음,원동기,남,23세,경상
노인운전자사고,2021032800100147,2021년 3월 28일 12시,일요일,부산광역시 중구 남포동5가,경상사고,0,0,1,0,차대차 - 기타,교차로운행방법위반,건조,맑음,교차로 - 교차로안,이륜,남,65세,상해없음,승합,남,53세,상해없음
노인운전자사고,2021032800100181,2021년 3월 28일 13시,일요일,부산광역시 해운대구 중동,경상사고,0,0,1,1,차대차 - 기타,기타,건조,맑음,단일로 - 기타,승용,여,70세,경상,화물,남,29세,기타불명
노인운전자사고,2021032800100214,2021년 3월 28일 14시,일요일,부산광역시 사하구 괴정동,중상사고,0,2,0,0,차대차 - 측면충돌,교차로운행방법위반,건조,맑음,교차로 - 교차로안,승용,남,76세,상해없음,승용,여,49세,중상
노인운전자사고,2021032800100274,2021년 3월 28일 16시,일요일,부산광역시 동래구 안락동,부상신고사고,0,0,0,1,차대차 - 기타,안전거리미확보,건조,맑음,단일로 - 기타,승용,남,69세,상해없음,이륜,남,17세,부상신고
노인운전자사고,2021032800100302,2021년 3월 28일 17시,일요일,부산광역시 금정구 남산동,경상사고,0,0,2,0,차대사람 - 보도통행중,안전운전불이행,건조,맑음,교차로 - 교차로안,화물,여,67세,상해없음,보행자,남,29세,경상
노인운전자사고,2021032800100372,2021년 3월 28일 20시,일요일,부산광역시 남구 대연동,중상사고,0,1,0,0,차대차 - 기타,안전운전불이행,건조,맑음,단일로 - 기타,승용,남,78세,상해없음,승용,여,52세,중상
노인운전자사고,2021032900100088,2021년 3월 29일 08시,월요일,부산광역시 북구 구포동,부상신고사고,0,0,0,1,차대차 - 기타,안전운전불이행,건조,맑음,단일로 - 기타,승용,남,65세,상해없음,승합,남,48세,부상신고
노인운전자사고,2021032900100212,2021년 3월 29일 11시,월요일,부산광역시 강서구 미음동,경상사고,0,0,1,0,차대차 - 측면충돌,안전운전불이행,건조,맑음,단일로 - 기타,건설기계,남,81세,상해없음,화물,남,34세,경상
노인운전자사고,2021032900100247,2021년 3월 29일 12시,월요일,부산광역시 해운대구 반송동,중상사고,0,1,0,0,차대사람 - 보도통행중,중앙선침범,건조,맑음,단일로 - 기타,승용,남,75세,상해없음,보행자,여,78세,중상
노인운전자사고,2021032900100248,2021년 3월 29일 12시,월요일,부산광역시 부산진구 부암동,경상사고,0,0,1,0,차대차 - 측면충돌,안전운전불이행,건조,맑음,교차로 - 교차로안,승용,남,71세,상해없음,자전거,남,79세,경상
노인운전자사고,2021032900100318,2021년 3월 29일 14시,월요일,부산광역시 동구 초량동,중상사고,0,1,2,0,차대차 - 측면충돌,교차로운행방법위반,건조,맑음,교차로 - 교차로안,승용,남,67세,경상,승용,남,36세,중상
노인운전자사고,2.02103E+15,2021년 3월 29일 14시,월요일,부산광역시 수영구 수영동,중상사고,0,1,0,0,차대사람 - 기타,안전운전불이행,건조,맑음,단일로 - 기타,승용,남,72세,상해없음,보행자,남,26세,중상
노인운전자사고,2021032900100492,2021년 3월 29일 19시,월요일,부산광역시 부산진구 범전동,경상사고,0,0,1,0,차대차 - 측면충돌,안전거리미확보,건조,맑음,단일로 - 기타,승용,여,65세,상해없음,이륜,남,42세,경상
노인운전자사고,2021032900100575,2021년 3월 29일 22시,월요일,부산광역시 해운대구 우동,경상사고,0,0,1,0,차대차 - 측면충돌,안전운전불이행,건조,흐림,교차로 - 교차로부근,승용,남,66세,상해없음,승용,남,43세,경상
노인운전자사고,2021033000100197,2021년 3월 30일 11시,화요일,부산광역시 해운대구 반송동,경상사고,0,0,1,0,차대차 - 기타,안전운전불이행,건조,맑음,교차로 - 교차로부근,승용,남,80세,상해없음,이륜,남,42세,경상
노인운전자사고,2021033000100264,2021년 3월 30일 13시,화요일,부산광역시 부산진구 초읍동,중상사고,0,1,0,0,차대사람 - 차도통행중,안전운전불이행,건조,맑음,교차로 - 교차로안,화물,남,71세,상해없음,보행자,남,88세,중상
노인운전자사고,2021033000100371,2021년 3월 30일 16시,화요일,부산광역시 남구 대연동,중상사고,0,1,0,0,차대사람 - 기타,안전운전불이행,건조,맑음,단일로 - 기타,화물,남,67세,상해없음,보행자,남,87세,중상
노인운전자사고,2.02103E+15,2021년 3월 30일 22시,화요일,부산광역시 해운대구 우동,경상사고,0,0,1,1,차대차 - 측면충돌,신호위반,건조,맑음,단일로 - 기타,승용,남,65세,부상신고,승합,남,64세,상해없음
노인운전자사고,2021033100100172,2021년 3월 31일 11시,수요일,부산광역시 부산진구 양정동,경상사고,0,0,2,0,차대차 - 기타,안전운전불이행,건조,맑음,단일로 - 기타,승용,남,75세,기타불명,승용,남,52세,경상
노인운전자사고,2021033100100304,2021년 3월 31일 15시,수요일,부산광역시 서구 서대신동2가,경상사고,0,0,1,0,차대사람 - 길가장자리구역통행중,안전운전불이행,건조,맑음,단일로 - 기타,화물,남,71세,상해없음,보행자,여,80세,경상
노인운전자사고,2021033100100305,2021년 3월 31일 15시,수요일,부산광역시 수영구 수영동,경상사고,0,0,2,0,차대차 - 측면충돌,안전운전불이행,건조,맑음,교차로 - 교차로안,승용,여,69세,상해없음,승용,남,21세,경상
노인운전자사고,2021040100100078,2021년 4월 1일 08시,목요일,부산광역시 금정구 남산동,경상사고,0,0,1,0,차대차 - 기타,안전거리미확보,건조,맑음,단일로 - 기타,승용,여,66세,상해없음,승용,남,44세,상해없음
노인운전자사고,2021040100100117,2021년 4월 1일 09시,목요일,부산광역시 동래구 명륜동,경상사고,0,0,1,0,차대차 - 측면충돌,안전거리미확보,건조,맑음,교차로 - 교차로안,화물,남,65세,상해없음,승용,남,66세,경상
노인운전자사고,2021040100100118,2021년 4월 1일 09시,목요일,부산광역시 동래구 명장동,경상사고,0,0,1,0,차대차 - 측면충돌,안전운전불이행,건조,맑음,교차로 - 교차로부근,승용,남,66세,상해없음,승용,여,57세,경상
노인운전자사고,2.02104E+15,2021년 4월 1일 12시,목요일,부산광역시 부산진구 가야동,중상사고,0,2,0,0,차대차 - 측면충돌,교차로운행방법위반,건조,맑음,교차로 - 교차로안,승용,남,71세,상해없음,이륜,남,19세,중상
노인운전자사고,2021040100100255,2021년 4월 1일 13시,목요일,부산광역시 북구 구포동,중상사고,0,1,0,0,차대차 - 측면충돌,차로위반,건조,맑음,단일로 - 기타,이륜,남,72세,상해없음,이륜,남,20세,중상
노인운전자사고,2021040100100329,2021년 4월 1일 15시,목요일,부산광역시 부산진구 가야동,경상사고,0,0,2,0,차대차 - 측면충돌,신호위반,건조,맑음,단일로 - 터널,화물,남,67세,상해없음,승용,여,31세,경상
노인운전자사고,2.02104E+15,2021년 4월 1일 15시,목요일,부산광역시 강서구 명지동,중상사고,0,2,0,0,차대사람 - 기타,안전운전불이행,건조,맑음,단일로 - 기타,승용,남,71세,상해없음,보행자,여,70세,중상
노인운전자사고,2021040100100413,2021년 4월 1일 17시,목요일,부산광역시 북구 덕천동,부상신고사고,0,0,0,1,차대사람 - 기타,안전운전불이행,건조,맑음,교차로 - 교차로부근,화물,남,69세,상해없음,보행자,남,71세,부상신고