사고부문,사고번호,사고일시,요일,시군구,사고내용,사망자수,중상자수,경상자수,부상신고자수,사고유형,법규위반,노면상태,기상상태,도로형태,가해운전자 차종,가해운전자 성별,가해운전자 연령,가해운전자 상해정도,피해운전자 차종,피해운전자 성별,피해운전자 연령,피해운전자 상해정도
노인운전자사고,2021040200100081,2021년 4월 2일 08시,금요일,부산광역시 기장군 기장읍,중상사고,0,1,0,0,차대사람 - 횡단중,보행자보호의무위반,건조,맑음,교차로 - 교차로횡단보도내,승용,남,75세,상해없음,보행자,여,64세,중상
노인운전자사고,2021040200100355,2021년 4월 2일 16시,금요일,부산광역시 금정구 구서동,경상사고,0,0,1,0,차대차 - 기타,안전거리미확보,건조,맑음,단일로 - 기타,화물,남,66세,상해없음,승용,남,77세,경상
노인운전자사고,2021040200100402,2021년 4월 2일 17시,금요일,부산광역시 해운대구 우동,경상사고,0,0,2,0,차대차 - 추돌,안전거리미확보,젖음/습기,비,단일로 - 터널,승용,남,74세,상해없음,승용,남,53세,경상
노인운전자사고,2021040300100058,2021년 4월 3일 07시,토요일,부산광역시 부산진구 개금동,경상사고,0,0,2,0,차대차 - 측면충돌,안전거리미확보,건조,맑음,단일로 - 기타,승용,남,73세,경상,승용,남,65세,경상
노인운전자사고,2021040300100059,2021년 4월 3일 07시,토요일,부산광역시 부산진구 양정동,경상사고,0,0,1,0,차대차 - 측면충돌,안전운전불이행,건조,맑음,교차로 - 교차로안,화물,남,69세,상해없음,승용,여,62세,경상
노인운전자사고,2021040300100085,2021년 4월 3일 09시,토요일,부산광역시 부산진구 전포동,경상사고,0,0,1,0,차대사람 - 횡단중,신호위반,건조,맑음,단일로 - 기타,승용,남,72세,상해없음,보행자,여,51세,경상
노인운전자사고,2021040300100086,2021년 4월 3일 09시,토요일,부산광역시 강서구 대저2동,중상사고,0,3,2,0,차대차 - 추돌,안전운전불이행,건조,맑음,교차로 - 교차로부근,건설기계,남,66세,상해없음,화물,남,53세,중상
노인운전자사고,2021040300100217,2021년 4월 3일 13시,토요일,부산광역시 영도구 봉래동1가,중상사고,0,1,0,0,차대차 - 기타,안전운전불이행,건조,맑음,단일로 - 기타,승용,남,68세,상해없음,원동기,남,44세,중상
노인운전자사고,2021040400100048,2021년 4월 4일 06시,일요일,부산광역시 북구 화명동,중상사고,0,1,0,0,차대사람 - 횡단중,보행자보호의무위반,젖음/습기,비,단일로 - 지하차도(도로)내,승용,여,65세,상해없음,보행자,남,72세,중상
노인운전자사고,2.02104E+15,2021년 4월 4일 09시,일요일,부산광역시 금정구 부곡동,경상사고,0,0,1,0,차대차 - 측면충돌,안전운전불이행,젖음/습기,비,교차로 - 교차로안,승용,남,72세,상해없음,승용,남,60세,경상
노인운전자사고,2021040400100102,2021년 4월 4일 11시,일요일,부산광역시 연제구 연산동,경상사고,0,0,1,0,차대차 - 기타,차로위반,건조,맑음,단일로 - 기타,승용,남,67세,상해없음,승용,여,37세,경상
노인운전자사고,2021040400100145,2021년 4월 4일 13시,일요일,부산광역시 해운대구 우동,경상사고,0,0,5,0,차대차 - 추돌,안전운전불이행,건조,맑음,단일로 - 기타,승용,남,67세,상해없음,승용,남,45세,경상
노인운전자사고,2021040400100355,2021년 4월 4일 20시,일요일,부산광역시 동구 범일동,경상사고,0,0,2,0,차량단독 - 기타,안전운전불이행,건조,맑음,교차로 - 교차로부근,승용,남,66세,상해없음,,,,
노인운전자사고,2021040500100088,2021년 4월 5일 08시,월요일,부산광역시 금정구 구서동,경상사고,0,0,1,0,차대차 - 측면충돌,안전거리미확보,건조,맑음,단일로 - 기타,승용,남,66세,상해없음,승용,남,49세,경상
노인운전자사고,2021040500100354,2021년 4월 5일 15시,월요일,부산광역시 남구 문현동,경상사고,0,0,1,0,차대차 - 측면충돌,안전운전불이행,건조,맑음,교차로 - 교차로안,자전거,남,68세,경상,승용,남,48세,상해없음
노인운전자사고,2021040500100355,2021년 4월 5일 15시,월요일,부산광역시 영도구 봉래동5가,경상사고,0,0,1,1,차대차 - 추돌,안전거리미확보,건조,맑음,단일로 - 기타,승용,남,69세,상해없음,승용,남,43세,경상
노인운전자사고,2021040500100357,2021년 4월 5일 15시,월요일,부산광역시 부산진구 부전동,경상사고,0,0,1,0,차대차 - 추돌,안전운전불이행,건조,맑음,교차로 - 교차로안,승용,남,73세,상해없음,이륜,남,36세,경상
노인운전자사고,2021040500100447,2021년 4월 5일 17시,월요일,부산광역시 연제구 연산동,중상사고,0,1,0,0,차대사람 - 기타,안전운전불이행,건조,맑음,단일로 - 기타,승용,남,74세,상해없음,보행자,여,71세,중상
노인운전자사고,2021040600100074,2021년 4월 6일 08시,화요일,부산광역시 동래구 낙민동,경상사고,0,0,1,0,차대차 - 기타,안전운전불이행,건조,맑음,단일로 - 기타,자전거,남,80세,경상,승용,남,48세,상해없음
노인운전자사고,2021040600100461,2021년 4월 6일 19시,화요일,부산광역시 강서구 명지동,중상사고,0,1,0,0,차대차 - 추돌,안전거리미확보,건조,맑음,교차로 - 교차로부근,승합,남,73세,상해없음,승용,남,42세,중상
노인운전자사고,2021040700100004,2021년 4월 7일 00시,수요일,부산광역시 부산진구 부전동,중상사고,0,1,0,0,차대차 - 기타,신호위반,건조,맑음,교차로 - 교차로안,승용,남,69세,상해없음,자전거,남,61세,중상
노인운전자사고,2021040700100023,2021년 4월 7일 05시,수요일,부산광역시 남구 감만동,경상사고,0,0,1,0,차대차 - 측면충돌,신호위반,건조,맑음,교차로 - 교차로안,승용,남,72세,상해없음,승용,여,58세,경상
노인운전자사고,2021040700100149,2021년 4월 7일 10시,수요일,부산광역시 동래구 온천동,경상사고,0,0,2,0,차대차 - 측면충돌,교차로운행방법위반,건조,맑음,교차로 - 교차로안,승용,남,66세,상해없음,승용,여,51세,경상
노인운전자사고,2021040700100182,2021년 4월 7일 11시,수요일,부산광역시 해운대구 석대동,중상사고,0,1,0,0,차대차 - 측면충돌,중앙선침범,건조,맑음,단일로 - 기타,승용,남,76세,상해없음,원동기,남,38세,중상
노인운전자사고,2021040700100244,2021년 4월 7일 13시,수요일,부산광역시 북구 만덕동,경상사고,0,0,1,0,차대차 - 기타,교차로운행방법위반,건조,맑음,단일로 - 기타,승용,남,70세,상해없음,이륜,남,42세,경상
노인운전자사고,2021040700100272,2021년 4월 7일 14시,수요일,부산광역시 남구 대연동,경상사고,0,0,1,0,차대사람 - 길가장자리구역통행중,안전운전불이행,건조,맑음,기타 - 기타,화물,남,67세,상해없음,보행자,남,77세,경상
노인운전자사고,2021040700100313,2021년 4월 7일 15시,수요일,부산광역시 동래구 낙민동,경상사고,0,0,1,0,차대사람 - 횡단중,안전운전불이행,건조,맑음,교차로 - 교차로안,승용,남,68세,상해없음,보행자,남,74세,경상
노인운전자사고,2.02104E+15,2021년 4월 7일 16시,수요일,부산광역시 연제구 연산동,경상사고,0,0,1,0,차대사람 - 기타,보행자보호의무위반,건조,맑음,교차로 - 교차로부근,화물,남,70세,상해없음,보행자,여,56세,경상
노인운전자사고,2021040700100402,2021년 4월 7일 17시,수요일,부산광역시 부산진구 부전동,중상사고,0,1,0,0,차대사람 - 횡단중,안전운전불이행,건조,맑음,단일로 - 기타,승용,남,65세,상해없음,보행자,여,61세,중상
노인운전자사고,2021040800100163,2021년 4월 8일 10시,목요일,부산광역시 부산진구 개금동,경상사고,0,0,1,0,차대차 - 측면충돌,차로위반,건조,맑음,단일로 - 기타,승용,남,75세,상해없음,승용,남,59세,경상
노인운전자사고,2021040800100202,2021년 4월 8일 11시,목요일,부산광역시 사하구 하단동,중상사고,0,1,1,0,차대차 - 기타,안전운전불이행,건조,맑음,단일로 - 기타,이륜,남,68세,중상,이륜,남,51세,경상
노인운전자사고,2021040800100299,2021년 4월 8일 14시,목요일,부산광역시 해운대구 좌동,경상사고,0,0,1,0,차대차 - 측면충돌,안전거리미확보,건조,맑음,단일로 - 기타,승용,여,76세,상해없음,승용,남,27세,경상
노인운전자사고,2021040800100371,2021년 4월 8일 16시,목요일,부산광역시 금정구 장전동,경상사고,0,0,1,0,차대차 - 측면충돌,신호위반,건조,맑음,단일로 - 기타,화물,남,79세,상해없음,이륜,기타불명,미분류,기타불명
노인운전자사고,2021040800100579,2021년 4월 8일 21시,목요일,부산광역시 연제구 연산동,경상사고,0,0,1,0,차대차 - 기타,기타,건조,맑음,단일로 - 기타,승용,남,71세,상해없음,자전거,남,28세,경상
노인운전자사고,2021040900100077,2021년 4월 9일 08시,금요일,부산광역시 부산진구 가야동,경상사고,0,0,1,0,차대차 - 측면충돌,신호위반,건조,맑음,교차로 - 교차로안,승용,남,70세,상해없음,승용,남,61세,경상
노인운전자사고,2021040900100261,2021년 4월 9일 13시,금요일,부산광역시 해운대구 우동,경상사고,0,0,2,0,차량단독 - 기타,안전운전불이행,건조,맑음,단일로 - 터널,승용,남,65세,상해없음,,,,
노인운전자사고,2021040900100293,2021년 4월 9일 14시,금요일,부산광역시 해운대구 중동,경상사고,0,0,1,0,차량단독 - 기타,안전운전불이행,건조,맑음,단일로 - 기타,승합,남,69세,상해없음,,,,
노인운전자사고,2.02104E+15,2021년 4월 9일 15시,금요일,부산광역시 남구 용호동,중상사고,0,1,0,0,차대사람 - 길가장자리구역통행중,안전운전불이행,건조,맑음,교차로 - 교차로안,화물,남,69세,상해없음,보행자,여,93세,중상
노인운전자사고,2021040900100416,2021년 4월 9일 17시,금요일,부산광역시 수영구 남천동,경상사고,0,0,1,0,차대차 - 측면충돌,안전운전불이행,건조,맑음,단일로 - 기타,승용,남,69세,상해없음,승용,여,27세,경상
노인운전자사고,2021040900100418,2021년 4월 9일 17시,금요일,부산광역시 해운대구 우동,경상사고,0,0,1,0,차대사람 - 보도통행중,안전운전불이행,건조,맑음,단일로 - 기타,승용,여,65세,상해없음,보행자,남,76세,경상
노인운전자사고,2021041000100045,2021년 4월 10일 07시,토요일,부산광역시 동구 초량동,중상사고,0,1,0,0,차대사람 - 횡단중,보행자보호의무위반,건조,맑음,교차로 - 교차로횡단보도내,화물,남,69세,상해없음,보행자,여,73세,중상
노인운전자사고,2021041000100084,2021년 4월 10일 09시,토요일,부산광역시 동래구 온천동,경상사고,0,0,1,0,차대사람 - 기타,안전운전불이행,건조,맑음,단일로 - 기타,승용,남,65세,기타불명,보행자,여,48세,경상
노인운전자사고,2021041000100323,2021년 4월 10일 15시,토요일,부산광역시 남구 대연동,경상사고,0,0,1,0,차대차 - 측면충돌,중앙선침범,건조,맑음,단일로 - 기타,승용,남,75세,상해없음,승용,남,59세,경상
노인운전자사고,2021041000100454,2021년 4월 10일 18시,토요일,부산광역시 연제구 연산동,경상사고,0,0,1,0,차대차 - 추돌,안전운전불이행,건조,맑음,교차로 - 교차로부근,승용,남,67세,상해없음,이륜,남,56세,경상
노인운전자사고,2021041000100493,2021년 4월 10일 19시,토요일,부산광역시 남구 대연동,중상사고,0,1,0,0,차대사람 - 횡단중,보행자보호의무위반,건조,맑음,교차로 - 교차로횡단보도내,승용,남,65세,상해없음,보행자,여,66세,중상
노인운전자사고,2021041100100002,2021년 4월 11일 00시,일요일,부산광역시 부산진구 양정동,경상사고,0,0,1,0,차대차 - 기타,안전운전불이행,건조,기타,교차로 - 교차로부근,승용,남,65세,상해없음,승용,남,61세,상해없음
노인운전자사고,2021041100100154,2021년 4월 11일 12시,일요일,부산광역시 금정구 서동,중상사고,0,1,2,0,차대차 - 기타,안전운전불이행,건조,맑음,교차로 - 교차로안,승용,여,66세,경상,이륜,남,36세,중상
노인운전자사고,2021041100100155,2021년 4월 11일 12시,일요일,부산광역시 수영구 수영동,중상사고,0,1,0,0,차대차 - 추돌,안전거리미확보,건조,맑음,단일로 - 기타,자전거,남,67세,상해없음,자전거,남,70세,중상
노인운전자사고,2021041100100177,2021년 4월 11일 13시,일요일,부산광역시 북구 금곡동,경상사고,0,0,1,1,차대차 - 기타,안전거리미확보,건조,맑음,단일로 - 지하차도(도로)내,승용,남,66세,상해없음,승용,남,44세,경상
노인운전자사고,2021041100100212,2021년 4월 11일 14시,일요일,부산광역시 서구 아미동1가,중상사고,0,1,1,0,차대차 - 측면충돌,교차로운행방법위반,건조,맑음,교차로 - 교차로부근,승용,남,67세,상해없음,승용,남,48세,경상
노인운전자사고,2021041100100362,2021년 4월 11일 18시,일요일,부산광역시 북구 만덕동,경상사고,0,0,1,0,차대차 - 기타,신호위반,건조,맑음,단일로 - 터널,승용,남,74세,상해없음,승용,남,44세,경상
노인운전자사고,2021041100100458,2021년 4월 11일 21시,일요일,부산광역시 북구 화명동,중상사고,0,1,0,0,차대사람 - 차도통행중,안전운전불이행,건조,맑음,교차로 - 교차로부근,승용,남,66세,상해없음,보행자,남,20세,중상
노인운전자사고,2021041200100195,2021년 4월 12일 12시,월요일,부산광역시 수영구 광안동,경상사고,0,0,1,0,차대사람 - 기타,안전운전불이행,건조,맑음,단일로 - 기타,승용,여,69세,상해없음,보행자,남,47세,경상
노인운전자사고,2021041200100229,2021년 4월 12일 13시,월요일,부산광역시 사하구 하단동,경상사고,0,0,1,0,차대차 - 기타,안전운전불이행,건조,맑음,기타 - 기타,승합,남,67세,상해없음,승용,여,36세,경상
노인운전자사고,2021041200100259,2021년 4월 12일 14시,월요일,부산광역시 북구 덕천동,중상사고,0,1,0,0,차대차 - 측면충돌,안전운전불이행,건조,흐림,교차로 - 교차로안,승용,남,71세,상해없음,이륜,남,46세,중상
노인운전자사고,2.02104E+15,2021년 4월 12일 14시,월요일,부산광역시 해운대구 우동,경상사고,0,0,1,0,차대차 - 기타,안전거리미확보,건조,맑음,교차로 - 교차로부근,승용,남,78세,상해없음,승합,남,49세,상해없음
노인운전자사고,2021041200100334,2021년 4월 12일 16시,월요일,부산광역시 사상구 감전동,중상사고,0,1,1,0,차대차 - 기타,안전운전불이행,젖음/습기,비,교차로 - 교차로안,화물,남,77세,상해없음,승용,여,49세,경상
노인운전자사고,2021041300100045,2021년 4월 13일 06시,화요일,부산광역시 사상구 괘법동,경상사고,0,0,1,0,차대차 - 추돌,안전운전불이행,건조,맑음,단일로 - 기타,이륜,남,67세,경상,승합,남,68세,상해없음
노인운전자사고,2021041300100346,2021년 4월 13일 16시,화요일,부산광역시 사하구 감천동,경상사고,0,0,1,0,차대사람 - 기타,안전운전불이행,건조,맑음,단일로 - 지하차도(도로)내,승용,남,69세,상해없음,보행자,남,9세,경상
노인운전자사고,2021041300100499,2021년 4월 13일 19시,화요일,부산광역시 해운대구 중동,중상사고,0,1,0,0,차대사람 - 횡단중,보행자보호의무위반,건조,맑음,교차로 - 교차로부근,승용,남,67세,상해없음,보행자,여,17세,중상
노인운전자사고,2021041400100018,2021년 4월 14일 05시,수요일,부산광역시 해운대구 우동,중상사고,0,1,0,0,차대차 - 측면충돌,안전운전불이행,건조,맑음,교차로 - 교차로부근,승용,남,77세,상해없음,기타불명,남,64세,중상
노인운전자사고,2021041400100036,2021년 4월 14일 07시,수요일,부산광역시 수영구 망미동,경상사고,0,0,1,0,차대차 - 기타,차로위반,건조,맑음,단일로 - 기타,승용,남,65세,상해없음,승용,남,38세,경상
노인운전자사고,2021041400100065,2021년 4월 14일 08시,수요일,부산광역시 사상구 학장동,경상사고,0,0,1,0,차대사람 - 기타,안전운전불이행,건조,맑음,교차로 - 교차로부근,화물,남,65세,상해없음,보행자,여,52세,경상
노인운전자사고,2021041400100178,2021년 4월 14일 12시,수요일,부산광역시 사상구 감전동,경상사고,0,0,1,0,차대차 - 측면충돌,중앙선침범,건조,맑음,단일로 - 기타,화물,남,67세,상해없음,이륜,남,54세,경상
노인운전자사고,2.02104E+15,2021년 4월 14일 13시,수요일,부산광역시 연제구 연산동,경상사고,0,0,1,0,차대사람 - 횡단중,안전운전불이행,건조,맑음,기타 - 기타,승용,남,71세,상해없음,보행자,남,6세,경상
노인운전자사고,2.02104E+15,2021년 4월 14일 15시,수요일,부산광역시 해운대구 우동,경상사고,0,0,1,0,차대차 - 기타,교차로운행방법위반,건조,맑음,교차로 - 교차로부근,승용,여,66세,상해없음,승용,남,41세,경상
노인운전자사고,2021041400100291,2021년 4월 14일 15시,수요일,부산광역시 금정구 회동동,부상신고사고,0,0,0,1,차대차 - 기타,신호위반,건조,맑음,교차로 - 교차로안,자전거,남,78세,부상신고,승용,여,31세,상해없음
노인운전자사고,2021041400100321,2021년 4월 14일 16시,수요일,부산광역시 강서구 명지동,중상사고,0,3,1,0,차대차 - 측면충돌,안전거리미확보,건조,맑음,단일로 - 기타,화물,남,67세,상해없음,승용,남,38세,중상
노인운전자사고,2021041400100448,2021년 4월 14일 19시,수요일,부산광역시 사하구 하단동,경상사고,0,0,1,0,차대사람 - 횡단중,신호위반,건조,맑음,단일로 - 기타,승용,여,67세,상해없음,보행자,여,27세,경상
노인운전자사고,2021041400100483,2021년 4월 14일 20시,수요일,부산광역시 중구 부평동4가,경상사고,0,0,2,0,차대차 - 측면충돌,안전운전불이행,건조,맑음,교차로 - 교차로안,승용,남,67세,상해없음,승용,남,64세,상해없음
노인운전자사고,2021041500100105,2021년 4월 15일 09시,목요일,부산광역시 서구 서대신동3가,경상사고,0,0,2,0,차대차 - 추돌,안전운전불이행,건조,맑음,단일로 - 기타,승용,남,68세,경상,승용,여,54세,경상
노인운전자사고,2021041500100164,2021년 4월 15일 11시,목요일,부산광역시 영도구 영선동4가,경상사고,0,0,1,0,차대차 - 정면충돌,안전운전불이행,건조,맑음,단일로 - 기타,승용,남,69세,기타불명,승용,여,47세,경상
노인운전자사고,2021041500100375,2021년 4월 15일 17시,목요일,부산광역시 남구 대연동,경상사고,0,0,1,0,차대차 - 측면충돌,안전운전불이행,건조,맑음,교차로 - 교차로안,승용,남,82세,상해없음,승용,여,44세,경상
노인운전자사고,2021041500100376,2021년 4월 15일 17시,목요일,부산광역시 북구 만덕동,경상사고,0,0,1,0,차대사람 - 기타,안전운전불이행,건조,맑음,단일로 - 기타,승합,남,73세,상해없음,보행자,여,60세,경상
노인운전자사고,2021041600100076,2021년 4월 16일 08시,금요일,부산광역시 부산진구 부전동,경상사고,0,0,1,0,차대차 - 추돌,안전운전불이행,건조,맑음,교차로 - 교차로부근,승용,남,66세,상해없음,승용,여,38세,경상
노인운전자사고,2021041600100138,2021년 4월 16일 10시,금요일,부산광역시 동래구 사직동,경상사고,0,0,1,0,차대차 - 측면충돌,교차로운행방법위반,건조,맑음,단일로 - 기타,건설기계,남,69세,상해없음,승용,남,35세,경상
노인운전자사고,2.02104E+15,2021년 4월 16일 12시,금요일,부산광역시 북구 만덕동,중상사고,0,1,0,0,차대사람 - 기타,안전운전불이행,건조,맑음,단일로 - 기타,승용,남,70세,상해없음,보행자,여,78세,중상
노인운전자사고,2021041600100222,2021년 4월 16일 13시,금요일,부산광역시 금정구 금사동,경상사고,0,0,1,0,차대차 - 측면충돌,교차로운행방법위반,건조,맑음,교차로 - 교차로안,승용,남,77세,상해없음,승용,남,22세,경상
노인운전자사고,2021041600100544,2021년 4월 16일 22시,금요일,부산광역시 수영구 민락동,중상사고,0,2,0,0,차대사람 - 기타,안전운전불이행,건조,맑음,교차로 - 교차로부근,승용,남,71세,상해없음,보행자,여,21세,중상
노인운전자사고,2021041600100547,2021년 4월 16일 22시,금요일,부산광역시 사상구 덕포동,중상사고,0,1,0,0,차대사람 - 보도통행중,보행자보호의무위반,건조,맑음,교차로 - 교차로부근,승용,남,67세,상해없음,보행자,남,68세,중상
노인운전자사고,2021041700100036,2021년 4월 17일 04시,토요일,부산광역시 부산진구 범천동,경상사고,0,0,2,0,차대차 - 기타,신호위반,건조,맑음,교차로 - 교차로안,승용,여,74세,상해없음,승용,남,58세,경상
노인운전자사고,2.02104E+15,2021년 4월 17일 12시,토요일,부산광역시 해운대구 재송동,중상사고,0,1,1,0,차대차 - 측면충돌,안전거리미확보,건조,맑음,교차로 - 교차로부근,승용,여,75세,상해없음,승용,여,44세,중상
노인운전자사고,2021041700100277,2021년 4월 17일 14시,토요일,부산광역시 금정구 구서동,경상사고,0,0,1,0,차량단독 - 공작물충돌,안전운전불이행,건조,맑음,단일로 - 기타,승용,남,76세,경상,,,,
노인운전자사고,2021041700100278,2021년 4월 17일 14시,토요일,부산광역시 기장군 기장읍,경상사고,0,0,3,2,차대차 - 추돌,안전운전불이행,건조,맑음,교차로 - 교차로부근,승용,남,71세,상해없음,승용,여,35세,경상
노인운전자사고,2021041700100324,2021년 4월 17일 15시,토요일,부산광역시 동래구 온천동,경상사고,0,0,2,0,차대차 - 기타,안전운전불이행,건조,맑음,교차로 - 교차로안,승용,남,69세,상해없음,화물,남,53세,경상
노인운전자사고,2021041700100372,2021년 4월 17일 16시,토요일,부산광역시 북구 화명동,경상사고,0,0,1,0,차대사람 - 기타,안전운전불이행,건조,맑음,단일로 - 기타,승용,남,66세,상해없음,보행자,여,48세,경상
노인운전자사고,2021041700100448,2021년 4월 17일 18시,토요일,부산광역시 서구 서대신동3가,경상사고,0,0,3,0,차대차 - 측면충돌,차로위반,건조,맑음,단일로 - 기타,승용,남,65세,상해없음,승용,남,63세,경상
노인운전자사고,2021041800100015,2021년 4월 18일 01시,일요일,부산광역시 남구 용호동,경상사고,0,0,1,0,차대차 - 기타,안전운전불이행,건조,맑음,교차로 - 교차로안,승용,남,66세,상해없음,이륜,남,21세,경상
노인운전자사고,2021041800100233,2021년 4월 18일 16시,일요일,부산광역시 강서구 송정동,경상사고,0,0,1,0,차대차 - 측면충돌,신호위반,건조,맑음,교차로 - 교차로안,승합,남,71세,기타불명,승합,남,53세,경상
노인운전자사고,2021041800100263,2021년 4월 18일 17시,일요일,부산광역시 부산진구 범천동,경상사고,0,0,1,0,차대사람 - 기타,안전운전불이행,건조,기타,기타 - 기타,승용,남,77세,상해없음,보행자,남,12세,경상
노인운전자사고,2021041900100017,2021년 4월 19일 03시,월요일,부산광역시 동래구 명륜동,중상사고,0,1,0,0,차대차 - 측면충돌,신호위반,건조,맑음,교차로 - 교차로안,이륜,남,74세,중상,화물,남,56세,상해없음
노인운전자사고,2021041900100018,2021년 4월 19일 03시,월요일,부산광역시 해운대구 우동,경상사고,0,0,1,0,차대사람 - 횡단중,보행자보호의무위반,건조,맑음,교차로 - 교차로부근,승용,남,72세,상해없음,보행자,남,50세,경상
노인운전자사고,2.02104E+15,2021년 4월 19일 06시,월요일,부산광역시 부산진구 범천동,중상사고,0,1,0,0,차대차 - 기타,불법유턴,건조,맑음,교차로 - 교차로안,승용,남,69세,상해없음,이륜,남,43세,중상
노인운전자사고,2021041900100163,2021년 4월 19일 10시,월요일,부산광역시 동래구 명장동,경상사고,0,0,1,0,차대차 - 측면충돌,신호위반,건조,맑음,교차로 - 교차로안,화물,남,65세,상해없음,승용,남,62세,경상
노인운전자사고,2021041900100165,2021년 4월 19일 10시,월요일,부산광역시 사하구 괴정동,중상사고,0,1,0,0,차대차 - 기타,중앙선침범,건조,맑음,단일로 - 지하차도(도로)내,화물,남,70세,상해없음,이륜,남,24세,중상
노인운전자사고,2021041900100198,2021년 4월 19일 11시,월요일,부산광역시 서구 서대신동3가,경상사고,0,0,1,0,차대차 - 측면충돌,교차로운행방법위반,건조,맑음,교차로 - 교차로안,승용,여,66세,상해없음,특수,남,47세,경상
노인운전자사고,2021041900100253,2021년 4월 19일 13시,월요일,부산광역시 강서구 명지동,경상사고,0,0,1,0,차대사람 - 횡단중,신호위반,건조,맑음,교차로 - 교차로부근,승용,여,66세,상해없음,보행자,여,10세,경상
노인운전자사고,2021042000100034,2021년 4월 20일 06시,화요일,부산광역시 연제구 연산동,경상사고,0,0,1,0,차대차 - 추돌,교차로운행방법위반,건조,맑음,교차로 - 교차로안,승용,남,65세,상해없음,승용,남,33세,경상
노인운전자사고,2021042000100123,2021년 4월 20일 09시,화요일,부산광역시 해운대구 좌동,경상사고,0,0,1,0,차대차 - 측면충돌,안전거리미확보,건조,맑음,교차로 - 교차로부근,승용,남,77세,상해없음,이륜,남,26세,경상
노인운전자사고,2021042000100125,2021년 4월 20일 09시,화요일,부산광역시 사하구 신평동,중상사고,0,1,3,0,차대차 - 측면충돌,신호위반,건조,맑음,교차로 - 교차로안,승용,남,71세,상해없음,승용,남,75세,경상
노인운전자사고,2021042000100225,2021년 4월 20일 12시,화요일,부산광역시 수영구 광안동,중상사고,0,1,0,0,차대차 - 기타,안전운전불이행,건조,맑음,교차로 - 교차로안,승용,남,65세,상해없음,이륜,남,27세,중상
노인운전자사고,2.02104E+15,2021년 4월 20일 15시,화요일,부산광역시 중구 부평동1가,중상사고,0,1,0,0,차대사람 - 횡단중,안전운전불이행,건조,맑음,교차로 - 교차로부근,승용,남,65세,상해없음,보행자,여,78세,중상
노인운전자사고,2021042000100341,2021년 4월 20일 15시,화요일,부산광역시 부산진구 전포동,중상사고,0,1,0,0,차대차 - 기타,안전운전불이행,기타,맑음,단일로 - 기타,승용,남,68세,상해없음,이륜,여,68세,중상
노인운전자사고,2021042000100567,2021년 4월 20일 21시,화요일,부산광역시 북구 금곡동,중상사고,0,1,0,0,차대차 - 측면충돌,중앙선침범,건조,맑음,단일로 - 기타,승용,남,68세,상해없음,이륜,남,29세,중상
노인운전자사고,2021042100100078,2021년 4월 21일 08시,수요일,부산광역시 남구 감만동,경상사고,0,0,1,0,차대차 - 측면충돌,신호위반,건조,맑음,교차로 - 교차로부근,승용,남,74세,상해없음,자전거,남,61세,경상
노인운전자사고,2021042100100124,2021년 4월 21일 09시,수요일,부산광역시 남구 대연동,중상사고,0,1,0,0,차량단독 - 기타,교차로운행방법위반,건조,맑음,교차로 - 교차로안,승용,남,67세,상해없음,,,,
노인운전자사고,2021042100100152,2021년 4월 21일 10시,수요일,부산광역시 수영구 광안동,경상사고,0,0,1,0,차대사람 - 횡단중,안전운전불이행,건조,맑음,단일로 - 기타,승용,남,69세,상해없음,보행자,여,79세,경상
노인운전자사고,2021042100100216,2021년 4월 21일 12시,수요일,부산광역시 해운대구 재송동,경상사고,0,0,1,0,차대차 - 측면충돌,안전거리미확보,건조,맑음,단일로 - 기타,승용,남,73세,상해없음,승용,여,35세,경상
노인운전자사고,2021042100100239,2021년 4월 21일 13시,수요일,부산광역시 연제구 거제동,경상사고,0,0,1,0,차대사람 - 횡단중,보행자보호의무위반,건조,맑음,단일로 - 기타,화물,남,65세,상해없음,보행자,여,68세,경상
노인운전자사고,2021042100100283,2021년 4월 21일 14시,수요일,부산광역시 서구 토성동1가,경상사고,0,0,1,0,차대차 - 정면충돌,교차로운행방법위반,건조,맑음,교차로 - 교차로부근,이륜,남,72세,상해없음,이륜,남,23세,경상
노인운전자사고,2021042100100285,2021년 4월 21일 14시,수요일,부산광역시 해운대구 중동,부상신고사고,0,0,0,1,차대차 - 기타,신호위반,건조,맑음,교차로 - 교차로안,자전거,남,69세,부상신고,승용,남,61세,상해없음
노인운전자사고,2021042100100416,2021년 4월 21일 17시,수요일,부산광역시 사상구 학장동,경상사고,0,0,1,0,차대사람 - 길가장자리구역통행중,안전운전불이행,건조,맑음,교차로 - 교차로부근,승용,남,68세,상해없음,보행자,여,29세,경상
노인운전자사고,2021042100100507,2021년 4월 21일 19시,수요일,부산광역시 기장군 일광면,경상사고,0,0,2,0,차대차 - 측면충돌,안전거리미확보,건조,맑음,교차로 - 교차로부근,승용,남,65세,상해없음,승용,남,54세,경상
노인운전자사고,2021042200100113,2021년 4월 22일 09시,목요일,부산광역시 중구 보수동2가,경상사고,0,0,1,0,차대사람 - 기타,안전운전불이행,건조,맑음,단일로 - 기타,화물,남,66세,상해없음,보행자,남,27세,경상