사고부문,사고번호,사고일시,요일,시군구,사고내용,사망자수,중상자수,경상자수,부상신고자수,사고유형,법규위반,노면상태,기상상태,도로형태,가해운전자 차종,가해운전자 성별,가해운전자 연령,가해운전자 상해정도,피해운전자 차종,피해운전자 성별,피해운전자 연령,피해운전자 상해정도
노인운전자사고,2021042200100178,2021년 4월 22일 11시,목요일,부산광역시 북구 구포동,경상사고,0,0,1,0,차대차 - 기타,안전거리미확보,건조,맑음,단일로 - 기타,승용,남,74세,상해없음,승합,남,43세,상해없음
노인운전자사고,2021042200100251,2021년 4월 22일 13시,목요일,부산광역시 금정구 금사동,경상사고,0,0,1,0,차대차 - 추돌,안전운전불이행,건조,맑음,단일로 - 기타,화물,남,67세,상해없음,화물,남,27세,경상
노인운전자사고,2021042300100049,2021년 4월 23일 07시,금요일,부산광역시 강서구 대저1동,경상사고,0,0,1,0,차대차 - 기타,안전운전불이행,건조,맑음,교차로 - 교차로안,화물,남,80세,상해없음,승용,남,38세,경상
노인운전자사고,2021042300100112,2021년 4월 23일 09시,금요일,부산광역시 사상구 주례동,경상사고,0,0,1,0,차대사람 - 횡단중,안전운전불이행,건조,맑음,단일로 - 기타,화물,남,65세,상해없음,보행자,여,64세,경상
노인운전자사고,2021042300100142,2021년 4월 23일 10시,금요일,부산광역시 사상구 괘법동,중상사고,0,1,0,0,차대사람 - 길가장자리구역통행중,안전운전불이행,건조,맑음,교차로 - 교차로부근,화물,남,67세,상해없음,보행자,남,72세,중상
노인운전자사고,2021042300100345,2021년 4월 23일 15시,금요일,부산광역시 연제구 거제동,경상사고,0,0,1,0,차대차 - 기타,안전운전불이행,건조,맑음,교차로 - 교차로안,승용,남,67세,상해없음,승용,여,56세,경상
노인운전자사고,2021042300100382,2021년 4월 23일 16시,금요일,부산광역시 동구 수정동,부상신고사고,0,0,0,1,차대사람 - 길가장자리구역통행중,안전운전불이행,건조,맑음,단일로 - 기타,승용,남,74세,상해없음,보행자,남,65세,부상신고
노인운전자사고,2021042300100465,2021년 4월 23일 18시,금요일,부산광역시 사하구 괴정동,중상사고,0,1,0,0,차대차 - 측면충돌,안전운전불이행,건조,맑음,단일로 - 지하차도(도로)내,이륜,남,68세,중상,승용,남,65세,상해없음
노인운전자사고,2021042300100611,2021년 4월 23일 22시,금요일,부산광역시 강서구 대저2동,중상사고,0,2,0,0,차대차 - 기타,신호위반,건조,맑음,교차로 - 교차로부근,승용,남,67세,상해없음,승용,남,29세,중상
노인운전자사고,2021042400100388,2021년 4월 24일 17시,토요일,부산광역시 영도구 대교동1가,경상사고,0,0,1,0,차대차 - 추돌,안전운전불이행,건조,맑음,단일로 - 기타,화물,남,69세,상해없음,이륜,남,26세,경상
노인운전자사고,2021042400100433,2021년 4월 24일 18시,토요일,부산광역시 부산진구 부전동,중상사고,0,1,0,0,차대차 - 후진중충돌,안전운전불이행,건조,맑음,교차로 - 교차로부근,화물,남,71세,상해없음,승용,여,39세,중상
노인운전자사고,2021042400100478,2021년 4월 24일 19시,토요일,부산광역시 금정구 금성동,경상사고,0,0,1,0,차대차 - 기타,중앙선침범,건조,맑음,단일로 - 기타,승용,남,68세,상해없음,승용,여,66세,경상
노인운전자사고,2021042500100105,2021년 4월 25일 11시,일요일,부산광역시 부산진구 전포동,중상사고,0,1,0,0,차대차 - 측면충돌,교차로운행방법위반,건조,맑음,교차로 - 교차로안,승용,남,69세,상해없음,승용,남,40세,중상
노인운전자사고,2021042600100134,2021년 4월 26일 09시,월요일,부산광역시 기장군 기장읍,경상사고,0,0,2,0,차대차 - 측면충돌,교차로운행방법위반,건조,맑음,교차로 - 교차로안,화물,남,67세,상해없음,승용,여,27세,경상
노인운전자사고,2.02104E+15,2021년 4월 26일 11시,월요일,부산광역시 영도구 영선동1가,경상사고,0,0,1,0,차대차 - 기타,안전운전불이행,건조,맑음,단일로 - 기타,이륜,남,65세,경상,승용,여,57세,상해없음
노인운전자사고,2021042600100202,2021년 4월 26일 11시,월요일,부산광역시 연제구 연산동,경상사고,0,0,1,0,차대차 - 기타,안전운전불이행,건조,맑음,교차로 - 교차로안,승용,남,69세,상해없음,승용,남,53세,경상
노인운전자사고,2021042600100339,2021년 4월 26일 15시,월요일,부산광역시 해운대구 재송동,경상사고,0,0,1,0,차대차 - 측면충돌,교차로운행방법위반,건조,맑음,교차로 - 교차로안,승용,남,70세,기타불명,승용,여,51세,경상
노인운전자사고,2021042600100369,2021년 4월 26일 16시,월요일,부산광역시 사상구 감전동,중상사고,0,1,0,0,차대사람 - 횡단중,안전운전불이행,건조,맑음,단일로 - 기타,승용,남,71세,상해없음,보행자,여,81세,중상
노인운전자사고,2021042600100429,2021년 4월 26일 17시,월요일,부산광역시 부산진구 당감동,경상사고,0,0,1,0,차대차 - 추돌,안전운전불이행,건조,맑음,교차로 - 교차로부근,이륜,남,72세,상해없음,승용,여,52세,경상
노인운전자사고,2.02104E+15,2021년 4월 26일 17시,월요일,부산광역시 금정구 구서동,경상사고,0,0,2,0,차대차 - 기타,안전운전불이행,건조,맑음,단일로 - 기타,승용,남,74세,상해없음,승용,남,29세,경상
노인운전자사고,2021042600100592,2021년 4월 26일 22시,월요일,부산광역시 남구 대연동,중상사고,0,1,0,1,차대차 - 측면충돌,안전거리미확보,건조,맑음,단일로 - 기타,승용,남,70세,부상신고,승용,여,28세,중상
노인운전자사고,2021042700100326,2021년 4월 27일 16시,화요일,부산광역시 금정구 남산동,경상사고,0,0,1,0,차대사람 - 기타,안전운전불이행,건조,맑음,교차로 - 교차로부근,승용,남,74세,상해없음,보행자,여,73세,경상
노인운전자사고,2021042700100366,2021년 4월 27일 17시,화요일,부산광역시 수영구 남천동,경상사고,0,0,1,0,차대사람 - 횡단중,보행자보호의무위반,건조,맑음,교차로 - 교차로횡단보도내,승용,남,81세,상해없음,보행자,여,26세,경상
노인운전자사고,2021042700100368,2021년 4월 27일 17시,화요일,부산광역시 사하구 다대동,중상사고,0,1,0,0,차대사람 - 기타,보행자보호의무위반,건조,맑음,교차로 - 교차로부근,승합,남,70세,상해없음,보행자,여,67세,중상
노인운전자사고,2021042700100493,2021년 4월 27일 20시,화요일,부산광역시 서구 동대신동3가,경상사고,0,0,1,0,차대차 - 기타,안전운전불이행,건조,맑음,단일로 - 기타,승용,남,66세,상해없음,승용,남,40세,경상
노인운전자사고,2021042800100082,2021년 4월 28일 08시,수요일,부산광역시 해운대구 중동,경상사고,0,0,1,0,차대차 - 측면충돌,차로위반,건조,맑음,단일로 - 기타,자전거,남,85세,상해없음,이륜,남,29세,경상
노인운전자사고,2021042800100267,2021년 4월 28일 14시,수요일,부산광역시 영도구 영선동4가,중상사고,0,1,0,0,차대차 - 기타,안전운전불이행,건조,맑음,기타 - 기타,이륜,남,74세,중상,승용,남,63세,상해없음
노인운전자사고,2021042800100269,2021년 4월 28일 14시,수요일,부산광역시 연제구 거제동,경상사고,0,0,1,0,차대차 - 기타,교차로운행방법위반,건조,맑음,교차로 - 교차로안,승용,남,72세,상해없음,승용,여,42세,경상
노인운전자사고,2021042800100295,2021년 4월 28일 15시,수요일,부산광역시 서구 서대신동2가,경상사고,0,0,2,0,차대차 - 측면충돌,안전거리미확보,건조,맑음,단일로 - 기타,승용,여,74세,상해없음,승용,남,31세,경상
노인운전자사고,2021042800100298,2021년 4월 28일 15시,수요일,부산광역시 동래구 명륜동,경상사고,0,0,4,0,차대차 - 측면충돌,안전운전불이행,건조,맑음,단일로 - 기타,승용,남,75세,상해없음,승용,여,31세,경상
노인운전자사고,2.02104E+15,2021년 4월 29일 17시,목요일,부산광역시 사하구 신평동,경상사고,0,0,1,0,차대차 - 기타,교차로운행방법위반,건조,맑음,교차로 - 교차로안,승용,남,66세,상해없음,승합,남,49세,경상
노인운전자사고,2021042900100442,2021년 4월 29일 18시,목요일,부산광역시 동구 초량동,경상사고,0,0,1,0,차대차 - 측면충돌,교차로운행방법위반,건조,맑음,교차로 - 교차로안,승용,남,67세,상해없음,승용,남,34세,경상
노인운전자사고,2021043000100086,2021년 4월 30일 08시,금요일,부산광역시 서구 충무동1가,사망사고,1,0,0,0,차대차 - 측면충돌,안전운전불이행,건조,맑음,단일로 - 기타,화물,남,65세,상해없음,화물,남,57세,기타불명
노인운전자사고,2021043000100087,2021년 4월 30일 08시,금요일,부산광역시 해운대구 반여동,경상사고,0,0,1,0,차대차 - 측면충돌,신호위반,건조,맑음,교차로 - 교차로안,승용,남,69세,상해없음,이륜,남,41세,경상
노인운전자사고,2021043000100154,2021년 4월 30일 10시,금요일,부산광역시 사상구 학장동,경상사고,0,0,1,0,차대차 - 측면충돌,안전거리미확보,건조,맑음,단일로 - 기타,승용,남,72세,상해없음,화물,남,26세,경상
노인운전자사고,2.02104E+15,2021년 4월 30일 12시,금요일,부산광역시 해운대구 우동,경상사고,0,0,1,0,차대차 - 기타,신호위반,건조,맑음,교차로 - 교차로횡단보도내,자전거,남,82세,경상,화물,남,52세,상해없음
노인운전자사고,2021043000100221,2021년 4월 30일 12시,금요일,부산광역시 금정구 노포동,경상사고,0,0,2,0,차대차 - 기타,안전운전불이행,건조,맑음,단일로 - 기타,특수,남,66세,상해없음,승용,남,74세,경상
노인운전자사고,2021043000100295,2021년 4월 30일 14시,금요일,부산광역시 서구 남부민동,중상사고,0,1,0,0,차대차 - 측면충돌,안전운전불이행,건조,맑음,단일로 - 기타,화물,남,68세,상해없음,이륜,남,72세,중상
노인운전자사고,2.02104E+15,2021년 4월 30일 15시,금요일,부산광역시 수영구 수영동,경상사고,0,0,1,0,차대차 - 측면충돌,교차로운행방법위반,건조,맑음,교차로 - 교차로안,화물,남,70세,기타불명,승용,남,30세,경상
노인운전자사고,2021043000100374,2021년 4월 30일 16시,금요일,부산광역시 강서구 녹산동,경상사고,0,0,1,0,차대차 - 기타,안전운전불이행,건조,맑음,단일로 - 기타,승용,남,67세,상해없음,승용,여,58세,경상
노인운전자사고,2021043000100571,2021년 4월 30일 20시,금요일,부산광역시 해운대구 재송동,경상사고,0,0,2,0,차대차 - 측면충돌,신호위반,건조,맑음,교차로 - 교차로부근,승용,남,74세,상해없음,승합,남,65세,경상
노인운전자사고,2021050100100056,2021년 5월 1일 05시,토요일,부산광역시 부산진구 전포동,경상사고,0,0,1,0,차대차 - 측면충돌,신호위반,건조,맑음,교차로 - 교차로안,화물,남,68세,상해없음,승용,남,48세,경상
노인운전자사고,2021050100100078,2021년 5월 1일 08시,토요일,부산광역시 동래구 명장동,경상사고,0,0,2,0,차대차 - 측면충돌,신호위반,건조,맑음,교차로 - 교차로안,승용,여,75세,상해없음,승용,남,60세,경상
노인운전자사고,2021050100100092,2021년 5월 1일 09시,토요일,부산광역시 강서구 대저2동,경상사고,0,0,1,0,차대차 - 측면충돌,안전운전불이행,건조,맑음,교차로 - 교차로안,화물,남,65세,경상,승용,여,37세,상해없음
노인운전자사고,2021050100100169,2021년 5월 1일 12시,토요일,부산광역시 서구 남부민동,중상사고,0,1,0,0,차대사람 - 횡단중,보행자보호의무위반,건조,맑음,교차로 - 교차로횡단보도내,승용,남,76세,상해없음,보행자,여,85세,중상
노인운전자사고,2021050100100171,2021년 5월 1일 12시,토요일,부산광역시 강서구 명지동,경상사고,0,0,1,0,차대차 - 기타,안전운전불이행,건조,맑음,교차로 - 교차로안,승용,남,65세,상해없음,이륜,남,40세,경상
노인운전자사고,2021050100100352,2021년 5월 1일 17시,토요일,부산광역시 부산진구 부전동,경상사고,0,0,1,0,차대차 - 기타,기타,건조,맑음,기타 - 기타,승용,남,77세,상해없음,이륜,남,29세,경상
노인운전자사고,2021050100100353,2021년 5월 1일 17시,토요일,부산광역시 사하구 하단동,중상사고,0,4,7,1,차량단독 - 공작물충돌,안전운전불이행,건조,맑음,단일로 - 기타,승합,남,71세,상해없음,,,,
노인운전자사고,2021050100100423,2021년 5월 1일 19시,토요일,부산광역시 수영구 광안동,부상신고사고,0,0,0,1,차대차 - 측면충돌,교차로운행방법위반,건조,맑음,교차로 - 교차로안,승용,남,74세,상해없음,이륜,남,21세,부상신고
노인운전자사고,2021050100100427,2021년 5월 1일 19시,토요일,부산광역시 사상구 감전동,경상사고,0,0,1,0,차대차 - 측면충돌,안전운전불이행,건조,맑음,교차로 - 교차로안,승용,남,69세,상해없음,승용,여,22세,경상
노인운전자사고,2.02105E+15,2021년 5월 2일 15시,일요일,부산광역시 수영구 민락동,경상사고,0,0,1,0,차대차 - 측면충돌,신호위반,건조,맑음,교차로 - 교차로부근,승용,여,69세,상해없음,승용,남,74세,경상
노인운전자사고,2021050200100319,2021년 5월 2일 17시,일요일,부산광역시 영도구 대교동1가,경상사고,0,0,1,0,차대차 - 추돌,안전운전불이행,건조,맑음,단일로 - 기타,승용,남,65세,기타불명,이륜,남,50세,경상
노인운전자사고,2021050300100052,2021년 5월 3일 07시,월요일,부산광역시 연제구 연산동,부상신고사고,0,0,0,1,차대차 - 측면충돌,신호위반,건조,맑음,교차로 - 교차로안,승용,남,68세,상해없음,승용,남,60세,상해없음
노인운전자사고,2021050300100085,2021년 5월 3일 08시,월요일,부산광역시 해운대구 송정동,경상사고,0,0,1,0,차대차 - 측면충돌,신호위반,건조,맑음,교차로 - 교차로안,승용,남,72세,상해없음,승용,남,66세,경상
노인운전자사고,2021050300100156,2021년 5월 3일 10시,월요일,부산광역시 동래구 명륜동,중상사고,0,1,0,0,차대차 - 기타,신호위반,건조,맑음,교차로 - 교차로안,승용,남,67세,상해없음,승용,남,38세,중상
노인운전자사고,2021050300100194,2021년 5월 3일 11시,월요일,부산광역시 남구 감만동,경상사고,0,0,1,0,차대차 - 기타,차로위반,건조,맑음,단일로 - 기타,승용,남,66세,기타불명,자전거,남,86세,경상
노인운전자사고,2021050300100501,2021년 5월 3일 18시,월요일,부산광역시 부산진구 부전동,중상사고,0,1,0,0,차대차 - 기타,기타,건조,기타,단일로 - 기타,승용,남,65세,상해없음,이륜,남,33세,중상
노인운전자사고,2021050300100538,2021년 5월 3일 19시,월요일,부산광역시 부산진구 양정동,중상사고,0,1,0,0,차대사람 - 차도통행중,안전운전불이행,건조,기타,단일로 - 기타,승용,남,80세,상해없음,보행자,여,81세,중상
노인운전자사고,2021050300100565,2021년 5월 3일 20시,월요일,부산광역시 동래구 명륜동,중상사고,0,1,0,0,차대차 - 측면충돌,안전운전불이행,건조,맑음,단일로 - 기타,승용,남,65세,상해없음,이륜,여,21세,중상
노인운전자사고,2021050400100121,2021년 5월 4일 10시,화요일,부산광역시 해운대구 송정동,중상사고,0,1,0,0,차대차 - 기타,안전운전불이행,건조,맑음,교차로 - 교차로부근,승용,여,66세,중상,승용,남,63세,상해없음
노인운전자사고,2021050400100329,2021년 5월 4일 16시,화요일,부산광역시 금정구 금사동,경상사고,0,0,1,0,차대차 - 측면충돌,안전거리미확보,건조,맑음,단일로 - 기타,화물,남,66세,상해없음,승용,남,39세,경상
노인운전자사고,2021050400100591,2021년 5월 4일 21시,화요일,부산광역시 서구 동대신동2가,중상사고,0,1,0,0,차대사람 - 기타,안전운전불이행,젖음/습기,비,단일로 - 기타,승용,남,68세,상해없음,보행자,남,47세,중상
노인운전자사고,2021050500100001,2021년 5월 5일 00시,수요일,부산광역시 동구 초량동,중상사고,0,1,0,0,차대차 - 측면충돌,기타,젖음/습기,비,단일로 - 기타,승용,남,65세,상해없음,이륜,남,33세,중상
노인운전자사고,2021050500100069,2021년 5월 5일 08시,수요일,부산광역시 사하구 다대동,경상사고,0,0,1,0,차대차 - 기타,안전운전불이행,건조,맑음,교차로 - 교차로횡단보도내,승용,남,76세,상해없음,승용,남,37세,경상
노인운전자사고,2021050500100471,2021년 5월 5일 19시,수요일,부산광역시 동래구 온천동,중상사고,0,1,0,0,차대차 - 측면충돌,교차로운행방법위반,건조,맑음,교차로 - 교차로안,승용,남,81세,상해없음,승용,남,73세,중상
노인운전자사고,2021050600100028,2021년 5월 6일 06시,목요일,부산광역시 서구 암남동,경상사고,0,0,1,0,차대차 - 측면충돌,교차로운행방법위반,건조,맑음,교차로 - 교차로안,승용,여,79세,상해없음,승용,남,66세,경상
노인운전자사고,2.02105E+15,2021년 5월 6일 06시,목요일,부산광역시 강서구 대저1동,중상사고,0,3,2,0,차대차 - 기타,기타,건조,맑음,단일로 - 기타,승용,남,69세,중상,승용,남,31세,중상
노인운전자사고,2021050600100031,2021년 5월 6일 06시,목요일,부산광역시 강서구 대저1동,중상사고,0,1,0,0,차대차 - 기타,안전운전불이행,건조,맑음,단일로 - 기타,승합,남,69세,상해없음,승합,남,67세,상해없음
노인운전자사고,2021050600100104,2021년 5월 6일 09시,목요일,부산광역시 서구 아미동1가,중상사고,0,1,0,0,차대사람 - 기타,기타,건조,맑음,단일로 - 기타,승용,남,74세,상해없음,보행자,여,72세,중상
노인운전자사고,2021050600100105,2021년 5월 6일 09시,목요일,부산광역시 강서구 녹산동,경상사고,0,0,1,0,차대차 - 추돌,안전운전불이행,건조,맑음,단일로 - 기타,화물,남,66세,상해없음,승용,여,53세,경상
노인운전자사고,2021050600100206,2021년 5월 6일 12시,목요일,부산광역시 남구 대연동,경상사고,0,0,1,0,차대차 - 측면충돌,안전운전불이행,건조,맑음,교차로 - 교차로부근,승용,남,69세,상해없음,승용,여,69세,경상
노인운전자사고,2021050600100458,2021년 5월 6일 19시,목요일,부산광역시 영도구 봉래동4가,경상사고,0,0,1,0,차량단독 - 기타,안전운전불이행,건조,맑음,단일로 - 기타,승용,남,67세,상해없음,,,,
노인운전자사고,2021050600100563,2021년 5월 6일 23시,목요일,부산광역시 강서구 명지동,중상사고,0,1,1,0,차대차 - 추돌,안전운전불이행,건조,맑음,교차로 - 교차로부근,화물,남,66세,상해없음,승용,남,40세,중상
노인운전자사고,2021050700100108,2021년 5월 7일 09시,금요일,부산광역시 사하구 괴정동,경상사고,0,0,1,0,차대사람 - 기타,기타,건조,맑음,단일로 - 기타,승용,여,79세,상해없음,보행자,여,35세,경상
노인운전자사고,2021050700100137,2021년 5월 7일 10시,금요일,부산광역시 부산진구 양정동,경상사고,0,0,3,0,차대차 - 측면충돌,신호위반,건조,맑음,단일로 - 기타,승용,남,66세,상해없음,승합,남,46세,상해없음
노인운전자사고,2021050700100139,2021년 5월 7일 10시,금요일,부산광역시 사하구 하단동,중상사고,0,1,0,0,차대사람 - 보도통행중,기타,건조,맑음,단일로 - 기타,승용,남,66세,상해없음,보행자,여,73세,중상
노인운전자사고,2.02105E+15,2021년 5월 7일 11시,금요일,부산광역시 사상구 덕포동,경상사고,0,0,1,0,차대차 - 측면충돌,안전거리미확보,건조,맑음,단일로 - 지하차도(도로)내,승용,남,68세,경상,승용,남,50세,상해없음
노인운전자사고,2021050700100193,2021년 5월 7일 12시,금요일,부산광역시 동래구 안락동,경상사고,0,0,1,0,차대차 - 측면충돌,교차로운행방법위반,건조,맑음,교차로 - 교차로안,승용,남,73세,상해없음,승용,남,39세,상해없음
노인운전자사고,2021050700100311,2021년 5월 7일 15시,금요일,부산광역시 해운대구 송정동,경상사고,0,0,2,0,차대차 - 측면충돌,안전거리미확보,건조,맑음,단일로 - 기타,승용,남,79세,상해없음,화물,여,45세,경상
노인운전자사고,2021050700100349,2021년 5월 7일 16시,금요일,부산광역시 기장군 장안읍,경상사고,0,0,1,0,차대차 - 측면충돌,안전운전불이행,건조,맑음,교차로 - 교차로안,승합,남,72세,상해없음,승용,여,50세,경상
노인운전자사고,2.02105E+15,2021년 5월 8일 08시,토요일,부산광역시 금정구 회동동,경상사고,0,0,1,0,차대차 - 측면충돌,신호위반,건조,맑음,교차로 - 교차로안,화물,남,68세,상해없음,승용,남,66세,경상
노인운전자사고,2021050800100386,2021년 5월 8일 16시,토요일,부산광역시 해운대구 반여동,경상사고,0,0,2,0,차대차 - 추돌,안전운전불이행,건조,맑음,단일로 - 기타,승용,남,70세,상해없음,승용,여,44세,경상
노인운전자사고,2021050800100387,2021년 5월 8일 16시,토요일,부산광역시 금정구 구서동,경상사고,0,0,1,0,차대사람 - 기타,안전운전불이행,건조,맑음,단일로 - 기타,이륜,남,80세,상해없음,보행자,여,68세,경상
노인운전자사고,2021050900100053,2021년 5월 9일 08시,일요일,부산광역시 기장군 정관읍,경상사고,0,0,2,0,차대차 - 추돌,신호위반,건조,맑음,교차로 - 교차로안,승용,남,73세,경상,승용,남,30세,경상
노인운전자사고,2.02105E+15,2021년 5월 9일 11시,일요일,부산광역시 수영구 남천동,경상사고,0,0,1,0,차대차 - 측면충돌,안전운전불이행,건조,맑음,교차로 - 교차로안,승용,남,80세,상해없음,승용,남,62세,경상
노인운전자사고,2021050900100294,2021년 5월 9일 16시,일요일,부산광역시 남구 대연동,경상사고,0,0,1,0,차대차 - 기타,신호위반,건조,맑음,단일로 - 기타,승용,남,69세,상해없음,승용,남,23세,경상
노인운전자사고,2021050900100445,2021년 5월 9일 20시,일요일,부산광역시 사하구 구평동,경상사고,0,0,1,0,차대차 - 측면충돌,안전거리미확보,건조,흐림,교차로 - 교차로안,승용,남,75세,상해없음,승용,여,33세,경상
노인운전자사고,2021051000100014,2021년 5월 10일 05시,월요일,부산광역시 해운대구 우동,중상사고,0,1,0,0,차대차 - 측면충돌,신호위반,건조,맑음,교차로 - 교차로부근,승용,남,74세,상해없음,이륜,남,20세,중상
노인운전자사고,2021051000100329,2021년 5월 10일 16시,월요일,부산광역시 서구 충무동1가,경상사고,0,0,1,0,차대차 - 측면충돌,안전운전불이행,건조,맑음,교차로 - 교차로안,승용,남,76세,상해없음,화물,남,30세,경상
노인운전자사고,2021051000100435,2021년 5월 10일 19시,월요일,부산광역시 영도구 영선동1가,경상사고,0,0,1,1,차대차 - 기타,불법유턴,건조,맑음,단일로 - 기타,이륜,남,69세,부상신고,이륜,남,61세,경상
노인운전자사고,2021051000100475,2021년 5월 10일 20시,월요일,부산광역시 영도구 영선동2가,경상사고,0,0,2,1,차대차 - 기타,신호위반,건조,맑음,단일로 - 기타,승용,남,72세,부상신고,승용,남,23세,경상
노인운전자사고,2021051000100476,2021년 5월 10일 20시,월요일,부산광역시 해운대구 반여동,경상사고,0,0,1,0,차대사람 - 횡단중,보행자보호의무위반,건조,맑음,교차로 - 교차로횡단보도내,승용,남,70세,상해없음,보행자,남,7세,경상
노인운전자사고,2021051100100145,2021년 5월 11일 09시,화요일,부산광역시 중구 중앙동5가,부상신고사고,0,0,0,1,차대차 - 측면충돌,안전운전불이행,건조,맑음,교차로 - 교차로부근,화물,남,68세,부상신고,승합,남,60세,상해없음
노인운전자사고,2021051100100182,2021년 5월 11일 10시,화요일,부산광역시 동래구 안락동,경상사고,0,0,1,0,차대차 - 측면충돌,안전거리미확보,건조,맑음,단일로 - 기타,승용,남,68세,상해없음,승용,남,51세,경상
노인운전자사고,2021051100100366,2021년 5월 11일 15시,화요일,부산광역시 수영구 남천동,경상사고,0,0,1,0,차대사람 - 횡단중,기타,건조,맑음,교차로 - 교차로안,승용,남,66세,상해없음,보행자,남,9세,경상
노인운전자사고,2021051100100486,2021년 5월 11일 18시,화요일,부산광역시 수영구 광안동,중상사고,0,1,0,0,차대차 - 기타,안전운전불이행,건조,맑음,교차로 - 교차로안,승합,남,65세,상해없음,자전거,남,73세,중상
노인운전자사고,2021051100100602,2021년 5월 11일 21시,화요일,부산광역시 남구 용호동,중상사고,0,1,0,0,차대사람 - 기타,안전운전불이행,건조,맑음,교차로 - 교차로안,승합,남,67세,상해없음,보행자,남,75세,중상
노인운전자사고,2021051100100624,2021년 5월 11일 22시,화요일,부산광역시 사하구 장림동,중상사고,0,1,0,0,차대차 - 측면충돌,신호위반,건조,맑음,교차로 - 교차로안,승용,남,65세,상해없음,이륜,남,54세,중상
노인운전자사고,2021051200100045,2021년 5월 12일 07시,수요일,부산광역시 금정구 서동,중상사고,0,1,0,0,차대사람 - 기타,안전운전불이행,건조,맑음,단일로 - 기타,화물,남,66세,상해없음,보행자,여,75세,중상
노인운전자사고,2021051200100068,2021년 5월 12일 08시,수요일,부산광역시 서구 충무동1가,경상사고,0,0,1,0,차대차 - 측면충돌,교차로운행방법위반,건조,맑음,교차로 - 교차로안,화물,남,71세,상해없음,승용,남,33세,경상
노인운전자사고,2021051200100112,2021년 5월 12일 09시,수요일,부산광역시 사하구 하단동,중상사고,0,1,0,0,차대사람 - 횡단중,안전운전불이행,건조,맑음,단일로 - 기타,승용,남,75세,상해없음,보행자,여,73세,중상
노인운전자사고,2021051200100177,2021년 5월 12일 11시,수요일,부산광역시 부산진구 가야동,중상사고,0,1,0,0,차대차 - 기타,신호위반,건조,맑음,교차로 - 교차로안,승용,남,66세,상해없음,승용,여,48세,중상
노인운전자사고,2021051200100277,2021년 5월 12일 14시,수요일,부산광역시 해운대구 반여동,경상사고,0,0,1,0,차대사람 - 횡단중,안전운전불이행,건조,맑음,교차로 - 교차로부근,승용,남,74세,상해없음,보행자,남,29세,경상
노인운전자사고,2.02105E+15,2021년 5월 12일 14시,수요일,부산광역시 연제구 연산동,중상사고,0,1,0,0,차대사람 - 횡단중,보행자보호의무위반,건조,맑음,교차로 - 교차로안,건설기계,남,70세,상해없음,보행자,남,75세,중상
노인운전자사고,2021051200100352,2021년 5월 12일 16시,수요일,부산광역시 부산진구 부암동,경상사고,0,0,2,0,차대차 - 측면충돌,안전거리미확보,건조,맑음,단일로 - 기타,승용,여,77세,상해없음,승용,남,22세,경상
노인운전자사고,2021051200100353,2021년 5월 12일 16시,수요일,부산광역시 금정구 서동,중상사고,0,1,0,0,차대사람 - 횡단중,보행자보호의무위반,건조,맑음,단일로 - 기타,승용,남,70세,상해없음,보행자,여,78세,중상
노인운전자사고,2021051200100354,2021년 5월 12일 16시,수요일,부산광역시 금정구 구서동,경상사고,0,0,1,0,차대차 - 측면충돌,교차로운행방법위반,건조,맑음,교차로 - 교차로안,원동기,남,68세,경상,승용,남,46세,상해없음
노인운전자사고,2021051200100411,2021년 5월 12일 17시,수요일,부산광역시 사상구 감전동,경상사고,0,0,1,0,차대사람 - 기타,안전운전불이행,건조,맑음,단일로 - 기타,승용,남,75세,기타불명,보행자,여,73세,경상
노인운전자사고,2021051200100562,2021년 5월 12일 21시,수요일,부산광역시 동구 초량동,경상사고,0,0,1,0,차대차 - 측면충돌,교차로운행방법위반,건조,맑음,교차로 - 교차로안,승용,여,66세,상해없음,화물,남,47세,경상
노인운전자사고,2021051300100161,2021년 5월 13일 10시,목요일,부산광역시 강서구 명지동,경상사고,0,0,1,0,차대차 - 측면충돌,안전거리미확보,건조,맑음,교차로 - 교차로안,승용,남,66세,상해없음,화물,남,64세,경상
노인운전자사고,2021051300100218,2021년 5월 13일 12시,목요일,부산광역시 남구 용당동,경상사고,0,0,2,0,차대차 - 측면충돌,기타,건조,맑음,교차로 - 교차로안,건설기계,남,68세,상해없음,승용,남,31세,경상
노인운전자사고,2021051300100251,2021년 5월 13일 13시,목요일,부산광역시 남구 대연동,경상사고,0,0,1,0,차대차 - 기타,안전거리미확보,건조,맑음,단일로 - 기타,승용,남,67세,상해없음,승용,남,33세,경상
노인운전자사고,2021051300100291,2021년 5월 13일 14시,목요일,부산광역시 수영구 광안동,중상사고,0,1,0,0,차대차 - 측면충돌,안전운전불이행,젖음/습기,맑음,단일로 - 기타,승용,남,68세,상해없음,원동기,남,37세,중상