사고부문,사고번호,사고일시,요일,시군구,사고내용,사망자수,중상자수,경상자수,부상신고자수,사고유형,법규위반,노면상태,기상상태,도로형태,가해운전자 차종,가해운전자 성별,가해운전자 연령,가해운전자 상해정도,피해운전자 차종,피해운전자 성별,피해운전자 연령,피해운전자 상해정도
노인운전자사고,2021060700100344,2021년 6월 7일 16시,월요일,부산광역시 동래구 낙민동,경상사고,0,0,4,1,차대차 - 측면충돌,신호위반,건조,맑음,단일로 - 기타,승용,남,68세,상해없음,승합,남,40세,상해없음
노인운전자사고,2021060700100397,2021년 6월 7일 17시,월요일,부산광역시 영도구 대교동1가,경상사고,0,0,1,0,차대차 - 기타,신호위반,건조,맑음,교차로 - 교차로부근,승용,남,69세,상해없음,승용,여,34세,경상
노인운전자사고,2021060700100451,2021년 6월 7일 18시,월요일,부산광역시 동래구 안락동,경상사고,0,0,1,0,차대사람 - 길가장자리구역통행중,안전운전불이행,건조,맑음,교차로 - 교차로부근,승용,남,74세,상해없음,보행자,남,40세,경상
노인운전자사고,2021060700100499,2021년 6월 7일 19시,월요일,부산광역시 북구 덕천동,경상사고,0,0,3,0,차대차 - 후진중충돌,안전운전불이행,건조,맑음,교차로 - 교차로부근,승용,남,67세,상해없음,승용,남,34세,경상
노인운전자사고,2021060800100183,2021년 6월 8일 11시,화요일,부산광역시 부산진구 부암동,경상사고,0,0,1,0,차대차 - 측면충돌,안전운전불이행,건조,맑음,단일로 - 기타,건설기계,남,67세,상해없음,승용,남,29세,경상
노인운전자사고,2021060800100254,2021년 6월 8일 13시,화요일,부산광역시 기장군 정관읍,경상사고,0,0,1,0,차대차 - 기타,안전운전불이행,건조,맑음,교차로 - 교차로안,승용,남,76세,상해없음,자전거,남,10세,경상
노인운전자사고,2.02106E+15,2021년 6월 8일 19시,화요일,부산광역시 동래구 온천동,경상사고,0,0,1,0,차대차 - 기타,신호위반,건조,맑음,교차로 - 교차로안,승용,남,69세,상해없음,이륜,남,39세,경상
노인운전자사고,2021060800100512,2021년 6월 8일 20시,화요일,부산광역시 강서구 녹산동,경상사고,0,0,2,0,차대차 - 측면충돌,안전거리미확보,건조,맑음,교차로 - 교차로부근,승합,남,66세,상해없음,승용,여,46세,경상
노인운전자사고,2.02106E+15,2021년 6월 9일 07시,수요일,부산광역시 남구 용호동,경상사고,0,0,1,0,차대차 - 기타,중앙선침범,건조,맑음,단일로 - 기타,승용,남,69세,상해없음,승용,남,49세,경상
노인운전자사고,2.02106E+15,2021년 6월 9일 10시,수요일,부산광역시 영도구 청학동,경상사고,0,0,1,0,차대사람 - 기타,안전운전불이행,건조,맑음,단일로 - 기타,승용,남,70세,상해없음,보행자,남,84세,경상
노인운전자사고,2021060900100239,2021년 6월 9일 13시,수요일,부산광역시 동래구 낙민동,경상사고,0,0,1,0,차대차 - 기타,교차로운행방법위반,건조,맑음,교차로 - 교차로안,화물,남,77세,상해없음,이륜,남,44세,경상
노인운전자사고,2021060900100241,2021년 6월 9일 13시,수요일,부산광역시 사하구 감천동,부상신고사고,0,0,0,1,차대차 - 추돌,안전거리미확보,건조,맑음,단일로 - 기타,화물,남,78세,상해없음,원동기,남,17세,부상신고
노인운전자사고,2021060900100353,2021년 6월 9일 16시,수요일,부산광역시 동래구 낙민동,중상사고,0,1,0,0,차대사람 - 횡단중,보행자보호의무위반,건조,맑음,단일로 - 기타,화물,남,65세,상해없음,보행자,여,52세,중상
노인운전자사고,2021061000100014,2021년 6월 10일 02시,목요일,부산광역시 연제구 연산동,경상사고,0,0,2,0,차대차 - 기타,신호위반,건조,맑음,교차로 - 교차로안,승용,남,67세,상해없음,승용,남,34세,경상
노인운전자사고,2021061000100052,2021년 6월 10일 07시,목요일,부산광역시 해운대구 재송동,경상사고,0,0,1,0,차대사람 - 횡단중,신호위반,건조,맑음,교차로 - 교차로횡단보도내,승합,남,78세,상해없음,보행자,여,49세,경상
노인운전자사고,2021061000100053,2021년 6월 10일 07시,목요일,부산광역시 부산진구 부암동,경상사고,0,0,2,0,차대차 - 측면충돌,안전거리미확보,건조,맑음,단일로 - 기타,승용,남,70세,경상,승용,남,57세,상해없음
노인운전자사고,2021061000100054,2021년 6월 10일 07시,목요일,부산광역시 금정구 부곡동,경상사고,0,0,1,0,차대사람 - 횡단중,안전운전불이행,건조,맑음,기타 - 기타,승용,남,68세,상해없음,보행자,여,21세,경상
노인운전자사고,2.02106E+15,2021년 6월 10일 10시,목요일,부산광역시 부산진구 전포동,경상사고,0,0,1,0,차대사람 - 기타,안전운전불이행,건조,맑음,기타 - 기타,승용,남,69세,상해없음,보행자,남,26세,경상
노인운전자사고,2021061000100375,2021년 6월 10일 16시,목요일,부산광역시 서구 동대신동3가,중상사고,0,1,0,0,차대차 - 측면충돌,교차로운행방법위반,건조,맑음,교차로 - 교차로안,승용,남,68세,상해없음,자전거,남,54세,중상
노인운전자사고,2021061000100537,2021년 6월 10일 20시,목요일,부산광역시 사하구 장림동,경상사고,0,0,2,0,차대차 - 추돌,안전거리미확보,건조,기타,교차로 - 교차로안,승용,남,67세,상해없음,승용,남,25세,경상
노인운전자사고,2021061100100083,2021년 6월 11일 08시,금요일,부산광역시 서구 암남동,경상사고,0,0,1,0,차대차 - 추돌,안전운전불이행,젖음/습기,비,단일로 - 기타,화물,남,77세,상해없음,승용,여,50세,경상
노인운전자사고,2021061100100128,2021년 6월 11일 09시,금요일,부산광역시 영도구 봉래동5가,부상신고사고,0,0,0,1,차대차 - 정면충돌,교차로운행방법위반,젖음/습기,비,교차로 - 교차로안,승용,남,76세,상해없음,이륜,남,37세,부상신고
노인운전자사고,2021061100100152,2021년 6월 11일 10시,금요일,부산광역시 동구 범일동,경상사고,0,0,1,0,차대차 - 측면충돌,교차로운행방법위반,젖음/습기,비,교차로 - 교차로안,승용,남,77세,상해없음,승용,남,49세,경상
노인운전자사고,2021061100100153,2021년 6월 11일 10시,금요일,부산광역시 부산진구 범전동,경상사고,0,0,1,0,차대차 - 측면충돌,안전거리미확보,젖음/습기,비,교차로 - 교차로안,승용,남,76세,상해없음,화물,남,70세,상해없음
노인운전자사고,2021061100100214,2021년 6월 11일 12시,금요일,부산광역시 강서구 대저2동,중상사고,0,1,1,1,차대차 - 추돌,안전운전불이행,젖음/습기,비,교차로 - 교차로부근,승용,남,71세,상해없음,승용,남,36세,상해없음
노인운전자사고,2021061100100323,2021년 6월 11일 15시,금요일,부산광역시 사하구 감천동,경상사고,0,0,1,0,차대사람 - 길가장자리구역통행중,안전운전불이행,젖음/습기,비,단일로 - 기타,승용,남,91세,상해없음,보행자,여,11세,경상
노인운전자사고,2021061100100325,2021년 6월 11일 15시,금요일,부산광역시 사상구 괘법동,경상사고,0,0,1,0,차대차 - 추돌,안전운전불이행,젖음/습기,맑음,단일로 - 기타,승용,남,69세,상해없음,승용,남,41세,경상
노인운전자사고,2021061100100495,2021년 6월 11일 19시,금요일,부산광역시 서구 부민동1가,경상사고,0,0,2,0,차대차 - 측면충돌,안전거리미확보,젖음/습기,비,교차로 - 교차로부근,승용,남,70세,상해없음,승용,남,57세,경상
노인운전자사고,2021061200100064,2021년 6월 12일 08시,토요일,부산광역시 동래구 사직동,중상사고,0,1,0,0,차대차 - 정면충돌,중앙선침범,젖음/습기,비,교차로 - 교차로부근,승용,남,71세,상해없음,승용,남,30세,중상
노인운전자사고,2021061200100135,2021년 6월 12일 10시,토요일,부산광역시 영도구 동삼동,경상사고,0,0,3,0,차대차 - 측면충돌,중앙선침범,젖음/습기,비,단일로 - 기타,승용,남,72세,상해없음,승용,여,44세,경상
노인운전자사고,2021061200100384,2021년 6월 12일 16시,토요일,부산광역시 남구 대연동,경상사고,0,0,1,0,차대차 - 측면충돌,안전운전불이행,젖음/습기,맑음,기타 - 기타,승용,여,67세,상해없음,승용,남,25세,경상
노인운전자사고,2021061200100508,2021년 6월 12일 19시,토요일,부산광역시 연제구 연산동,경상사고,0,0,2,0,차대차 - 측면충돌,안전운전불이행,젖음/습기,비,교차로 - 교차로부근,승용,남,72세,상해없음,승용,여,40세,경상
노인운전자사고,2021061200100588,2021년 6월 12일 22시,토요일,부산광역시 동구 좌천동,경상사고,0,0,1,0,차대차 - 추돌,안전거리미확보,건조,맑음,단일로 - 고가도로위,승용,남,68세,상해없음,승용,남,67세,경상
노인운전자사고,2021061300100128,2021년 6월 13일 12시,일요일,부산광역시 수영구 민락동,경상사고,0,0,1,0,차대차 - 기타,중앙선침범,건조,맑음,교차로 - 교차로안,승용,남,74세,상해없음,이륜,남,33세,경상
노인운전자사고,2021061300100315,2021년 6월 13일 17시,일요일,부산광역시 동래구 온천동,경상사고,0,0,1,0,차대사람 - 기타,안전운전불이행,건조,맑음,단일로 - 기타,화물,남,76세,상해없음,보행자,여,11세,경상
노인운전자사고,2021061300100348,2021년 6월 13일 18시,일요일,부산광역시 금정구 부곡동,경상사고,0,0,2,0,차대차 - 측면충돌,신호위반,건조,맑음,단일로 - 기타,승용,남,67세,상해없음,승용,남,30세,경상
노인운전자사고,2021061400100187,2021년 6월 14일 11시,월요일,부산광역시 동구 수정동,경상사고,0,0,1,0,차대사람 - 길가장자리구역통행중,안전운전불이행,건조,맑음,단일로 - 기타,승용,남,69세,상해없음,보행자,여,25세,경상
노인운전자사고,2021061400100228,2021년 6월 14일 12시,월요일,부산광역시 사하구 다대동,경상사고,0,0,1,0,차대차 - 기타,안전운전불이행,건조,맑음,교차로 - 교차로안,이륜,남,82세,경상,승용,남,59세,상해없음
노인운전자사고,2021061400100343,2021년 6월 14일 15시,월요일,부산광역시 동래구 사직동,경상사고,0,0,1,0,차대차 - 측면충돌,신호위반,건조,맑음,교차로 - 교차로안,승용,남,72세,상해없음,승용,여,42세,경상
노인운전자사고,2021061400100464,2021년 6월 14일 18시,월요일,부산광역시 강서구 신호동,경상사고,0,0,1,0,차대차 - 기타,중앙선침범,건조,맑음,교차로 - 교차로부근,승용,남,68세,상해없음,승용,남,45세,상해없음
노인운전자사고,2021061500100066,2021년 6월 15일 08시,화요일,부산광역시 금정구 부곡동,경상사고,0,0,1,0,차대차 - 측면충돌,안전운전불이행,건조,맑음,단일로 - 기타,승용,남,65세,상해없음,화물,남,42세,경상
노인운전자사고,2021061500100273,2021년 6월 15일 14시,화요일,부산광역시 북구 금곡동,경상사고,0,0,2,0,차대차 - 추돌,안전운전불이행,젖음/습기,비,교차로 - 교차로부근,승용,남,67세,상해없음,승용,여,44세,경상
노인운전자사고,2021061500100313,2021년 6월 15일 15시,화요일,부산광역시 동구 초량동,중상사고,0,1,0,0,차대차 - 측면충돌,교차로운행방법위반,젖음/습기,비,교차로 - 교차로안,승용,남,68세,상해없음,이륜,남,30세,중상
노인운전자사고,2021061500100387,2021년 6월 15일 17시,화요일,부산광역시 사하구 장림동,경상사고,0,0,1,0,차대차 - 추돌,안전거리미확보,젖음/습기,비,교차로 - 교차로안,승용,남,70세,상해없음,이륜,남,47세,경상
노인운전자사고,2021061500100428,2021년 6월 15일 18시,화요일,부산광역시 수영구 광안동,경상사고,0,0,1,0,차대차 - 기타,기타,젖음/습기,비,단일로 - 기타,승용,남,68세,상해없음,이륜,남,21세,경상
노인운전자사고,2021061600100026,2021년 6월 16일 04시,수요일,부산광역시 서구 동대신동2가,경상사고,0,0,1,0,차대차 - 추돌,안전운전불이행,젖음/습기,흐림,단일로 - 기타,화물,남,71세,기타불명,승용,남,66세,경상
노인운전자사고,2021061700100055,2021년 6월 17일 07시,목요일,부산광역시 사하구 장림동,경상사고,0,0,1,0,차대차 - 측면충돌,중앙선침범,건조,맑음,기타 - 기타,이륜,남,79세,기타불명,승용,여,54세,경상
노인운전자사고,2021061700100172,2021년 6월 17일 11시,목요일,부산광역시 금정구 장전동,중상사고,0,1,0,0,차대차 - 측면충돌,중앙선침범,건조,흐림,단일로 - 기타,승합,남,69세,상해없음,자전거,남,26세,중상
노인운전자사고,2021061700100208,2021년 6월 17일 12시,목요일,부산광역시 수영구 민락동,경상사고,0,0,1,0,차대차 - 기타,안전거리미확보,건조,맑음,단일로 - 기타,승용,남,69세,상해없음,승용,남,42세,경상
노인운전자사고,2.02106E+15,2021년 6월 17일 12시,목요일,부산광역시 금정구 서동,부상신고사고,0,0,0,1,차대차 - 기타,안전운전불이행,건조,흐림,단일로 - 기타,이륜,남,67세,부상신고,화물,남,64세,기타불명
노인운전자사고,2021061700100246,2021년 6월 17일 13시,목요일,부산광역시 해운대구 좌동,중상사고,0,1,0,0,차대차 - 기타,기타,건조,흐림,교차로 - 교차로안,승용,남,68세,상해없음,승용,남,53세,중상
노인운전자사고,2021061700100278,2021년 6월 17일 14시,목요일,부산광역시 강서구 대저2동,경상사고,0,0,1,0,차대차 - 추돌,안전운전불이행,건조,맑음,단일로 - 기타,승용,남,70세,상해없음,승용,남,60세,경상
노인운전자사고,2021061700100308,2021년 6월 17일 15시,목요일,부산광역시 해운대구 우동,경상사고,0,0,2,0,차대차 - 측면충돌,안전운전불이행,건조,흐림,교차로 - 교차로안,승용,남,72세,상해없음,승용,여,29세,경상
노인운전자사고,2021061800100095,2021년 6월 18일 09시,금요일,부산광역시 부산진구 개금동,중상사고,0,3,2,0,차대차 - 기타,신호위반,건조,맑음,교차로 - 교차로부근,승용,남,70세,상해없음,승용,남,71세,경상
노인운전자사고,2021061800100162,2021년 6월 18일 11시,금요일,부산광역시 부산진구 개금동,경상사고,0,0,1,0,차대사람 - 기타,안전운전불이행,건조,맑음,단일로 - 기타,승용,여,67세,상해없음,보행자,남,49세,경상
노인운전자사고,2021061800100192,2021년 6월 18일 12시,금요일,부산광역시 부산진구 가야동,경상사고,0,0,1,0,차대차 - 기타,안전운전불이행,건조,맑음,교차로 - 교차로부근,승용,남,68세,상해없음,이륜,남,33세,경상
노인운전자사고,2021061800100351,2021년 6월 18일 17시,금요일,부산광역시 부산진구 초읍동,경상사고,0,0,2,0,차대차 - 측면충돌,안전거리미확보,젖음/습기,비,교차로 - 교차로안,승용,남,71세,상해없음,승용,남,21세,경상
노인운전자사고,2021061800100452,2021년 6월 18일 19시,금요일,부산광역시 강서구 봉림동,경상사고,0,0,1,0,차대차 - 기타,안전운전불이행,건조,맑음,단일로 - 기타,승용,남,67세,상해없음,승용,남,70세,경상
노인운전자사고,2021061800100481,2021년 6월 18일 20시,금요일,부산광역시 동구 범일동,경상사고,0,0,1,0,차대차 - 추돌,안전거리미확보,건조,맑음,단일로 - 기타,승용,남,65세,상해없음,승용,남,70세,경상
노인운전자사고,2.02106E+15,2021년 6월 18일 21시,금요일,부산광역시 기장군 정관읍,경상사고,0,0,1,0,차대차 - 추돌,안전거리미확보,건조,맑음,교차로 - 교차로부근,승용,남,72세,상해없음,승용,남,33세,경상
노인운전자사고,2021061800100545,2021년 6월 18일 22시,금요일,부산광역시 사상구 괘법동,경상사고,0,0,1,0,차대차 - 추돌,안전운전불이행,건조,맑음,교차로 - 교차로부근,승용,남,65세,상해없음,승용,남,66세,경상
노인운전자사고,2021061900100052,2021년 6월 19일 05시,토요일,부산광역시 사상구 모라동,중상사고,0,1,0,0,차대차 - 측면충돌,신호위반,건조,맑음,교차로 - 교차로안,승용,남,71세,상해없음,원동기,남,22세,중상
노인운전자사고,2021061900100086,2021년 6월 19일 08시,토요일,부산광역시 남구 대연동,경상사고,0,0,1,0,차대차 - 기타,차로위반,건조,맑음,교차로 - 교차로안,승용,남,76세,상해없음,승용,남,50세,경상
노인운전자사고,2.02106E+15,2021년 6월 19일 11시,토요일,부산광역시 해운대구 좌동,경상사고,0,0,2,0,차대차 - 측면충돌,안전거리미확보,건조,맑음,단일로 - 기타,승용,남,69세,상해없음,승용,남,61세,경상
노인운전자사고,2021061900100488,2021년 6월 19일 18시,토요일,부산광역시 동래구 복천동,경상사고,0,0,1,0,차대차 - 측면충돌,신호위반,건조,맑음,교차로 - 교차로안,승용,여,67세,상해없음,이륜,남,29세,경상
노인운전자사고,2.02106E+15,2021년 6월 19일 22시,토요일,부산광역시 수영구 광안동,부상신고사고,0,0,0,1,차대차 - 기타,안전운전불이행,건조,맑음,단일로 - 기타,승용,남,67세,상해없음,자전거,남,21세,부상신고
노인운전자사고,2021062000100169,2021년 6월 20일 13시,일요일,부산광역시 부산진구 범천동,경상사고,0,0,1,0,차대차 - 측면충돌,안전운전불이행,건조,맑음,기타 - 기타,승합,남,75세,기타불명,이륜,남,25세,경상
노인운전자사고,2021062000100422,2021년 6월 20일 20시,일요일,부산광역시 금정구 회동동,경상사고,0,0,2,0,차대차 - 측면충돌,안전거리미확보,건조,맑음,단일로 - 기타,승용,남,70세,상해없음,승용,남,41세,경상
노인운전자사고,2021062100100126,2021년 6월 21일 09시,월요일,부산광역시 동구 범일동,경상사고,0,0,1,0,차대차 - 측면충돌,차로위반,건조,맑음,단일로 - 기타,화물,남,68세,상해없음,승용,여,61세,경상
노인운전자사고,2021062100100162,2021년 6월 21일 10시,월요일,부산광역시 사상구 학장동,경상사고,0,0,1,0,차대차 - 추돌,안전거리미확보,건조,맑음,교차로 - 교차로부근,승용,남,77세,상해없음,이륜,남,34세,경상
노인운전자사고,2021062100100199,2021년 6월 21일 11시,월요일,부산광역시 금정구 부곡동,부상신고사고,0,0,0,1,차대차 - 기타,안전운전불이행,건조,맑음,기타 - 기타,승용,남,74세,상해없음,승용,남,65세,부상신고
노인운전자사고,2021062100100235,2021년 6월 21일 12시,월요일,부산광역시 동래구 명륜동,경상사고,0,0,1,0,차대사람 - 기타,안전운전불이행,건조,맑음,단일로 - 기타,승용,남,65세,상해없음,보행자,남,36세,경상
노인운전자사고,2.02106E+15,2021년 6월 21일 13시,월요일,부산광역시 연제구 거제동,경상사고,0,0,2,0,차대차 - 추돌,안전거리미확보,건조,맑음,교차로 - 교차로부근,승용,남,65세,상해없음,승용,여,29세,경상
노인운전자사고,2021062100100294,2021년 6월 21일 14시,월요일,부산광역시 동래구 명륜동,부상신고사고,0,0,0,2,차량단독 - 기타,안전운전불이행,건조,맑음,교차로 - 교차로안,승용,남,67세,상해없음,,,,
노인운전자사고,2021062100100391,2021년 6월 21일 16시,월요일,부산광역시 사하구 괴정동,경상사고,0,0,1,0,차대사람 - 기타,안전운전불이행,건조,맑음,단일로 - 기타,화물,남,72세,상해없음,보행자,여,35세,경상
노인운전자사고,2021062200100023,2021년 6월 22일 04시,화요일,부산광역시 해운대구 중동,경상사고,0,0,1,0,차대차 - 측면충돌,안전운전불이행,건조,맑음,단일로 - 기타,자전거,여,65세,경상,승용,남,54세,상해없음
노인운전자사고,2021062200100077,2021년 6월 22일 08시,화요일,부산광역시 남구 문현동,경상사고,0,0,1,0,차대차 - 추돌,안전운전불이행,건조,맑음,단일로 - 기타,승용,남,71세,상해없음,승용,남,43세,경상
노인운전자사고,2021062200100078,2021년 6월 22일 08시,화요일,부산광역시 동래구 온천동,경상사고,0,0,1,0,차대차 - 측면충돌,안전운전불이행,건조,맑음,단일로 - 기타,승용,여,67세,상해없음,승용,여,60세,경상
노인운전자사고,2021062200100122,2021년 6월 22일 09시,화요일,부산광역시 사상구 학장동,경상사고,0,0,2,0,차대차 - 기타,안전운전불이행,건조,맑음,단일로 - 기타,승용,남,66세,상해없음,승용,남,64세,경상
노인운전자사고,2021062200100186,2021년 6월 22일 11시,화요일,부산광역시 부산진구 부암동,사망사고,1,0,0,0,차대사람 - 차도통행중,안전운전불이행,건조,맑음,교차로 - 교차로부근,건설기계,남,73세,상해없음,보행자,여,84세,사망
노인운전자사고,2021062200100187,2021년 6월 22일 11시,화요일,부산광역시 강서구 구랑동,중상사고,0,4,0,0,차량단독 - 공작물충돌,안전운전불이행,건조,맑음,교차로 - 교차로부근,승합,남,71세,상해없음,,,,
노인운전자사고,2021062200100262,2021년 6월 22일 13시,화요일,부산광역시 사상구 삼락동,경상사고,0,0,1,1,차대차 - 추돌,안전운전불이행,건조,맑음,단일로 - 기타,승용,남,68세,상해없음,화물,남,26세,상해없음
노인운전자사고,2021062200100298,2021년 6월 22일 14시,화요일,부산광역시 사하구 신평동,경상사고,0,0,1,0,차대차 - 추돌,안전거리미확보,건조,맑음,단일로 - 기타,화물,남,66세,상해없음,화물,남,52세,경상
노인운전자사고,2021062200100364,2021년 6월 22일 16시,화요일,부산광역시 부산진구 범천동,중상사고,0,1,0,0,차대사람 - 보도통행중,안전운전불이행,건조,맑음,단일로 - 기타,이륜,남,70세,기타불명,보행자,여,65세,중상
노인운전자사고,2021062200100475,2021년 6월 22일 19시,화요일,부산광역시 연제구 거제동,경상사고,0,0,1,0,차대차 - 기타,교차로운행방법위반,건조,맑음,교차로 - 교차로안,승용,남,69세,상해없음,이륜,남,27세,경상
노인운전자사고,2021062200100476,2021년 6월 22일 19시,화요일,부산광역시 사상구 모라동,중상사고,0,1,1,0,차대차 - 후진중충돌,안전운전불이행,건조,맑음,단일로 - 기타,화물,남,68세,상해없음,승용,남,54세,중상
노인운전자사고,2.02106E+15,2021년 6월 22일 22시,화요일,부산광역시 동래구 사직동,경상사고,0,0,1,0,차대차 - 기타,신호위반,건조,맑음,교차로 - 교차로안,승용,남,65세,상해없음,이륜,남,39세,경상
노인운전자사고,2021062200100574,2021년 6월 22일 23시,화요일,부산광역시 사하구 신평동,중상사고,0,1,0,0,차대차 - 측면충돌,안전운전불이행,건조,기타,교차로 - 교차로안,승용,남,69세,상해없음,이륜,남,38세,중상
노인운전자사고,2021062300100002,2021년 6월 23일 00시,수요일,부산광역시 부산진구 부전동,중상사고,0,1,0,0,차대차 - 측면충돌,신호위반,건조,맑음,교차로 - 교차로안,승용,남,71세,상해없음,이륜,남,41세,중상
노인운전자사고,2021062300100047,2021년 6월 23일 07시,수요일,부산광역시 금정구 오륜동,중상사고,0,1,1,0,차대차 - 측면충돌,안전운전불이행,건조,맑음,단일로 - 기타,화물,남,70세,상해없음,승용,남,65세,경상
노인운전자사고,2021062300100099,2021년 6월 23일 09시,수요일,부산광역시 북구 덕천동,중상사고,0,1,0,0,차대차 - 측면충돌,안전운전불이행,건조,맑음,교차로 - 교차로안,승용,남,73세,상해없음,원동기,남,24세,중상
노인운전자사고,2021062300100215,2021년 6월 23일 13시,수요일,부산광역시 서구 부용동1가,경상사고,0,0,1,0,차대사람 - 기타,안전운전불이행,건조,맑음,단일로 - 기타,승용,여,69세,상해없음,보행자,여,43세,경상
노인운전자사고,2.02106E+15,2021년 6월 23일 15시,수요일,부산광역시 부산진구 부전동,중상사고,0,1,0,0,차대차 - 측면충돌,안전운전불이행,건조,맑음,교차로 - 교차로안,승용,남,73세,기타불명,화물,남,36세,중상
노인운전자사고,2021062300100354,2021년 6월 23일 17시,수요일,부산광역시 서구 서대신동2가,경상사고,0,0,1,0,차대차 - 측면충돌,교차로운행방법위반,건조,맑음,교차로 - 교차로안,승용,남,66세,상해없음,자전거,남,52세,경상
노인운전자사고,2021062400100061,2021년 6월 24일 07시,목요일,부산광역시 동구 좌천동,사망사고,1,0,0,0,차량단독 - 전도전복 - 전복,안전운전불이행,건조,맑음,교차로 - 교차로부근,이륜,남,66세,사망,,,,
노인운전자사고,2021062400100166,2021년 6월 24일 10시,목요일,부산광역시 강서구 명지동,경상사고,0,0,4,0,차대차 - 기타,신호위반,건조,맑음,교차로 - 교차로안,화물,남,74세,상해없음,승용,남,39세,경상
노인운전자사고,2021062400100167,2021년 6월 24일 10시,목요일,부산광역시 사상구 학장동,경상사고,0,0,2,0,차대차 - 추돌,안전운전불이행,건조,맑음,단일로 - 지하차도(도로)내,특수,남,67세,상해없음,승용,남,66세,경상
노인운전자사고,2021062400100392,2021년 6월 24일 16시,목요일,부산광역시 중구 부평동1가,경상사고,0,0,1,0,차대사람 - 차도통행중,안전운전불이행,건조,맑음,교차로 - 교차로부근,승용,남,80세,상해없음,보행자,여,52세,경상
노인운전자사고,2021062500100051,2021년 6월 25일 07시,금요일,부산광역시 남구 감만동,중상사고,0,1,0,0,차대차 - 기타,안전운전불이행,건조,맑음,기타 - 기타,자전거,남,82세,중상,이륜,남,56세,상해없음
노인운전자사고,2021062500100197,2021년 6월 25일 11시,금요일,부산광역시 서구 서대신동2가,경상사고,0,0,1,0,차대사람 - 보도통행중,안전운전불이행,건조,맑음,단일로 - 기타,승용,남,68세,상해없음,보행자,여,63세,경상
노인운전자사고,2021062500100347,2021년 6월 25일 15시,금요일,부산광역시 부산진구 부전동,경상사고,0,0,2,0,차대차 - 기타,안전운전불이행,건조,기타,단일로 - 기타,승용,남,73세,기타불명,승용,남,26세,경상
노인운전자사고,2021062500100559,2021년 6월 25일 19시,금요일,부산광역시 금정구 장전동,경상사고,0,0,1,0,차대차 - 후진중충돌,안전운전불이행,건조,맑음,교차로 - 교차로안,승용,여,65세,상해없음,원동기,남,31세,경상
노인운전자사고,2021062600100093,2021년 6월 26일 08시,토요일,부산광역시 사하구 장림동,경상사고,0,0,1,0,차대사람 - 횡단중,안전운전불이행,건조,흐림,교차로 - 교차로안,화물,남,72세,상해없음,보행자,여,55세,경상
노인운전자사고,2021062600100111,2021년 6월 26일 09시,토요일,부산광역시 해운대구 송정동,부상신고사고,0,0,0,2,차대차 - 측면충돌,교차로운행방법위반,건조,맑음,교차로 - 교차로안,승용,남,68세,상해없음,승용,남,21세,부상신고
노인운전자사고,2021062600100176,2021년 6월 26일 11시,토요일,부산광역시 중구 중앙동4가,경상사고,0,0,2,0,차대차 - 측면충돌,차로위반,건조,맑음,교차로 - 교차로부근,화물,남,67세,상해없음,승용,남,28세,경상
노인운전자사고,2021062600100177,2021년 6월 26일 11시,토요일,부산광역시 남구 용호동,경상사고,0,0,1,0,차대차 - 후진중충돌,안전운전불이행,건조,맑음,단일로 - 기타,승용,남,72세,상해없음,승용,여,41세,경상
노인운전자사고,2021062600100178,2021년 6월 26일 11시,토요일,부산광역시 동래구 명장동,중상사고,0,1,0,0,차대차 - 측면충돌,안전운전불이행,건조,맑음,교차로 - 교차로부근,승용,남,68세,상해없음,승용,여,46세,중상
노인운전자사고,2021062600100219,2021년 6월 26일 12시,토요일,부산광역시 부산진구 전포동,경상사고,0,0,2,0,차대차 - 추돌,안전운전불이행,건조,맑음,교차로 - 교차로부근,승용,남,73세,상해없음,화물,남,47세,경상
노인운전자사고,2021062600100519,2021년 6월 26일 20시,토요일,부산광역시 사하구 괴정동,경상사고,0,0,1,0,차대차 - 기타,안전거리미확보,건조,맑음,단일로 - 기타,승용,남,69세,상해없음,이륜,남,29세,경상
노인운전자사고,2021062700100113,2021년 6월 27일 10시,일요일,부산광역시 부산진구 범전동,중상사고,0,1,0,0,차대차 - 기타,안전운전불이행,건조,맑음,단일로 - 기타,승용,남,68세,상해없음,자전거,남,25세,중상
노인운전자사고,2021062700100114,2021년 6월 27일 10시,일요일,부산광역시 금정구 부곡동,경상사고,0,0,1,0,차대사람 - 기타,안전운전불이행,건조,맑음,기타 - 기타,승용,남,87세,상해없음,보행자,남,41세,경상
노인운전자사고,2021062700100237,2021년 6월 27일 14시,일요일,부산광역시 해운대구 우동,중상사고,0,4,0,0,차대차 - 정면충돌,안전운전불이행,건조,맑음,단일로 - 기타,승용,남,66세,상해없음,승용,여,40세,중상
노인운전자사고,2021062700100449,2021년 6월 27일 21시,일요일,부산광역시 금정구 남산동,중상사고,0,1,0,0,차대사람 - 횡단중,보행자보호의무위반,건조,맑음,교차로 - 교차로부근,승합,여,71세,상해없음,보행자,여,68세,중상