사고부문,사고번호,사고일시,요일,시군구,사고내용,사망자수,중상자수,경상자수,부상신고자수,사고유형,법규위반,노면상태,기상상태,도로형태,가해운전자 차종,가해운전자 성별,가해운전자 연령,가해운전자 상해정도,피해운전자 차종,피해운전자 성별,피해운전자 연령,피해운전자 상해정도
노인운전자사고,2.02106E+15,2021년 6월 27일 21시,일요일,부산광역시 강서구 명지동,경상사고,0,0,1,0,차대사람 - 횡단중,신호위반,건조,맑음,교차로 - 교차로부근,승용,남,72세,상해없음,보행자,남,38세,경상
노인운전자사고,2.02106E+15,2021년 6월 28일 08시,월요일,부산광역시 중구 중앙동4가,경상사고,0,0,1,0,차대차 - 측면충돌,안전운전불이행,건조,맑음,교차로 - 교차로부근,화물,남,70세,상해없음,승용,남,36세,경상
노인운전자사고,2021062800100082,2021년 6월 28일 08시,월요일,부산광역시 해운대구 재송동,경상사고,0,0,1,0,차대사람 - 횡단중,보행자보호의무위반,건조,맑음,교차로 - 교차로부근,승용,남,71세,상해없음,보행자,남,7세,경상
노인운전자사고,2021062800100161,2021년 6월 28일 10시,월요일,부산광역시 동구 좌천동,중상사고,0,1,0,0,차대차 - 측면충돌,안전운전불이행,건조,맑음,단일로 - 기타,승용,남,69세,상해없음,이륜,남,67세,중상
노인운전자사고,2021062800100199,2021년 6월 28일 11시,월요일,부산광역시 중구 중앙동4가,중상사고,0,1,0,0,차대차 - 측면충돌,안전운전불이행,건조,맑음,교차로 - 교차로안,승용,여,73세,상해없음,이륜,남,66세,중상
노인운전자사고,2021062800100231,2021년 6월 28일 12시,월요일,부산광역시 수영구 광안동,경상사고,0,0,1,0,차대사람 - 기타,보행자보호의무위반,건조,맑음,교차로 - 교차로안,승용,남,69세,상해없음,보행자,남,81세,경상
노인운전자사고,2021062800100313,2021년 6월 28일 14시,월요일,부산광역시 부산진구 개금동,경상사고,0,0,1,0,차대사람 - 기타,안전운전불이행,건조,맑음,교차로 - 교차로횡단보도내,승용,남,70세,상해없음,보행자,남,28세,경상
노인운전자사고,2021062800100492,2021년 6월 28일 18시,월요일,부산광역시 중구 중앙동4가,경상사고,0,0,3,0,차대차 - 측면충돌,신호위반,건조,맑음,교차로 - 교차로부근,승용,남,71세,경상,승용,남,20세,경상
노인운전자사고,2021062800100647,2021년 6월 28일 23시,월요일,부산광역시 서구 암남동,경상사고,0,0,1,0,차대차 - 측면충돌,신호위반,건조,맑음,교차로 - 교차로안,승용,남,66세,상해없음,승용,남,57세,상해없음
노인운전자사고,2021062900100019,2021년 6월 29일 03시,화요일,부산광역시 남구 대연동,경상사고,0,0,1,0,차대차 - 기타,신호위반,건조,맑음,교차로 - 교차로안,승용,남,66세,상해없음,이륜,남,27세,경상
노인운전자사고,2021062900100119,2021년 6월 29일 09시,화요일,부산광역시 부산진구 연지동,경상사고,0,0,1,0,차대차 - 기타,안전운전불이행,건조,맑음,단일로 - 기타,승용,남,70세,상해없음,승용,여,55세,경상
노인운전자사고,2021062900100247,2021년 6월 29일 13시,화요일,부산광역시 연제구 거제동,경상사고,0,0,2,0,차대차 - 측면충돌,안전거리미확보,건조,맑음,단일로 - 기타,승용,남,74세,기타불명,승용,남,22세,경상
노인운전자사고,2021062900100563,2021년 6월 29일 20시,화요일,부산광역시 부산진구 전포동,경상사고,0,0,1,0,차대사람 - 횡단중,보행자보호의무위반,건조,맑음,단일로 - 기타,승용,남,68세,상해없음,보행자,여,24세,경상
노인운전자사고,2021063000100015,2021년 6월 30일 01시,수요일,부산광역시 남구 용호동,사망사고,1,0,0,0,차대사람 - 기타,안전운전불이행,건조,맑음,교차로 - 교차로횡단보도내,승용,남,66세,상해없음,보행자,남,63세,사망
노인운전자사고,2021063000100263,2021년 6월 30일 13시,수요일,부산광역시 북구 덕천동,경상사고,0,0,1,1,차대차 - 측면충돌,신호위반,건조,맑음,교차로 - 교차로안,승용,남,68세,부상신고,승용,남,40세,경상
노인운전자사고,2021063000100336,2021년 6월 30일 15시,수요일,부산광역시 사하구 장림동,중상사고,0,2,0,0,차대차 - 기타,신호위반,건조,맑음,교차로 - 교차로부근,이륜,남,79세,중상,승합,남,69세,상해없음
노인운전자사고,2021063000100476,2021년 6월 30일 18시,수요일,부산광역시 해운대구 반여동,경상사고,0,0,2,0,차대차 - 추돌,안전운전불이행,건조,맑음,단일로 - 고가도로위,승용,남,72세,상해없음,승용,남,28세,경상
노인운전자사고,2021070100100186,2021년 7월 1일 11시,목요일,부산광역시 동구 초량동,경상사고,0,0,1,0,차대차 - 정면충돌,안전운전불이행,건조,맑음,단일로 - 기타,화물,남,72세,상해없음,승용,여,43세,경상
노인운전자사고,2021070100100222,2021년 7월 1일 12시,목요일,부산광역시 기장군 기장읍,경상사고,0,0,1,0,차대차 - 기타,안전운전불이행,건조,맑음,교차로 - 교차로부근,승용,여,65세,상해없음,승용,여,53세,경상
노인운전자사고,2.02107E+15,2021년 7월 1일 13시,목요일,부산광역시 해운대구 중동,경상사고,0,0,1,0,차대차 - 측면충돌,안전거리미확보,건조,맑음,단일로 - 기타,승용,남,74세,상해없음,승용,여,24세,경상
노인운전자사고,2021070100100293,2021년 7월 1일 14시,목요일,부산광역시 동래구 온천동,경상사고,0,0,1,0,차대사람 - 기타,안전운전불이행,건조,맑음,단일로 - 기타,승용,여,73세,상해없음,보행자,여,55세,경상
노인운전자사고,2021070100100604,2021년 7월 1일 22시,목요일,부산광역시 남구 용호동,경상사고,0,0,1,0,차대차 - 측면충돌,안전운전불이행,건조,맑음,교차로 - 교차로안,승용,남,69세,상해없음,승용,남,55세,경상
노인운전자사고,2021070200100079,2021년 7월 2일 08시,금요일,부산광역시 동래구 온천동,부상신고사고,0,0,0,1,차대차 - 측면충돌,신호위반,건조,맑음,교차로 - 교차로안,자전거,남,79세,부상신고,승용,남,29세,상해없음
노인운전자사고,2021070200100082,2021년 7월 2일 08시,금요일,부산광역시 금정구 청룡동,경상사고,0,0,1,0,차대차 - 기타,안전운전불이행,건조,맑음,단일로 - 기타,승용,여,77세,상해없음,승용,여,51세,경상
노인운전자사고,2021070200100155,2021년 7월 2일 10시,금요일,부산광역시 사하구 하단동,경상사고,0,0,2,0,차대차 - 측면충돌,안전운전불이행,건조,맑음,교차로 - 교차로부근,화물,남,65세,상해없음,승용,여,44세,경상
노인운전자사고,2021070200100156,2021년 7월 2일 10시,금요일,부산광역시 강서구 범방동,경상사고,0,0,1,0,차대차 - 기타,신호위반,건조,맑음,교차로 - 교차로안,승합,남,72세,상해없음,화물,남,47세,경상
노인운전자사고,2021070200100226,2021년 7월 2일 12시,금요일,부산광역시 금정구 남산동,중상사고,0,1,0,0,차대사람 - 횡단중,보행자보호의무위반,건조,흐림,교차로 - 교차로안,승용,남,79세,상해없음,보행자,여,68세,중상
노인운전자사고,2021070200100336,2021년 7월 2일 15시,금요일,부산광역시 연제구 연산동,경상사고,0,0,1,0,차대차 - 측면충돌,신호위반,건조,맑음,교차로 - 교차로안,승용,여,65세,상해없음,승용,남,45세,경상
노인운전자사고,2021070200100678,2021년 7월 2일 22시,금요일,부산광역시 동래구 사직동,중상사고,0,2,1,0,차대차 - 기타,신호위반,건조,맑음,교차로 - 교차로부근,승용,남,66세,상해없음,승용,남,49세,중상
노인운전자사고,2021070300100055,2021년 7월 3일 07시,토요일,부산광역시 부산진구 부전동,경상사고,0,0,1,0,차대사람 - 기타,안전운전불이행,건조,기타,단일로 - 기타,승용,남,68세,상해없음,보행자,남,27세,경상
노인운전자사고,2021070300100099,2021년 7월 3일 09시,토요일,부산광역시 강서구 대저2동,중상사고,0,1,0,0,차대차 - 측면충돌,안전운전불이행,건조,맑음,단일로 - 기타,자전거,남,66세,상해없음,자전거,남,50세,중상
노인운전자사고,2.02107E+15,2021년 7월 3일 10시,토요일,부산광역시 강서구 대저2동,사망사고,1,0,0,0,차대차 - 측면충돌,신호위반,젖음/습기,비,교차로 - 교차로안,자전거,남,87세,사망,승합,남,59세,상해없음
노인운전자사고,2021070300100147,2021년 7월 3일 11시,토요일,부산광역시 사상구 감전동,경상사고,0,0,1,0,차대차 - 측면충돌,신호위반,젖음/습기,비,교차로 - 교차로안,승용,남,69세,상해없음,승용,남,53세,경상
노인운전자사고,2021070300100237,2021년 7월 3일 13시,토요일,부산광역시 해운대구 반송동,경상사고,0,0,1,0,차대차 - 추돌,신호위반,젖음/습기,비,교차로 - 교차로안,승용,남,75세,상해없음,승용,여,50세,경상
노인운전자사고,2021070300100307,2021년 7월 3일 15시,토요일,부산광역시 해운대구 중동,경상사고,0,0,2,1,차대차 - 추돌,안전운전불이행,건조,맑음,기타 - 기타,화물,남,65세,상해없음,승용,남,55세,경상
노인운전자사고,2021070300100308,2021년 7월 3일 15시,토요일,부산광역시 해운대구 우동,경상사고,0,0,1,0,차대차 - 추돌,안전운전불이행,젖음/습기,비,교차로 - 교차로부근,승용,남,69세,경상,승용,남,71세,상해없음
노인운전자사고,2021070300100383,2021년 7월 3일 17시,토요일,부산광역시 중구 중앙동4가,경상사고,0,0,1,0,차대차 - 측면충돌,신호위반,건조,맑음,교차로 - 교차로부근,승합,남,69세,상해없음,승용,남,40세,경상
노인운전자사고,2021070300100387,2021년 7월 3일 17시,토요일,부산광역시 금정구 노포동,경상사고,0,0,3,0,차대차 - 추돌,안전거리미확보,젖음/습기,비,교차로 - 교차로부근,화물,남,73세,상해없음,승용,남,31세,경상
노인운전자사고,2021070300100469,2021년 7월 3일 19시,토요일,부산광역시 중구 광복동1가,경상사고,0,0,1,0,차대사람 - 기타,안전운전불이행,건조,흐림,단일로 - 기타,승용,남,74세,상해없음,보행자,여,56세,경상
노인운전자사고,2021070400100076,2021년 7월 4일 06시,일요일,부산광역시 금정구 구서동,경상사고,0,0,2,0,차량단독 - 공작물충돌,기타,젖음/습기,비,단일로 - 기타,승합,남,73세,경상,,,,
노인운전자사고,2.02107E+15,2021년 7월 4일 16시,일요일,부산광역시 금정구 장전동,중상사고,0,2,0,0,차대차 - 기타,안전운전불이행,건조,맑음,단일로 - 기타,자전거,남,67세,중상,자전거,남,54세,중상
노인운전자사고,2021070500100052,2021년 7월 5일 07시,월요일,부산광역시 부산진구 연지동,경상사고,0,0,3,0,차대차 - 측면충돌,안전운전불이행,건조,맑음,단일로 - 기타,승용,남,68세,경상,승용,남,61세,경상
노인운전자사고,2021070500100072,2021년 7월 5일 08시,월요일,부산광역시 수영구 남천동,경상사고,0,0,1,0,차대차 - 측면충돌,신호위반,젖음/습기,비,교차로 - 교차로부근,승용,여,68세,상해없음,승용,남,53세,경상
노인운전자사고,2021070500100074,2021년 7월 5일 08시,월요일,부산광역시 해운대구 재송동,경상사고,0,0,1,0,차대차 - 측면충돌,안전거리미확보,건조,맑음,단일로 - 기타,승용,남,65세,상해없음,승합,남,51세,경상
노인운전자사고,2021070500100117,2021년 7월 5일 09시,월요일,부산광역시 금정구 구서동,중상사고,0,1,0,0,차대사람 - 횡단중,보행자보호의무위반,젖음/습기,비,교차로 - 교차로횡단보도내,승용,남,70세,상해없음,보행자,여,65세,중상
노인운전자사고,2021070500100149,2021년 7월 5일 10시,월요일,부산광역시 부산진구 부암동,경상사고,0,0,1,0,차대차 - 기타,중앙선침범,건조,맑음,단일로 - 기타,승용,남,67세,상해없음,승용,여,33세,경상
노인운전자사고,2021070500100187,2021년 7월 5일 11시,월요일,부산광역시 부산진구 부전동,중상사고,0,1,0,0,차대사람 - 기타,안전운전불이행,건조,기타,교차로 - 교차로안,화물,남,69세,상해없음,보행자,여,69세,중상
노인운전자사고,2021070500100288,2021년 7월 5일 14시,월요일,부산광역시 사상구 모라동,중상사고,0,1,0,0,차대사람 - 횡단중,보행자보호의무위반,젖음/습기,비,교차로 - 교차로안,승용,남,80세,상해없음,보행자,남,62세,중상
노인운전자사고,2021070500100393,2021년 7월 5일 17시,월요일,부산광역시 사상구 삼락동,중상사고,0,1,0,0,차대차 - 추돌,안전운전불이행,건조,맑음,교차로 - 교차로안,특수,남,65세,기타불명,이륜,남,39세,중상
노인운전자사고,2.02107E+15,2021년 7월 6일 05시,화요일,부산광역시 남구 대연동,경상사고,0,0,1,0,차대사람 - 횡단중,안전운전불이행,젖음/습기,비,단일로 - 기타,승용,남,67세,상해없음,보행자,남,40세,경상
노인운전자사고,2021070600100239,2021년 7월 6일 13시,화요일,부산광역시 강서구 명지동,경상사고,0,0,1,0,차대차 - 기타,안전운전불이행,젖음/습기,비,단일로 - 기타,승용,남,68세,상해없음,승용,여,48세,경상
노인운전자사고,2021070600100331,2021년 7월 6일 16시,화요일,부산광역시 영도구 남항동3가,경상사고,0,0,1,0,차대차 - 기타,신호위반,젖음/습기,비,교차로 - 교차로부근,화물,남,70세,상해없음,승용,여,28세,경상
노인운전자사고,2021070600100425,2021년 7월 6일 18시,화요일,부산광역시 동구 초량동,중상사고,0,1,0,0,차대차 - 측면충돌,안전운전불이행,젖음/습기,비,단일로 - 기타,승용,남,73세,상해없음,승용,남,30세,중상
노인운전자사고,2021070600100466,2021년 7월 6일 19시,화요일,부산광역시 해운대구 중동,중상사고,0,1,0,0,차대사람 - 횡단중,안전운전불이행,젖음/습기,비,단일로 - 기타,승용,남,69세,상해없음,보행자,남,74세,중상
노인운전자사고,2021070700100117,2021년 7월 7일 09시,수요일,부산광역시 강서구 명지동,중상사고,0,1,0,0,차대차 - 기타,신호위반,젖음/습기,흐림,교차로 - 교차로안,승용,남,69세,상해없음,승용,남,46세,중상
노인운전자사고,2021070700100188,2021년 7월 7일 11시,수요일,부산광역시 남구 용호동,경상사고,0,0,2,0,차대차 - 기타,안전운전불이행,젖음/습기,비,교차로 - 교차로안,승용,여,69세,상해없음,승용,여,38세,경상
노인운전자사고,2021070700100189,2021년 7월 7일 11시,수요일,부산광역시 해운대구 좌동,경상사고,0,0,1,0,차대차 - 기타,안전운전불이행,젖음/습기,비,기타 - 기타,승용,남,73세,기타불명,승용,여,49세,경상
노인운전자사고,2021070700100358,2021년 7월 7일 16시,수요일,부산광역시 수영구 남천동,중상사고,0,1,0,0,차대차 - 측면충돌,안전운전불이행,젖음/습기,비,교차로 - 교차로안,승용,남,67세,상해없음,승용,남,57세,상해없음
노인운전자사고,2021070700100403,2021년 7월 7일 17시,수요일,부산광역시 해운대구 중동,경상사고,0,0,1,0,차대차 - 기타,안전운전불이행,젖음/습기,비,교차로 - 교차로안,승합,남,67세,기타불명,승용,남,60세,경상
노인운전자사고,2021070700100575,2021년 7월 7일 21시,수요일,부산광역시 연제구 연산동,경상사고,0,0,1,0,차대차 - 측면충돌,신호위반,젖음/습기,비,단일로 - 기타,승용,남,68세,상해없음,승용,여,31세,경상
노인운전자사고,2021070800100003,2021년 7월 8일 00시,목요일,부산광역시 사하구 다대동,중상사고,0,1,0,0,차대사람 - 횡단중,보행자보호의무위반,젖음/습기,비,교차로 - 교차로횡단보도내,승합,남,72세,상해없음,보행자,남,57세,중상
노인운전자사고,2.02107E+15,2021년 7월 8일 07시,목요일,부산광역시 중구 남포동6가,부상신고사고,0,0,0,1,차대차 - 측면충돌,안전운전불이행,건조,맑음,단일로 - 기타,이륜,남,70세,부상신고,승합,남,51세,상해없음
노인운전자사고,2021070800100077,2021년 7월 8일 08시,목요일,부산광역시 서구 동대신동2가,중상사고,0,1,0,0,차량단독 - 기타,기타,건조,맑음,단일로 - 기타,승용,남,70세,상해없음,,,,
노인운전자사고,2021070800100078,2021년 7월 8일 08시,목요일,부산광역시 남구 대연동,중상사고,0,1,0,0,차대사람 - 차도통행중,안전운전불이행,건조,흐림,단일로 - 기타,승용,남,71세,상해없음,보행자,여,84세,중상
노인운전자사고,2021070800100079,2021년 7월 8일 08시,목요일,부산광역시 동래구 낙민동,경상사고,0,0,1,0,차대차 - 추돌,안전운전불이행,건조,맑음,단일로 - 기타,승용,남,75세,상해없음,승용,여,48세,경상
노인운전자사고,2021070800100261,2021년 7월 8일 13시,목요일,부산광역시 강서구 대저2동,경상사고,0,0,1,0,차대차 - 측면충돌,안전운전불이행,젖음/습기,비,단일로 - 기타,화물,남,72세,상해없음,승용,남,27세,경상
노인운전자사고,2021070800100438,2021년 7월 8일 18시,목요일,부산광역시 금정구 구서동,경상사고,0,0,3,0,차대차 - 측면충돌,안전운전불이행,젖음/습기,비,교차로 - 교차로부근,승용,남,67세,경상,승용,여,38세,경상
노인운전자사고,2021070800100439,2021년 7월 8일 18시,목요일,부산광역시 사하구 하단동,경상사고,0,0,1,0,차대사람 - 기타,안전운전불이행,건조,맑음,단일로 - 기타,승용,남,66세,상해없음,보행자,여,26세,경상
노인운전자사고,2021070800100476,2021년 7월 8일 19시,목요일,부산광역시 부산진구 연지동,중상사고,0,1,0,0,차대차 - 측면충돌,직진우회전진행방해,젖음/습기,비,교차로 - 교차로안,자전거,여,66세,중상,승용,남,22세,상해없음
노인운전자사고,2021070800100534,2021년 7월 8일 21시,목요일,부산광역시 수영구 광안동,경상사고,0,0,1,0,차량단독 - 기타,안전운전불이행,건조,맑음,단일로 - 기타,승용,남,69세,상해없음,,,,
노인운전자사고,2021070900100034,2021년 7월 9일 05시,금요일,부산광역시 부산진구 양정동,중상사고,0,6,6,0,차대차 - 측면충돌,신호위반,젖음/습기,흐림,교차로 - 교차로부근,승용,남,71세,중상,승합,남,48세,중상
노인운전자사고,2021070900100053,2021년 7월 9일 07시,금요일,부산광역시 부산진구 개금동,중상사고,0,1,0,0,차대사람 - 횡단중,신호위반,건조,맑음,기타 - 기타,승용,남,71세,상해없음,보행자,남,13세,중상
노인운전자사고,2021070900100074,2021년 7월 9일 08시,금요일,부산광역시 북구 덕천동,중상사고,0,1,0,0,차대사람 - 차도통행중,안전운전불이행,건조,맑음,단일로 - 기타,승용,남,69세,상해없음,보행자,여,37세,중상
노인운전자사고,2021070900100133,2021년 7월 9일 10시,금요일,부산광역시 부산진구 당감동,경상사고,0,0,1,0,차대차 - 추돌,안전거리미확보,건조,맑음,단일로 - 기타,승용,남,66세,상해없음,승용,여,32세,경상
노인운전자사고,2021070900100433,2021년 7월 9일 18시,금요일,부산광역시 남구 감만동,경상사고,0,0,1,0,차대차 - 기타,교차로운행방법위반,건조,맑음,교차로 - 교차로안,특수,남,68세,상해없음,승용,남,46세,경상
노인운전자사고,2021070900100488,2021년 7월 9일 19시,금요일,부산광역시 부산진구 당감동,경상사고,0,0,1,0,차대사람 - 횡단중,안전운전불이행,건조,맑음,단일로 - 기타,승용,남,70세,상해없음,보행자,여,16세,경상
노인운전자사고,2021071000100157,2021년 7월 10일 10시,토요일,부산광역시 해운대구 좌동,경상사고,0,0,2,0,차대차 - 추돌,안전운전불이행,건조,맑음,교차로 - 교차로부근,승용,남,67세,상해없음,화물,남,18세,경상
노인운전자사고,2021071000100191,2021년 7월 10일 11시,토요일,부산광역시 부산진구 양정동,경상사고,0,0,1,0,차대차 - 측면충돌,안전거리미확보,건조,맑음,교차로 - 교차로안,승용,여,67세,상해없음,승용,남,37세,경상
노인운전자사고,2021071000100243,2021년 7월 10일 12시,토요일,부산광역시 북구 화명동,중상사고,0,1,0,0,차대차 - 측면충돌,안전운전불이행,건조,맑음,교차로 - 교차로안,승용,여,67세,상해없음,이륜,남,37세,중상
노인운전자사고,2021071000100319,2021년 7월 10일 14시,토요일,부산광역시 남구 용호동,경상사고,0,0,1,0,차대차 - 측면충돌,안전운전불이행,건조,맑음,단일로 - 기타,화물,남,68세,상해없음,승합,남,51세,상해없음
노인운전자사고,2021071000100321,2021년 7월 10일 14시,토요일,부산광역시 사상구 주례동,부상신고사고,0,0,0,1,차대차 - 측면충돌,안전운전불이행,건조,맑음,주차장 - 주차장,이륜,남,65세,부상신고,승용,남,58세,상해없음
노인운전자사고,2021071000100359,2021년 7월 10일 15시,토요일,부산광역시 남구 문현동,경상사고,0,0,2,0,차대차 - 측면충돌,안전운전불이행,건조,맑음,단일로 - 기타,승용,남,70세,상해없음,승용,남,36세,경상
노인운전자사고,2021071000100392,2021년 7월 10일 16시,토요일,부산광역시 해운대구 우동,경상사고,0,0,1,0,차대차 - 후진중충돌,안전운전불이행,건조,맑음,교차로 - 교차로안,승용,남,68세,상해없음,원동기,남,35세,경상
노인운전자사고,2021071000100393,2021년 7월 10일 16시,토요일,부산광역시 부산진구 부전동,경상사고,0,0,1,0,차대사람 - 기타,안전운전불이행,건조,맑음,교차로 - 교차로안,승용,남,71세,상해없음,보행자,여,21세,경상
노인운전자사고,2021071100100065,2021년 7월 11일 10시,일요일,부산광역시 부산진구 부암동,중상사고,0,1,1,0,차대차 - 추돌,안전운전불이행,건조,맑음,단일로 - 기타,승용,여,78세,기타불명,승용,남,62세,중상
노인운전자사고,2021071100100289,2021년 7월 11일 18시,일요일,부산광역시 기장군 철마면,중상사고,0,1,3,0,차대차 - 측면충돌,중앙선침범,건조,맑음,교차로 - 교차로부근,승용,남,80세,상해없음,승용,남,35세,경상
노인운전자사고,2021071200100034,2021년 7월 12일 07시,월요일,부산광역시 부산진구 부전동,경상사고,0,0,2,0,차대차 - 추돌,안전운전불이행,건조,맑음,교차로 - 교차로안,승용,남,71세,상해없음,이륜,남,20세,경상
노인운전자사고,2021071200100178,2021년 7월 12일 12시,월요일,부산광역시 서구 서대신동3가,경상사고,0,0,1,0,차대차 - 측면충돌,신호위반,건조,맑음,단일로 - 기타,승용,남,70세,상해없음,이륜,남,64세,경상
노인운전자사고,2021071200100218,2021년 7월 12일 13시,월요일,부산광역시 수영구 수영동,경상사고,0,0,1,0,차대차 - 추돌,신호위반,건조,맑음,단일로 - 기타,승용,남,72세,상해없음,이륜,남,33세,경상
노인운전자사고,2021071200100248,2021년 7월 12일 14시,월요일,부산광역시 부산진구 부전동,경상사고,0,0,1,0,차대사람 - 보도통행중,기타,건조,맑음,기타 - 기타,승용,남,72세,상해없음,보행자,여,69세,경상
노인운전자사고,2021071200100292,2021년 7월 12일 15시,월요일,부산광역시 북구 덕천동,경상사고,0,0,1,0,차대차 - 측면충돌,교차로운행방법위반,건조,맑음,교차로 - 교차로안,승합,남,67세,상해없음,승용,남,31세,경상
노인운전자사고,2021071200100335,2021년 7월 12일 16시,월요일,부산광역시 사상구 감전동,경상사고,0,0,1,0,차대차 - 기타,교차로운행방법위반,건조,맑음,교차로 - 교차로안,화물,남,66세,상해없음,승용,남,57세,경상
노인운전자사고,2021071200100388,2021년 7월 12일 17시,월요일,부산광역시 부산진구 초읍동,경상사고,0,0,2,0,차대차 - 측면충돌,안전운전불이행,건조,맑음,교차로 - 교차로안,승용,여,72세,상해없음,승용,여,46세,경상
노인운전자사고,2021071200100435,2021년 7월 12일 18시,월요일,부산광역시 사하구 구평동,경상사고,0,0,1,0,차대차 - 측면충돌,안전거리미확보,건조,맑음,단일로 - 기타,화물,남,71세,상해없음,승용,남,50세,경상
노인운전자사고,2021071300100193,2021년 7월 13일 11시,화요일,부산광역시 부산진구 개금동,사망사고,1,0,0,0,차대차 - 측면충돌,신호위반,건조,맑음,교차로 - 교차로안,이륜,남,74세,사망,승합,남,47세,상해없음
노인운전자사고,2021071300100194,2021년 7월 13일 11시,화요일,부산광역시 부산진구 당감동,경상사고,0,0,1,0,차대사람 - 횡단중,안전운전불이행,건조,맑음,교차로 - 교차로횡단보도내,이륜,남,77세,상해없음,보행자,남,60세,경상
노인운전자사고,2021071300100196,2021년 7월 13일 11시,화요일,부산광역시 강서구 구랑동,경상사고,0,0,1,0,차대차 - 기타,안전운전불이행,건조,맑음,교차로 - 교차로안,화물,남,70세,상해없음,화물,여,73세,경상
노인운전자사고,2021071300100229,2021년 7월 13일 12시,화요일,부산광역시 서구 충무동1가,중상사고,0,1,0,0,차대차 - 기타,안전운전불이행,건조,맑음,단일로 - 기타,기타불명,남,70세,중상,승용,남,66세,상해없음
노인운전자사고,2.02107E+15,2021년 7월 13일 12시,화요일,부산광역시 남구 대연동,사망사고,1,0,0,0,차대차 - 기타,신호위반,건조,맑음,교차로 - 교차로안,승용,여,78세,상해없음,이륜,남,65세,사망
노인운전자사고,2021071300100231,2021년 7월 13일 12시,화요일,부산광역시 남구 용호동,중상사고,0,1,0,0,차대사람 - 횡단중,보행자보호의무위반,건조,맑음,교차로 - 교차로부근,승용,남,71세,상해없음,보행자,여,48세,중상
노인운전자사고,2021071300100485,2021년 7월 13일 18시,화요일,부산광역시 해운대구 우동,경상사고,0,0,1,0,차대사람 - 횡단중,보행자보호의무위반,건조,맑음,단일로 - 기타,승용,남,66세,상해없음,보행자,여,78세,경상
노인운전자사고,2021071300100557,2021년 7월 13일 20시,화요일,부산광역시 해운대구 중동,경상사고,0,0,2,0,차대차 - 측면충돌,신호위반,건조,맑음,교차로 - 교차로안,승용,남,67세,상해없음,승용,남,24세,경상
노인운전자사고,2021071400100041,2021년 7월 14일 05시,수요일,부산광역시 부산진구 양정동,경상사고,0,0,1,0,차대차 - 기타,안전거리미확보,건조,맑음,교차로 - 교차로부근,이륜,남,81세,경상,승용,남,43세,상해없음
노인운전자사고,2021071400100142,2021년 7월 14일 10시,수요일,부산광역시 남구 용호동,경상사고,0,0,1,0,차대차 - 측면충돌,안전거리미확보,건조,맑음,단일로 - 기타,승용,남,70세,상해없음,승용,남,26세,경상
노인운전자사고,2021071400100212,2021년 7월 14일 12시,수요일,부산광역시 연제구 거제동,경상사고,0,0,1,0,차대차 - 추돌,안전운전불이행,건조,맑음,단일로 - 기타,승용,남,67세,상해없음,승용,남,33세,경상
노인운전자사고,2021071400100271,2021년 7월 14일 14시,수요일,부산광역시 사하구 당리동,경상사고,0,0,1,0,차대사람 - 횡단중,신호위반,건조,맑음,단일로 - 지하차도(도로)내,승용,남,67세,상해없음,보행자,남,11세,경상
노인운전자사고,2021071400100441,2021년 7월 14일 18시,수요일,부산광역시 중구 중앙동4가,부상신고사고,0,0,0,1,차대차 - 정면충돌,신호위반,건조,맑음,교차로 - 교차로안,이륜,남,71세,부상신고,승용,남,56세,상해없음
노인운전자사고,2021071500100159,2021년 7월 15일 10시,목요일,부산광역시 수영구 남천동,경상사고,0,0,2,0,차대차 - 추돌,안전거리미확보,건조,맑음,단일로 - 기타,승용,남,71세,상해없음,화물,여,60세,경상
노인운전자사고,2021071500100298,2021년 7월 15일 14시,목요일,부산광역시 기장군 장안읍,중상사고,0,1,0,0,차대차 - 기타,중앙선침범,건조,맑음,교차로 - 교차로부근,승용,남,73세,상해없음,이륜,남,30세,중상
노인운전자사고,2021071500100451,2021년 7월 15일 18시,목요일,부산광역시 강서구 범방동,경상사고,0,0,2,0,차대차 - 기타,안전운전불이행,건조,맑음,단일로 - 기타,승용,남,72세,기타불명,승용,남,39세,경상
노인운전자사고,2021071500100535,2021년 7월 15일 20시,목요일,부산광역시 기장군 기장읍,경상사고,0,0,1,0,차대사람 - 기타,안전운전불이행,건조,맑음,기타 - 기타,자전거,여,69세,상해없음,보행자,여,47세,경상
노인운전자사고,2021071600100181,2021년 7월 16일 11시,금요일,부산광역시 부산진구 부전동,경상사고,0,0,1,0,차대차 - 기타,안전운전불이행,건조,맑음,교차로 - 교차로안,승용,남,78세,상해없음,이륜,남,28세,경상
노인운전자사고,2.02107E+15,2021년 7월 16일 15시,금요일,부산광역시 금정구 장전동,경상사고,0,0,4,0,차대차 - 기타,안전운전불이행,건조,맑음,기타 - 기타,승용,여,69세,상해없음,승합,남,54세,경상