사고부문,사고번호,사고일시,요일,시군구,사고내용,사망자수,중상자수,경상자수,부상신고자수,사고유형,법규위반,노면상태,기상상태,도로형태,가해운전자 차종,가해운전자 성별,가해운전자 연령,가해운전자 상해정도,피해운전자 차종,피해운전자 성별,피해운전자 연령,피해운전자 상해정도
노인운전자사고,2021071600100363,2021년 7월 16일 16시,금요일,부산광역시 남구 대연동,중상사고,0,1,0,0,차대차 - 측면충돌,안전운전불이행,건조,맑음,단일로 - 기타,자전거,남,78세,중상,승용,남,27세,상해없음
노인운전자사고,2021071600100411,2021년 7월 16일 17시,금요일,부산광역시 해운대구 재송동,경상사고,0,0,1,0,차대사람 - 기타,신호위반,건조,맑음,단일로 - 기타,승용,남,69세,상해없음,보행자,여,20세,경상
노인운전자사고,2021071600100521,2021년 7월 16일 19시,금요일,부산광역시 북구 구포동,중상사고,0,1,0,0,차대차 - 기타,안전운전불이행,건조,맑음,단일로 - 지하차도(도로)내,승용,남,78세,상해없음,승합,남,40세,상해없음
노인운전자사고,2021071600100522,2021년 7월 16일 19시,금요일,부산광역시 강서구 신호동,경상사고,0,0,1,1,차대차 - 정면충돌,중앙선침범,건조,맑음,교차로 - 교차로안,승용,남,65세,상해없음,승용,남,29세,경상
노인운전자사고,2021071600100606,2021년 7월 16일 21시,금요일,부산광역시 북구 구포동,경상사고,0,0,1,0,차대차 - 추돌,안전운전불이행,건조,맑음,단일로 - 기타,화물,남,68세,상해없음,승용,남,42세,경상
노인운전자사고,2021071600100678,2021년 7월 16일 23시,금요일,부산광역시 해운대구 송정동,경상사고,0,0,1,0,차대사람 - 차도통행중,안전운전불이행,건조,맑음,단일로 - 기타,승용,남,69세,상해없음,보행자,남,53세,경상
노인운전자사고,2021071700100174,2021년 7월 17일 11시,토요일,부산광역시 금정구 부곡동,경상사고,0,0,1,0,차대차 - 기타,기타,건조,맑음,단일로 - 기타,승용,남,73세,상해없음,화물,남,55세,상해없음
노인운전자사고,2021071700100176,2021년 7월 17일 11시,토요일,부산광역시 사상구 괘법동,경상사고,0,0,1,0,차대사람 - 기타,기타,젖음/습기,흐림,단일로 - 기타,승용,남,65세,상해없음,보행자,남,48세,경상
노인운전자사고,2.02107E+15,2021년 7월 17일 12시,토요일,부산광역시 수영구 망미동,중상사고,0,1,0,0,차대차 - 기타,안전운전불이행,건조,맑음,교차로 - 교차로부근,자전거,남,75세,중상,승용,남,58세,상해없음
노인운전자사고,2021071700100221,2021년 7월 17일 12시,토요일,부산광역시 사상구 모라동,경상사고,0,0,1,0,차대차 - 측면충돌,안전거리미확보,건조,맑음,교차로 - 교차로안,승용,남,65세,상해없음,승용,남,63세,경상
노인운전자사고,2021071700100408,2021년 7월 17일 17시,토요일,부산광역시 동래구 명륜동,경상사고,0,0,1,0,차대사람 - 횡단중,신호위반,건조,맑음,단일로 - 기타,화물,남,80세,상해없음,보행자,여,27세,경상
노인운전자사고,2021071700100544,2021년 7월 17일 21시,토요일,부산광역시 영도구 봉래동5가,경상사고,0,0,1,0,차대차 - 추돌,안전운전불이행,건조,맑음,단일로 - 기타,승용,남,74세,상해없음,승용,남,38세,경상
노인운전자사고,2021071800100313,2021년 7월 18일 18시,일요일,부산광역시 금정구 장전동,부상신고사고,0,0,0,1,차대차 - 기타,안전운전불이행,건조,맑음,교차로 - 교차로안,승용,남,68세,상해없음,이륜,남,58세,부상신고
노인운전자사고,2021071800100427,2021년 7월 18일 22시,일요일,부산광역시 영도구 대교동1가,경상사고,0,0,1,0,차대차 - 추돌,안전거리미확보,건조,맑음,단일로 - 기타,승용,남,68세,상해없음,승용,남,42세,경상
노인운전자사고,2021071900100225,2021년 7월 19일 12시,월요일,부산광역시 동래구 명장동,경상사고,0,0,2,0,차대차 - 추돌,안전운전불이행,건조,맑음,교차로 - 교차로안,승용,남,75세,상해없음,승용,남,52세,경상
노인운전자사고,2021071900100296,2021년 7월 19일 14시,월요일,부산광역시 남구 감만동,경상사고,0,0,1,0,차대차 - 측면충돌,안전운전불이행,건조,흐림,단일로 - 기타,승용,여,69세,상해없음,승용,여,27세,경상
노인운전자사고,2021071900100414,2021년 7월 19일 17시,월요일,부산광역시 연제구 연산동,경상사고,0,0,1,0,차대차 - 기타,안전운전불이행,건조,맑음,단일로 - 기타,이륜,남,67세,상해없음,승용,남,26세,경상
노인운전자사고,2021072000100025,2021년 7월 20일 05시,화요일,부산광역시 부산진구 부암동,경상사고,0,0,1,0,차대차 - 정면충돌,중앙선침범,건조,맑음,단일로 - 기타,승용,남,74세,상해없음,승합,남,66세,경상
노인운전자사고,2.02107E+15,2021년 7월 20일 11시,화요일,부산광역시 북구 만덕동,경상사고,0,0,3,0,차대차 - 측면충돌,교차로운행방법위반,건조,맑음,교차로 - 교차로안,승용,남,72세,경상,승용,여,59세,경상
노인운전자사고,2021072000100161,2021년 7월 20일 11시,화요일,부산광역시 영도구 신선동1가,중상사고,0,1,0,0,차대사람 - 횡단중,안전운전불이행,건조,맑음,단일로 - 기타,이륜,남,69세,상해없음,보행자,남,76세,중상
노인운전자사고,2021072000100194,2021년 7월 20일 12시,화요일,부산광역시 수영구 민락동,중상사고,0,1,0,0,차대차 - 측면충돌,신호위반,건조,맑음,교차로 - 교차로안,이륜,남,74세,중상,승용,여,66세,상해없음
노인운전자사고,2021072000100195,2021년 7월 20일 12시,화요일,부산광역시 연제구 연산동,경상사고,0,0,1,0,차대차 - 측면충돌,직진우회전진행방해,건조,맑음,교차로 - 교차로안,승용,남,68세,상해없음,원동기,여,53세,경상
노인운전자사고,2021072000100228,2021년 7월 20일 13시,화요일,부산광역시 영도구 청학동,중상사고,0,1,0,0,차대사람 - 횡단중,안전운전불이행,건조,맑음,교차로 - 교차로안,승용,남,76세,상해없음,보행자,남,26세,중상
노인운전자사고,2021072000100376,2021년 7월 20일 17시,화요일,부산광역시 연제구 연산동,중상사고,0,1,0,0,차대사람 - 기타,보행자보호의무위반,건조,맑음,교차로 - 교차로횡단보도내,승용,여,70세,상해없음,보행자,여,75세,중상
노인운전자사고,2021072100100031,2021년 7월 21일 05시,수요일,부산광역시 강서구 녹산동,중상사고,0,1,0,0,차대차 - 측면충돌,안전운전불이행,건조,맑음,단일로 - 기타,승용,남,78세,상해없음,자전거,남,66세,중상
노인운전자사고,2021072100100121,2021년 7월 21일 09시,수요일,부산광역시 연제구 연산동,경상사고,0,0,3,0,차대차 - 기타,안전운전불이행,건조,맑음,교차로 - 교차로부근,승용,남,69세,경상,승용,남,25세,경상
노인운전자사고,2.02107E+15,2021년 7월 21일 15시,수요일,부산광역시 해운대구 우동,경상사고,0,0,2,0,차대차 - 추돌,안전운전불이행,건조,맑음,단일로 - 기타,승용,남,68세,상해없음,승용,남,42세,경상
노인운전자사고,2021072100100454,2021년 7월 21일 17시,수요일,부산광역시 부산진구 부전동,경상사고,0,0,1,0,차대차 - 기타,안전운전불이행,건조,맑음,단일로 - 기타,건설기계,남,71세,상해없음,이륜,남,52세,경상
노인운전자사고,2021072100100512,2021년 7월 21일 18시,수요일,부산광역시 기장군 일광면,경상사고,0,0,1,0,차대차 - 추돌,안전거리미확보,건조,맑음,교차로 - 교차로부근,화물,남,72세,상해없음,승용,남,26세,경상
노인운전자사고,2021072100100558,2021년 7월 21일 19시,수요일,부산광역시 사하구 하단동,중상사고,0,1,0,0,차대차 - 기타,불법유턴,건조,맑음,교차로 - 교차로횡단보도내,자전거,남,81세,중상,승용,여,61세,상해없음
노인운전자사고,2021072200100054,2021년 7월 22일 07시,목요일,부산광역시 연제구 연산동,부상신고사고,0,0,0,1,차대사람 - 길가장자리구역통행중,안전운전불이행,건조,맑음,단일로 - 기타,승용,남,70세,상해없음,보행자,남,51세,부상신고
노인운전자사고,2.02107E+15,2021년 7월 22일 08시,목요일,부산광역시 영도구 영선동4가,경상사고,0,0,3,0,차대차 - 후진중충돌,안전운전불이행,건조,맑음,교차로 - 교차로부근,승용,남,74세,상해없음,승용,여,29세,경상
노인운전자사고,2021072200100082,2021년 7월 22일 08시,목요일,부산광역시 금정구 부곡동,경상사고,0,0,1,0,차대사람 - 횡단중,신호위반,건조,맑음,단일로 - 기타,승용,남,78세,상해없음,보행자,여,23세,경상
노인운전자사고,2021072200100124,2021년 7월 22일 09시,목요일,부산광역시 부산진구 범전동,중상사고,0,1,0,0,차대사람 - 횡단중,보행자보호의무위반,건조,맑음,교차로 - 교차로부근,화물,남,65세,상해없음,보행자,여,18세,중상
노인운전자사고,2021072200100341,2021년 7월 22일 15시,목요일,부산광역시 해운대구 우동,경상사고,0,0,1,0,차량단독 - 기타,안전운전불이행,건조,맑음,교차로 - 교차로부근,화물,남,66세,상해없음,,,,
노인운전자사고,2021072200100343,2021년 7월 22일 15시,목요일,부산광역시 강서구 강동동,경상사고,0,0,1,0,차대차 - 측면충돌,안전운전불이행,건조,맑음,단일로 - 기타,자전거,남,72세,경상,화물,남,64세,상해없음
노인운전자사고,2021072200100431,2021년 7월 22일 17시,목요일,부산광역시 연제구 연산동,경상사고,0,0,1,0,차대사람 - 차도통행중,안전운전불이행,건조,맑음,교차로 - 교차로부근,승용,남,66세,상해없음,보행자,남,59세,경상
노인운전자사고,2021072300100027,2021년 7월 23일 03시,금요일,부산광역시 해운대구 반여동,경상사고,0,0,1,0,차대차 - 추돌,안전운전불이행,건조,맑음,교차로 - 교차로안,승용,남,76세,상해없음,이륜,남,36세,경상
노인운전자사고,2021072300100076,2021년 7월 23일 08시,금요일,부산광역시 사상구 엄궁동,경상사고,0,0,1,0,차대차 - 측면충돌,안전거리미확보,건조,맑음,단일로 - 기타,화물,남,66세,상해없음,승용,남,26세,경상
노인운전자사고,2021072300100215,2021년 7월 23일 12시,금요일,부산광역시 동래구 안락동,경상사고,0,0,1,0,차대차 - 후진중충돌,안전운전불이행,건조,맑음,교차로 - 교차로부근,화물,남,78세,상해없음,승용,남,52세,경상
노인운전자사고,2021072300100372,2021년 7월 23일 16시,금요일,부산광역시 수영구 망미동,경상사고,0,0,1,0,차대차 - 후진중충돌,불법유턴,건조,맑음,주차장 - 주차장,승용,남,68세,상해없음,승용,남,40세,경상
노인운전자사고,2021072300100427,2021년 7월 23일 17시,금요일,부산광역시 동래구 낙민동,중상사고,0,1,0,0,차대차 - 기타,신호위반,건조,맑음,교차로 - 교차로안,승용,남,68세,상해없음,이륜,남,68세,중상
노인운전자사고,2021072300100476,2021년 7월 23일 18시,금요일,부산광역시 부산진구 당감동,경상사고,0,0,1,0,차대차 - 측면충돌,안전운전불이행,건조,맑음,교차로 - 교차로안,승용,남,76세,상해없음,이륜,남,34세,경상
노인운전자사고,2021072300100573,2021년 7월 23일 20시,금요일,부산광역시 사상구 감전동,경상사고,0,0,1,0,차대차 - 측면충돌,신호위반,건조,맑음,교차로 - 교차로안,승용,남,69세,기타불명,승용,남,40세,경상
노인운전자사고,2021072400100231,2021년 7월 24일 13시,토요일,부산광역시 연제구 연산동,경상사고,0,0,3,0,차대차 - 추돌,신호위반,건조,맑음,교차로 - 교차로안,승용,남,70세,상해없음,승용,남,33세,경상
노인운전자사고,2021072400100318,2021년 7월 24일 15시,토요일,부산광역시 금정구 장전동,경상사고,0,0,3,0,차대차 - 정면충돌,중앙선침범,건조,맑음,교차로 - 교차로부근,승용,남,74세,상해없음,승용,남,37세,경상
노인운전자사고,2021072400100489,2021년 7월 24일 20시,토요일,부산광역시 동래구 사직동,경상사고,0,0,1,0,차대차 - 측면충돌,기타,건조,맑음,교차로 - 교차로안,승용,남,66세,기타불명,승용,남,61세,상해없음
노인운전자사고,2.02107E+15,2021년 7월 24일 22시,토요일,부산광역시 동구 범일동,경상사고,0,0,1,0,차대사람 - 기타,안전운전불이행,건조,맑음,단일로 - 기타,승용,남,67세,상해없음,보행자,남,40세,경상
노인운전자사고,2021072500100092,2021년 7월 25일 11시,일요일,부산광역시 동구 좌천동,경상사고,0,0,1,0,차대차 - 기타,안전운전불이행,건조,맑음,교차로 - 교차로안,승용,남,66세,상해없음,화물,남,50세,상해없음
노인운전자사고,2021072500100184,2021년 7월 25일 14시,일요일,부산광역시 부산진구 연지동,중상사고,0,1,0,0,차대차 - 기타,안전운전불이행,건조,맑음,교차로 - 교차로안,승용,남,68세,상해없음,이륜,여,59세,중상
노인운전자사고,2.02107E+15,2021년 7월 25일 16시,일요일,부산광역시 금정구 장전동,중상사고,0,1,0,0,차대차 - 측면충돌,안전운전불이행,건조,맑음,교차로 - 교차로횡단보도내,자전거,남,70세,중상,승용,남,35세,상해없음
노인운전자사고,2021072600100108,2021년 7월 26일 09시,월요일,부산광역시 사하구 하단동,경상사고,0,0,1,0,차대차 - 기타,교차로운행방법위반,건조,맑음,교차로 - 교차로부근,화물,남,75세,기타불명,승용,여,60세,경상
노인운전자사고,2021072600100187,2021년 7월 26일 11시,월요일,부산광역시 북구 덕천동,중상사고,0,1,0,0,차대차 - 추돌,안전거리미확보,건조,맑음,교차로 - 교차로부근,건설기계,남,68세,상해없음,승용,여,64세,중상
노인운전자사고,2.02107E+15,2021년 7월 26일 11시,월요일,부산광역시 부산진구 부전동,중상사고,0,1,0,0,차대사람 - 횡단중,보행자보호의무위반,건조,맑음,교차로 - 교차로횡단보도내,승용,남,72세,기타불명,보행자,남,83세,중상
노인운전자사고,2021072600100246,2021년 7월 26일 12시,월요일,부산광역시 연제구 연산동,경상사고,0,0,1,0,차대차 - 측면충돌,안전거리미확보,건조,맑음,단일로 - 기타,승용,남,68세,상해없음,승용,여,73세,경상
노인운전자사고,2021072600100247,2021년 7월 26일 12시,월요일,부산광역시 강서구 대저2동,경상사고,0,0,2,0,차대차 - 기타,안전운전불이행,건조,맑음,단일로 - 기타,승용,남,70세,상해없음,화물,남,63세,경상
노인운전자사고,2021072600100285,2021년 7월 26일 13시,월요일,부산광역시 사하구 하단동,경상사고,0,0,1,0,차대차 - 기타,신호위반,건조,맑음,교차로 - 교차로안,승용,남,79세,상해없음,이륜,남,22세,경상
노인운전자사고,2021072600100316,2021년 7월 26일 14시,월요일,부산광역시 동래구 온천동,경상사고,0,0,1,0,차대차 - 측면충돌,안전운전불이행,건조,맑음,단일로 - 기타,건설기계,남,73세,상해없음,승용,여,32세,경상
노인운전자사고,2021072600100521,2021년 7월 26일 19시,월요일,부산광역시 북구 금곡동,경상사고,0,0,1,0,차대차 - 기타,안전운전불이행,건조,맑음,단일로 - 기타,특수,남,67세,상해없음,화물,남,63세,경상
노인운전자사고,2021072600100522,2021년 7월 26일 19시,월요일,부산광역시 영도구 봉래동3가,경상사고,0,0,3,0,차대차 - 측면충돌,차로위반,건조,맑음,단일로 - 기타,승용,남,65세,상해없음,승용,남,40세,경상
노인운전자사고,2021072700100024,2021년 7월 27일 05시,화요일,부산광역시 동래구 낙민동,경상사고,0,0,1,0,차대차 - 측면충돌,직진우회전진행방해,건조,맑음,교차로 - 교차로안,화물,남,67세,기타불명,승용,남,29세,경상
노인운전자사고,2021072700100036,2021년 7월 27일 06시,화요일,부산광역시 사하구 괴정동,중상사고,0,1,0,0,차대사람 - 횡단중,안전운전불이행,건조,맑음,단일로 - 기타,승용,남,66세,상해없음,보행자,여,71세,중상
노인운전자사고,2021072700100413,2021년 7월 27일 17시,화요일,부산광역시 북구 덕천동,경상사고,0,0,1,0,차대차 - 추돌,안전운전불이행,건조,맑음,교차로 - 교차로안,화물,남,72세,상해없음,승용,여,36세,경상
노인운전자사고,2021072700100511,2021년 7월 27일 19시,화요일,부산광역시 금정구 장전동,경상사고,0,0,1,0,차대차 - 추돌,안전거리미확보,건조,맑음,교차로 - 교차로부근,화물,남,69세,상해없음,승용,남,30세,경상
노인운전자사고,2021072700100565,2021년 7월 27일 21시,화요일,부산광역시 부산진구 전포동,중상사고,0,1,0,0,차대사람 - 횡단중,보행자보호의무위반,건조,맑음,교차로 - 교차로횡단보도내,승용,남,71세,상해없음,보행자,여,76세,중상
노인운전자사고,2021072800100039,2021년 7월 28일 06시,수요일,부산광역시 사하구 하단동,중상사고,0,1,1,0,차대차 - 기타,신호위반,건조,맑음,교차로 - 교차로안,승용,남,66세,중상,승용,남,62세,경상
노인운전자사고,2.02107E+15,2021년 7월 28일 10시,수요일,부산광역시 강서구 명지동,경상사고,0,0,1,0,차대차 - 측면충돌,안전운전불이행,건조,맑음,교차로 - 교차로안,화물,남,68세,상해없음,화물,남,28세,경상
노인운전자사고,2021072800100212,2021년 7월 28일 12시,수요일,부산광역시 동구 범일동,경상사고,0,0,1,0,차대차 - 측면충돌,교차로운행방법위반,건조,맑음,교차로 - 교차로안,승용,남,65세,상해없음,승용,남,35세,경상
노인운전자사고,2021072800100214,2021년 7월 28일 12시,수요일,부산광역시 부산진구 당감동,중상사고,0,1,1,0,차대차 - 추돌,안전운전불이행,건조,맑음,교차로 - 교차로부근,승용,남,77세,상해없음,화물,남,35세,중상
노인운전자사고,2021072800100248,2021년 7월 28일 13시,수요일,부산광역시 해운대구 좌동,경상사고,0,0,1,0,차대차 - 기타,신호위반,건조,맑음,교차로 - 교차로안,승용,남,67세,상해없음,화물,남,33세,경상
노인운전자사고,2021072800100389,2021년 7월 28일 17시,수요일,부산광역시 중구 대청동1가,중상사고,0,1,0,0,차대사람 - 차도통행중,안전운전불이행,건조,맑음,교차로 - 교차로안,이륜,남,76세,상해없음,보행자,여,67세,중상
노인운전자사고,2.02107E+15,2021년 7월 28일 17시,수요일,부산광역시 영도구 남항동3가,경상사고,0,0,1,0,차대사람 - 길가장자리구역통행중,안전운전불이행,건조,맑음,미분류 - 미분류,승용,남,71세,기타불명,보행자,남,47세,경상
노인운전자사고,2021072800100522,2021년 7월 28일 20시,수요일,부산광역시 북구 만덕동,경상사고,0,0,1,0,차대차 - 기타,안전거리미확보,건조,맑음,교차로 - 교차로부근,화물,남,78세,상해없음,승용,남,38세,경상
노인운전자사고,2.02107E+15,2021년 7월 30일 05시,금요일,부산광역시 북구 구포동,경상사고,0,0,1,0,차대차 - 기타,안전운전불이행,건조,맑음,교차로 - 교차로횡단보도내,자전거,남,79세,경상,승합,남,58세,상해없음
노인운전자사고,2021073000100101,2021년 7월 30일 09시,금요일,부산광역시 영도구 영선동2가,경상사고,0,0,3,0,차대차 - 측면충돌,교차로운행방법위반,건조,맑음,교차로 - 교차로안,승용,남,77세,경상,화물,남,41세,경상
노인운전자사고,2.02107E+15,2021년 7월 30일 12시,금요일,부산광역시 해운대구 중동,경상사고,0,0,2,0,차대차 - 추돌,안전거리미확보,건조,맑음,교차로 - 교차로부근,승용,남,68세,상해없음,승용,남,26세,상해없음
노인운전자사고,2021073000100204,2021년 7월 30일 12시,금요일,부산광역시 연제구 연산동,부상신고사고,0,0,0,1,차대차 - 기타,교차로운행방법위반,건조,맑음,교차로 - 교차로안,이륜,남,73세,부상신고,승용,여,67세,상해없음
노인운전자사고,2021073000100283,2021년 7월 30일 14시,금요일,부산광역시 서구 동대신동3가,경상사고,0,0,2,1,차대차 - 측면충돌,안전거리미확보,건조,맑음,단일로 - 기타,승용,여,65세,상해없음,승용,남,47세,경상
노인운전자사고,2021073000100287,2021년 7월 30일 14시,금요일,부산광역시 기장군 기장읍,경상사고,0,0,1,0,차대차 - 기타,안전운전불이행,건조,맑음,기타 - 기타,승용,남,70세,상해없음,승용,여,39세,경상
노인운전자사고,2021073000100319,2021년 7월 30일 15시,금요일,부산광역시 동래구 안락동,부상신고사고,0,0,0,1,차대차 - 기타,안전운전불이행,건조,맑음,단일로 - 기타,이륜,남,67세,부상신고,승용,여,59세,상해없음
노인운전자사고,2.02107E+15,2021년 7월 30일 15시,금요일,부산광역시 사상구 삼락동,중상사고,0,1,0,0,차대차 - 측면충돌,안전운전불이행,건조,맑음,단일로 - 기타,승용,남,66세,상해없음,자전거,남,77세,중상
노인운전자사고,2021073000100353,2021년 7월 30일 16시,금요일,부산광역시 남구 용호동,경상사고,0,0,1,0,차대차 - 측면충돌,안전운전불이행,건조,맑음,교차로 - 교차로안,승용,여,78세,상해없음,승용,남,29세,경상
노인운전자사고,2021073000100445,2021년 7월 30일 18시,금요일,부산광역시 동래구 수안동,경상사고,0,0,1,0,차대차 - 측면충돌,차로위반,건조,맑음,단일로 - 기타,승용,남,74세,상해없음,승용,남,64세,경상
노인운전자사고,2021073000100448,2021년 7월 30일 18시,금요일,부산광역시 사상구 학장동,경상사고,0,0,1,0,차대차 - 측면충돌,신호위반,건조,맑음,교차로 - 교차로안,화물,남,68세,상해없음,승용,남,22세,상해없음
노인운전자사고,2021073000100571,2021년 7월 30일 22시,금요일,부산광역시 해운대구 중동,경상사고,0,0,2,0,차대차 - 측면충돌,안전운전불이행,건조,맑음,교차로 - 교차로안,승용,남,70세,상해없음,승용,여,42세,경상
노인운전자사고,2021073100100173,2021년 7월 31일 12시,토요일,부산광역시 동구 좌천동,중상사고,0,1,0,0,차대사람 - 기타,안전운전불이행,건조,맑음,단일로 - 기타,승용,남,73세,상해없음,보행자,여,80세,중상
노인운전자사고,2021073100100301,2021년 7월 31일 15시,토요일,부산광역시 동구 수정동,경상사고,0,0,2,0,차대차 - 측면충돌,안전거리미확보,건조,맑음,단일로 - 기타,승용,여,67세,상해없음,승용,여,52세,경상
노인운전자사고,2021080100100046,2021년 8월 1일 08시,일요일,부산광역시 부산진구 개금동,경상사고,0,0,1,0,차대차 - 추돌,안전거리미확보,건조,맑음,교차로 - 교차로안,승용,남,69세,상해없음,이륜,남,16세,경상
노인운전자사고,2.02108E+15,2021년 8월 1일 11시,일요일,부산광역시 부산진구 부전동,부상신고사고,0,0,0,1,차대차 - 측면충돌,신호위반,건조,맑음,교차로 - 교차로안,자전거,남,82세,부상신고,승용,남,33세,상해없음
노인운전자사고,2021080100100355,2021년 8월 1일 20시,일요일,부산광역시 부산진구 양정동,경상사고,0,0,1,0,차대차 - 추돌,안전운전불이행,건조,맑음,교차로 - 교차로안,승용,남,67세,상해없음,이륜,남,33세,경상
노인운전자사고,2021080100100357,2021년 8월 1일 20시,일요일,부산광역시 금정구 부곡동,중상사고,0,1,0,0,차대차 - 측면충돌,불법유턴,젖음/습기,비,교차로 - 교차로안,자전거,남,72세,중상,승용,남,62세,상해없음
노인운전자사고,2021080200100092,2021년 8월 2일 09시,월요일,부산광역시 사하구 하단동,중상사고,0,1,0,0,차대차 - 측면충돌,안전운전불이행,건조,맑음,기타 - 기타,승용,남,67세,상해없음,자전거,남,85세,중상
노인운전자사고,2021080200100123,2021년 8월 2일 10시,월요일,부산광역시 부산진구 전포동,중상사고,0,1,0,0,차대차 - 기타,중앙선침범,건조,맑음,기타 - 기타,자전거,남,73세,중상,승용,남,23세,상해없음
노인운전자사고,2021080200100261,2021년 8월 2일 14시,월요일,부산광역시 동래구 명륜동,경상사고,0,0,1,0,차대사람 - 횡단중,보행자보호의무위반,건조,맑음,단일로 - 기타,승용,남,69세,상해없음,보행자,여,26세,경상
노인운전자사고,2021080200100265,2021년 8월 2일 14시,월요일,부산광역시 기장군 기장읍,경상사고,0,0,1,0,차대차 - 기타,안전운전불이행,건조,맑음,교차로 - 교차로안,화물,남,77세,기타불명,승용,여,58세,경상
노인운전자사고,2021080200100307,2021년 8월 2일 15시,월요일,부산광역시 기장군 기장읍,경상사고,0,0,3,0,차대차 - 추돌,안전운전불이행,건조,맑음,단일로 - 기타,승용,남,77세,상해없음,승용,남,45세,경상
노인운전자사고,2021080200100376,2021년 8월 2일 17시,월요일,부산광역시 사상구 삼락동,경상사고,0,0,3,0,차대차 - 기타,안전거리미확보,건조,맑음,단일로 - 기타,승용,남,72세,상해없음,승용,여,32세,경상
노인운전자사고,2021080200100549,2021년 8월 2일 22시,월요일,부산광역시 수영구 수영동,경상사고,0,0,1,0,차대차 - 측면충돌,안전거리미확보,건조,맑음,교차로 - 교차로부근,승용,남,65세,상해없음,승용,남,59세,경상
노인운전자사고,2.02108E+15,2021년 8월 3일 08시,화요일,부산광역시 동래구 안락동,경상사고,0,0,1,0,차대차 - 측면충돌,안전운전불이행,건조,맑음,단일로 - 기타,승용,남,70세,상해없음,승용,여,42세,경상
노인운전자사고,2021080300100052,2021년 8월 3일 08시,화요일,부산광역시 기장군 정관읍,중상사고,0,1,0,0,차대차 - 측면충돌,안전거리미확보,건조,맑음,교차로 - 교차로부근,승용,남,72세,상해없음,승용,여,53세,중상
노인운전자사고,2021080300100096,2021년 8월 3일 10시,화요일,부산광역시 부산진구 부전동,경상사고,0,0,1,0,차대사람 - 차도통행중,안전운전불이행,건조,맑음,단일로 - 기타,승용,남,72세,상해없음,보행자,여,23세,경상
노인운전자사고,2021080300100164,2021년 8월 3일 12시,화요일,부산광역시 북구 구포동,중상사고,0,1,0,0,차대차 - 추돌,신호위반,건조,맑음,교차로 - 교차로안,승용,남,67세,상해없음,원동기,남,49세,중상
노인운전자사고,2021080300100413,2021년 8월 3일 19시,화요일,부산광역시 해운대구 좌동,경상사고,0,0,1,0,차대차 - 측면충돌,안전운전불이행,건조,맑음,단일로 - 기타,승용,남,75세,상해없음,이륜,남,39세,경상
노인운전자사고,2021080400100029,2021년 8월 4일 06시,수요일,부산광역시 해운대구 반여동,경상사고,0,0,1,0,차대차 - 측면충돌,신호위반,건조,맑음,교차로 - 교차로안,승용,남,71세,상해없음,이륜,남,64세,경상
노인운전자사고,2021080400100127,2021년 8월 4일 10시,수요일,부산광역시 해운대구 재송동,경상사고,0,0,1,0,차대차 - 추돌,안전운전불이행,건조,맑음,교차로 - 교차로부근,승용,남,78세,상해없음,화물,남,54세,경상
노인운전자사고,2021080400100306,2021년 8월 4일 15시,수요일,부산광역시 수영구 광안동,경상사고,0,0,1,0,차대차 - 기타,안전운전불이행,건조,맑음,단일로 - 기타,승용,여,76세,상해없음,승용,여,32세,경상
노인운전자사고,2021080400100342,2021년 8월 4일 16시,수요일,부산광역시 해운대구 우동,경상사고,0,0,1,0,차대차 - 측면충돌,기타,건조,맑음,교차로 - 교차로안,승용,남,70세,상해없음,승용,여,41세,경상
노인운전자사고,2.02108E+15,2021년 8월 5일 09시,목요일,부산광역시 기장군 기장읍,경상사고,0,0,1,0,차대차 - 기타,안전운전불이행,건조,맑음,교차로 - 교차로부근,승용,남,75세,상해없음,승용,여,40세,경상
노인운전자사고,2021080500100131,2021년 8월 5일 10시,목요일,부산광역시 기장군 기장읍,중상사고,0,1,0,0,차대사람 - 기타,안전운전불이행,건조,맑음,단일로 - 기타,승용,남,66세,상해없음,보행자,남,73세,중상
노인운전자사고,2021080500100405,2021년 8월 5일 17시,목요일,부산광역시 부산진구 전포동,경상사고,0,0,1,0,차대사람 - 기타,안전운전불이행,건조,맑음,단일로 - 기타,승용,남,73세,상해없음,보행자,여,16세,경상
노인운전자사고,2.02108E+15,2021년 8월 6일 06시,금요일,부산광역시 사상구 주례동,경상사고,0,0,1,0,차대차 - 추돌,안전운전불이행,건조,맑음,단일로 - 기타,농기계,남,77세,경상,승용,남,61세,상해없음
노인운전자사고,2021080600100147,2021년 8월 6일 10시,금요일,부산광역시 기장군 기장읍,경상사고,0,0,1,0,차대차 - 추돌,안전운전불이행,건조,맑음,교차로 - 교차로안,승용,남,78세,상해없음,승용,남,62세,경상
노인운전자사고,2021080600100233,2021년 8월 6일 13시,금요일,부산광역시 서구 동대신동1가,중상사고,0,1,0,0,차대차 - 추돌,안전운전불이행,건조,맑음,단일로 - 기타,화물,남,69세,상해없음,원동기,남,51세,중상
노인운전자사고,2.02108E+15,2021년 8월 6일 14시,금요일,부산광역시 연제구 거제동,경상사고,0,0,1,0,차대차 - 추돌,안전운전불이행,건조,맑음,교차로 - 교차로부근,이륜,남,68세,경상,화물,남,67세,상해없음