사고부문,사고번호,사고일시,요일,시군구,사고내용,사망자수,중상자수,경상자수,부상신고자수,사고유형,법규위반,노면상태,기상상태,도로형태,가해운전자 차종,가해운전자 성별,가해운전자 연령,가해운전자 상해정도,피해운전자 차종,피해운전자 성별,피해운전자 연령,피해운전자 상해정도
노인운전자사고,2021080600100271,2021년 8월 6일 14시,금요일,부산광역시 연제구 연산동,경상사고,0,0,1,0,차대차 - 측면충돌,중앙선침범,건조,맑음,단일로 - 기타,승용,남,72세,상해없음,승용,남,48세,경상
노인운전자사고,2021080600100605,2021년 8월 6일 22시,금요일,부산광역시 연제구 연산동,경상사고,0,0,1,1,차대차 - 기타,기타,건조,맑음,단일로 - 기타,승용,남,65세,경상,원동기,남,22세,부상신고
노인운전자사고,2021080700100028,2021년 8월 7일 05시,토요일,부산광역시 중구 중앙동4가,중상사고,0,1,2,0,차대차 - 측면충돌,신호위반,건조,맑음,교차로 - 교차로안,승용,남,75세,상해없음,승용,남,63세,경상
노인운전자사고,2021080700100063,2021년 8월 7일 08시,토요일,부산광역시 동구 초량동,경상사고,0,0,1,0,차대차 - 측면충돌,중앙선침범,건조,맑음,단일로 - 기타,승용,남,81세,상해없음,승용,남,71세,경상
노인운전자사고,2021080700100074,2021년 8월 7일 09시,토요일,부산광역시 남구 용호동,경상사고,0,0,1,0,차대차 - 기타,중앙선침범,건조,맑음,교차로 - 교차로부근,자전거,남,80세,기타불명,승용,여,49세,경상
노인운전자사고,2021080700100287,2021년 8월 7일 15시,토요일,부산광역시 영도구 봉래동3가,경상사고,0,0,1,0,차대차 - 측면충돌,안전거리미확보,건조,맑음,단일로 - 기타,승용,남,66세,기타불명,승용,여,35세,경상
노인운전자사고,2021080700100463,2021년 8월 7일 20시,토요일,부산광역시 부산진구 양정동,중상사고,0,1,0,0,차대사람 - 기타,안전운전불이행,건조,맑음,교차로 - 교차로부근,승용,남,68세,상해없음,보행자,남,84세,중상
노인운전자사고,2021080800100325,2021년 8월 8일 19시,일요일,부산광역시 북구 구포동,중상사고,0,1,0,0,차대차 - 기타,신호위반,젖음/습기,비,교차로 - 교차로안,승용,남,72세,상해없음,이륜,남,52세,중상
노인운전자사고,2021080900100156,2021년 8월 9일 10시,월요일,부산광역시 북구 만덕동,경상사고,0,0,1,0,차대차 - 기타,안전거리미확보,건조,맑음,단일로 - 기타,화물,남,66세,상해없음,승용,남,44세,경상
노인운전자사고,2021080900100189,2021년 8월 9일 11시,월요일,부산광역시 남구 대연동,경상사고,0,0,2,0,차대차 - 측면충돌,안전운전불이행,건조,맑음,단일로 - 기타,화물,남,65세,상해없음,승용,여,29세,경상
노인운전자사고,2021080900100231,2021년 8월 9일 12시,월요일,부산광역시 서구 서대신동2가,경상사고,0,0,1,0,차대사람 - 횡단중,신호위반,건조,맑음,단일로 - 기타,이륜,남,70세,상해없음,보행자,여,60세,경상
노인운전자사고,2021080900100266,2021년 8월 9일 13시,월요일,부산광역시 부산진구 부암동,경상사고,0,0,1,0,차대차 - 측면충돌,안전운전불이행,건조,맑음,교차로 - 교차로안,화물,남,77세,상해없음,이륜,남,27세,경상
노인운전자사고,2021080900100532,2021년 8월 9일 20시,월요일,부산광역시 연제구 연산동,경상사고,0,0,1,0,차대차 - 추돌,안전운전불이행,건조,맑음,교차로 - 교차로부근,승용,남,79세,상해없음,이륜,남,20세,경상
노인운전자사고,2021081000100011,2021년 8월 10일 02시,화요일,부산광역시 부산진구 당감동,경상사고,0,0,1,0,차대차 - 측면충돌,안전운전불이행,건조,맑음,교차로 - 교차로안,승용,남,68세,상해없음,승용,남,42세,상해없음
노인운전자사고,2021081000100058,2021년 8월 10일 08시,화요일,부산광역시 사상구 학장동,경상사고,0,0,1,0,차대차 - 기타,교차로운행방법위반,건조,맑음,교차로 - 교차로안,화물,남,69세,상해없음,승용,여,51세,경상
노인운전자사고,2.02108E+15,2021년 8월 10일 09시,화요일,부산광역시 기장군 기장읍,중상사고,0,1,0,0,차대사람 - 기타,안전운전불이행,건조,맑음,기타 - 기타,승용,남,68세,상해없음,보행자,여,83세,중상
노인운전자사고,2021081000100552,2021년 8월 10일 23시,화요일,부산광역시 해운대구 좌동,중상사고,0,1,0,0,차대차 - 측면충돌,신호위반,건조,맑음,교차로 - 교차로안,승용,남,75세,상해없음,원동기,남,38세,중상
노인운전자사고,2021081100100126,2021년 8월 11일 10시,수요일,부산광역시 부산진구 전포동,중상사고,0,1,0,0,차대차 - 기타,중앙선침범,건조,맑음,단일로 - 기타,기타불명,여,81세,중상,화물,남,57세,상해없음
노인운전자사고,2021081100100194,2021년 8월 11일 12시,수요일,부산광역시 해운대구 좌동,경상사고,0,0,1,0,차대사람 - 기타,안전운전불이행,건조,맑음,단일로 - 기타,승용,남,72세,상해없음,보행자,남,54세,경상
노인운전자사고,2021081100100195,2021년 8월 11일 12시,수요일,부산광역시 부산진구 부전동,경상사고,0,0,1,0,차대사람 - 기타,안전운전불이행,건조,맑음,교차로 - 교차로부근,승용,남,69세,상해없음,보행자,여,23세,경상
노인운전자사고,2021081100100311,2021년 8월 11일 16시,수요일,부산광역시 부산진구 범천동,경상사고,0,0,1,0,차대사람 - 차도통행중,안전운전불이행,건조,맑음,교차로 - 교차로안,승용,남,65세,상해없음,보행자,여,57세,경상
노인운전자사고,2021081100100384,2021년 8월 11일 18시,수요일,부산광역시 금정구 장전동,부상신고사고,0,0,0,1,차대사람 - 차도통행중,교차로운행방법위반,건조,맑음,단일로 - 기타,승용,남,72세,상해없음,보행자,여,79세,부상신고
노인운전자사고,2021081200100047,2021년 8월 12일 07시,목요일,부산광역시 사상구 감전동,경상사고,0,0,1,0,차대차 - 측면충돌,교차로운행방법위반,건조,맑음,교차로 - 교차로안,화물,남,68세,상해없음,승용,남,26세,경상
노인운전자사고,2021081200100112,2021년 8월 12일 09시,목요일,부산광역시 금정구 구서동,부상신고사고,0,0,0,1,차대사람 - 기타,안전운전불이행,건조,맑음,기타 - 기타,승용,남,68세,상해없음,보행자,여,25세,부상신고
노인운전자사고,2.02108E+15,2021년 8월 12일 14시,목요일,부산광역시 강서구 명지동,중상사고,0,1,1,0,차대차 - 측면충돌,안전운전불이행,건조,맑음,단일로 - 기타,승용,남,68세,상해없음,승용,여,30세,중상
노인운전자사고,2021081200100336,2021년 8월 12일 16시,목요일,부산광역시 부산진구 부전동,중상사고,0,1,0,0,차대사람 - 횡단중,보행자보호의무위반,건조,맑음,교차로 - 교차로부근,승용,남,67세,상해없음,보행자,남,52세,중상
노인운전자사고,2021081200100372,2021년 8월 12일 17시,목요일,부산광역시 강서구 대저2동,경상사고,0,0,1,0,차대차 - 측면충돌,중앙선침범,건조,맑음,단일로 - 기타,승용,남,75세,상해없음,이륜,남,24세,경상
노인운전자사고,2021081200100512,2021년 8월 12일 21시,목요일,부산광역시 금정구 장전동,사망사고,1,0,0,0,차대사람 - 횡단중,안전운전불이행,젖음/습기,비,교차로 - 교차로안,승용,남,69세,상해없음,보행자,남,72세,사망
노인운전자사고,2021081300100111,2021년 8월 13일 10시,금요일,부산광역시 해운대구 우동,경상사고,0,0,1,0,차대차 - 후진중충돌,안전운전불이행,건조,맑음,교차로 - 교차로부근,승용,남,85세,상해없음,승용,남,48세,경상
노인운전자사고,2021081300100181,2021년 8월 13일 12시,금요일,부산광역시 연제구 연산동,중상사고,0,1,1,0,차대차 - 추돌,교차로운행방법위반,건조,맑음,교차로 - 교차로안,승용,남,69세,중상,승용,남,63세,경상
노인운전자사고,2021081300100328,2021년 8월 13일 16시,금요일,부산광역시 동래구 온천동,경상사고,0,0,1,0,차대사람 - 기타,안전운전불이행,건조,맑음,단일로 - 기타,승용,여,69세,상해없음,보행자,남,26세,경상
노인운전자사고,2021081300100373,2021년 8월 13일 17시,금요일,부산광역시 영도구 대교동2가,중상사고,0,1,0,0,차대사람 - 횡단중,교차로운행방법위반,건조,맑음,교차로 - 교차로안,승용,남,65세,상해없음,보행자,여,52세,중상
노인운전자사고,2.02108E+15,2021년 8월 13일 18시,금요일,부산광역시 부산진구 범천동,경상사고,0,0,1,0,차대사람 - 기타,안전운전불이행,건조,맑음,교차로 - 교차로안,승합,남,67세,상해없음,보행자,여,26세,경상
노인운전자사고,2021081300100474,2021년 8월 13일 19시,금요일,부산광역시 수영구 망미동,경상사고,0,0,1,0,차대차 - 기타,안전운전불이행,건조,맑음,교차로 - 교차로안,승용,남,65세,상해없음,승용,남,27세,경상
노인운전자사고,2021081400100226,2021년 8월 14일 14시,토요일,부산광역시 사상구 주례동,경상사고,0,0,1,0,차대사람 - 차도통행중,안전운전불이행,건조,맑음,교차로 - 교차로안,승용,남,67세,상해없음,보행자,남,38세,경상
노인운전자사고,2021081400100354,2021년 8월 14일 18시,토요일,부산광역시 동래구 온천동,경상사고,0,0,1,0,차대차 - 측면충돌,안전운전불이행,건조,맑음,단일로 - 기타,승합,남,73세,상해없음,승용,남,59세,경상
노인운전자사고,2021081500100157,2021년 8월 15일 13시,일요일,부산광역시 영도구 신선동1가,경상사고,0,0,1,0,차대차 - 측면충돌,직진우회전진행방해,건조,맑음,교차로 - 교차로안,화물,남,77세,상해없음,승용,남,63세,상해없음
노인운전자사고,2021081500100158,2021년 8월 15일 13시,일요일,부산광역시 부산진구 당감동,경상사고,0,0,1,0,차대차 - 정면충돌,중앙선침범,건조,맑음,기타 - 기타,승용,여,65세,상해없음,승용,남,45세,경상
노인운전자사고,2021081500100159,2021년 8월 15일 13시,일요일,부산광역시 기장군 정관읍,경상사고,0,0,5,0,차대차 - 추돌,안전운전불이행,건조,맑음,교차로 - 교차로부근,승용,남,69세,상해없음,승용,남,29세,경상
노인운전자사고,2021081500100189,2021년 8월 15일 14시,일요일,부산광역시 금정구 부곡동,경상사고,0,0,1,0,차대차 - 측면충돌,신호위반,건조,맑음,단일로 - 기타,승용,남,72세,상해없음,이륜,남,39세,경상
노인운전자사고,2021081500100191,2021년 8월 15일 14시,일요일,부산광역시 연제구 연산동,부상신고사고,0,0,0,1,차대차 - 추돌,안전운전불이행,건조,맑음,단일로 - 기타,승용,남,70세,상해없음,승용,남,44세,부상신고
노인운전자사고,2.02108E+15,2021년 8월 16일 07시,월요일,부산광역시 기장군 정관읍,경상사고,0,0,1,0,차대차 - 기타,안전운전불이행,건조,맑음,교차로 - 교차로부근,승용,여,76세,상해없음,화물,남,40세,경상
노인운전자사고,2.02108E+15,2021년 8월 16일 13시,월요일,부산광역시 기장군 일광면,경상사고,0,0,2,0,차대차 - 측면충돌,안전거리미확보,건조,맑음,단일로 - 기타,승용,남,66세,상해없음,화물,남,65세,경상
노인운전자사고,2021081600100197,2021년 8월 16일 14시,월요일,부산광역시 해운대구 반여동,중상사고,0,1,0,0,차대차 - 측면충돌,신호위반,건조,맑음,교차로 - 교차로부근,이륜,남,74세,중상,승합,남,47세,상해없음
노인운전자사고,2021081600100368,2021년 8월 16일 19시,월요일,부산광역시 부산진구 범천동,중상사고,0,2,3,0,차대사람 - 기타,신호위반,건조,맑음,교차로 - 교차로안,승용,여,67세,상해없음,보행자,여,28세,중상
노인운전자사고,2021081700100022,2021년 8월 17일 05시,화요일,부산광역시 기장군 기장읍,중상사고,0,1,0,0,차대차 - 추돌,안전운전불이행,젖음/습기,비,단일로 - 기타,화물,남,66세,상해없음,승용,남,32세,중상
노인운전자사고,2021081700100064,2021년 8월 17일 08시,화요일,부산광역시 북구 화명동,경상사고,0,0,1,0,차대차 - 기타,안전운전불이행,건조,맑음,단일로 - 기타,화물,남,66세,상해없음,이륜,남,46세,경상
노인운전자사고,2021081700100102,2021년 8월 17일 09시,화요일,부산광역시 연제구 연산동,경상사고,0,0,1,0,차대차 - 기타,안전거리미확보,건조,맑음,교차로 - 교차로부근,승용,남,65세,상해없음,승용,남,25세,경상
노인운전자사고,2021081700100272,2021년 8월 17일 14시,화요일,부산광역시 부산진구 범천동,경상사고,0,0,1,0,차대차 - 측면충돌,안전거리미확보,건조,맑음,교차로 - 교차로부근,승용,남,84세,상해없음,승용,여,36세,경상
노인운전자사고,2021081700100311,2021년 8월 17일 15시,화요일,부산광역시 강서구 지사동,중상사고,0,2,0,0,차대차 - 측면충돌,신호위반,건조,흐림,교차로 - 교차로안,화물,남,67세,상해없음,승용,남,47세,중상
노인운전자사고,2021081700100348,2021년 8월 17일 16시,화요일,부산광역시 부산진구 범천동,경상사고,0,0,1,0,차대차 - 측면충돌,안전거리미확보,건조,맑음,교차로 - 교차로부근,승용,남,65세,상해없음,승용,남,27세,경상
노인운전자사고,2021081700100508,2021년 8월 17일 20시,화요일,부산광역시 사하구 다대동,경상사고,0,0,1,0,차대사람 - 차도통행중,안전운전불이행,건조,맑음,기타 - 기타,화물,남,72세,상해없음,보행자,남,60세,경상
노인운전자사고,2021081800100121,2021년 8월 18일 10시,수요일,부산광역시 부산진구 개금동,경상사고,0,0,1,0,차대차 - 측면충돌,교차로운행방법위반,건조,맑음,교차로 - 교차로안,승용,여,66세,상해없음,승용,여,49세,경상
노인운전자사고,2021081800100151,2021년 8월 18일 11시,수요일,부산광역시 부산진구 개금동,중상사고,0,1,0,0,차대차 - 기타,안전운전불이행,젖음/습기,비,단일로 - 기타,승용,남,66세,상해없음,이륜,남,51세,중상
노인운전자사고,2.02108E+15,2021년 8월 18일 13시,수요일,부산광역시 영도구 동삼동,경상사고,0,0,1,0,차대차 - 정면충돌,안전운전불이행,건조,맑음,단일로 - 기타,승용,남,67세,상해없음,이륜,남,19세,경상
노인운전자사고,2021081800100255,2021년 8월 18일 14시,수요일,부산광역시 강서구 대저1동,경상사고,0,0,1,0,차대차 - 측면충돌,신호위반,건조,맑음,교차로 - 교차로안,자전거,남,82세,경상,승용,남,47세,상해없음
노인운전자사고,2021081900100055,2021년 8월 19일 08시,목요일,부산광역시 수영구 남천동,경상사고,0,0,1,0,차대차 - 기타,안전운전불이행,건조,맑음,교차로 - 교차로부근,승용,남,71세,상해없음,이륜,여,32세,경상
노인운전자사고,2021081900100094,2021년 8월 19일 09시,목요일,부산광역시 동구 초량동,경상사고,0,0,2,0,차대차 - 측면충돌,안전거리미확보,건조,맑음,단일로 - 기타,승용,남,75세,상해없음,승용,남,39세,경상
노인운전자사고,2021081900100211,2021년 8월 19일 12시,목요일,부산광역시 연제구 연산동,부상신고사고,0,0,0,1,차대차 - 추돌,교차로운행방법위반,건조,맑음,교차로 - 교차로안,화물,남,66세,상해없음,이륜,남,44세,부상신고
노인운전자사고,2021081900100246,2021년 8월 19일 13시,목요일,부산광역시 부산진구 부암동,경상사고,0,0,2,0,차대차 - 측면충돌,교차로운행방법위반,건조,맑음,교차로 - 교차로부근,승용,남,70세,상해없음,승용,여,31세,경상
노인운전자사고,2021081900100307,2021년 8월 19일 15시,목요일,부산광역시 서구 충무동1가,경상사고,0,0,1,0,차대차 - 후진중충돌,안전운전불이행,건조,맑음,단일로 - 기타,승용,남,68세,상해없음,승용,여,53세,경상
노인운전자사고,2021081900100394,2021년 8월 19일 17시,목요일,부산광역시 강서구 명지동,경상사고,0,0,1,0,차대차 - 기타,중앙선침범,건조,맑음,단일로 - 기타,승용,남,72세,상해없음,이륜,남,37세,경상
노인운전자사고,2021082000100093,2021년 8월 20일 09시,금요일,부산광역시 동래구 수안동,경상사고,0,0,1,0,차대차 - 측면충돌,신호위반,건조,맑음,교차로 - 교차로안,승용,남,84세,상해없음,승용,여,78세,경상
노인운전자사고,2021082000100185,2021년 8월 20일 12시,금요일,부산광역시 금정구 구서동,경상사고,0,0,2,1,차대차 - 추돌,안전운전불이행,건조,흐림,교차로 - 교차로안,승용,남,81세,부상신고,승용,남,30세,경상
노인운전자사고,2021082000100186,2021년 8월 20일 12시,금요일,부산광역시 금정구 부곡동,중상사고,0,1,0,0,차대차 - 측면충돌,신호위반,건조,맑음,단일로 - 기타,승용,남,75세,상해없음,이륜,남,57세,중상
노인운전자사고,2021082000100223,2021년 8월 20일 13시,금요일,부산광역시 동래구 안락동,경상사고,0,0,1,0,차대차 - 추돌,안전운전불이행,건조,맑음,단일로 - 기타,화물,남,66세,상해없음,승용,남,63세,경상
노인운전자사고,2021082000100346,2021년 8월 20일 16시,금요일,부산광역시 부산진구 부전동,경상사고,0,0,1,0,차대차 - 기타,신호위반,건조,맑음,교차로 - 교차로안,승용,남,65세,상해없음,승용,남,61세,상해없음
노인운전자사고,2021082000100347,2021년 8월 20일 16시,금요일,부산광역시 금정구 서동,중상사고,0,1,0,0,차대사람 - 횡단중,안전운전불이행,건조,맑음,단일로 - 기타,승용,남,72세,상해없음,보행자,여,78세,중상
노인운전자사고,2021082000100389,2021년 8월 20일 17시,금요일,부산광역시 북구 덕천동,경상사고,0,0,1,0,차대사람 - 차도통행중,안전운전불이행,건조,맑음,단일로 - 지하차도(도로)내,승용,남,68세,상해없음,보행자,여,41세,경상
노인운전자사고,2021082000100445,2021년 8월 20일 18시,금요일,부산광역시 북구 구포동,경상사고,0,0,1,0,차대차 - 정면충돌,신호위반,건조,맑음,교차로 - 교차로안,승용,남,65세,상해없음,이륜,남,26세,경상
노인운전자사고,2021082100100279,2021년 8월 21일 15시,토요일,부산광역시 사하구 하단동,경상사고,0,0,1,0,차대차 - 측면충돌,안전운전불이행,젖음/습기,비,단일로 - 기타,승용,남,65세,상해없음,승용,여,72세,경상
노인운전자사고,2021082200100105,2021년 8월 22일 12시,일요일,부산광역시 연제구 연산동,경상사고,0,0,1,0,차대차 - 기타,안전운전불이행,건조,맑음,교차로 - 교차로부근,승용,남,87세,상해없음,자전거,남,70세,경상
노인운전자사고,2021082200100136,2021년 8월 22일 13시,일요일,부산광역시 남구 문현동,중상사고,0,1,0,0,차대차 - 기타,안전운전불이행,건조,맑음,단일로 - 기타,자전거,남,75세,중상,승용,남,80세,상해없음
노인운전자사고,2021082200100137,2021년 8월 22일 13시,일요일,부산광역시 사하구 신평동,경상사고,0,0,1,0,차대차 - 정면충돌,안전운전불이행,건조,맑음,기타 - 기타,승용,남,65세,상해없음,이륜,남,47세,경상
노인운전자사고,2021082200100343,2021년 8월 22일 21시,일요일,부산광역시 사하구 다대동,경상사고,0,0,1,0,차대사람 - 기타,기타,건조,맑음,교차로 - 교차로부근,승용,남,67세,상해없음,보행자,남,64세,경상
노인운전자사고,2021082300100359,2021년 8월 23일 17시,월요일,부산광역시 금정구 구서동,경상사고,0,0,1,1,차대차 - 기타,교차로운행방법위반,건조,맑음,교차로 - 교차로안,승용,남,72세,부상신고,승용,여,48세,경상
노인운전자사고,2021082300100591,2021년 8월 23일 23시,월요일,부산광역시 동래구 온천동,중상사고,0,1,0,0,차대사람 - 기타,안전운전불이행,젖음/습기,비,단일로 - 기타,승용,남,68세,상해없음,보행자,남,27세,중상
노인운전자사고,2.02108E+15,2021년 8월 24일 08시,화요일,부산광역시 금정구 부곡동,중상사고,0,1,2,0,차대차 - 추돌,안전거리미확보,젖음/습기,비,단일로 - 터널,승용,여,67세,상해없음,승용,여,56세,중상
노인운전자사고,2021082400100119,2021년 8월 24일 10시,화요일,부산광역시 사하구 구평동,중상사고,0,1,0,0,차대차 - 추돌,신호위반,젖음/습기,비,교차로 - 교차로안,승합,남,70세,상해없음,승용,남,63세,중상
노인운전자사고,2021082400100301,2021년 8월 24일 16시,화요일,부산광역시 연제구 거제동,중상사고,0,1,0,0,차대사람 - 횡단중,보행자보호의무위반,건조,맑음,교차로 - 교차로부근,화물,남,66세,상해없음,보행자,남,82세,중상
노인운전자사고,2021082400100339,2021년 8월 24일 17시,화요일,부산광역시 남구 문현동,경상사고,0,0,2,0,차대차 - 기타,안전거리미확보,건조,맑음,단일로 - 기타,승용,남,87세,상해없음,승합,남,41세,상해없음
노인운전자사고,2021082500100024,2021년 8월 25일 03시,수요일,부산광역시 부산진구 범전동,중상사고,0,1,1,0,차대차 - 측면충돌,안전거리미확보,젖음/습기,비,단일로 - 기타,이륜,남,65세,중상,이륜,남,31세,경상
노인운전자사고,2021082500100069,2021년 8월 25일 08시,수요일,부산광역시 강서구 대저1동,경상사고,0,0,1,0,차대차 - 기타,안전운전불이행,젖음/습기,비,단일로 - 기타,화물,남,81세,상해없음,승용,여,31세,경상
노인운전자사고,2021082500100294,2021년 8월 25일 15시,수요일,부산광역시 북구 화명동,중상사고,0,1,0,0,차대차 - 기타,직진우회전진행방해,젖음/습기,흐림,교차로 - 교차로안,승용,남,69세,상해없음,이륜,남,26세,중상
노인운전자사고,2021082500100295,2021년 8월 25일 15시,수요일,부산광역시 해운대구 반여동,경상사고,0,0,1,0,차대차 - 측면충돌,안전운전불이행,젖음/습기,비,단일로 - 기타,승용,남,66세,상해없음,승용,남,58세,상해없음
노인운전자사고,2021082500100406,2021년 8월 25일 18시,수요일,부산광역시 동구 좌천동,경상사고,0,0,1,0,차대차 - 측면충돌,안전거리미확보,젖음/습기,비,단일로 - 기타,승용,여,65세,상해없음,승용,남,69세,경상
노인운전자사고,2021082600100076,2021년 8월 26일 08시,목요일,부산광역시 남구 대연동,중상사고,0,1,0,0,차대사람 - 기타,안전운전불이행,건조,맑음,단일로 - 기타,건설기계,남,65세,상해없음,보행자,여,78세,중상
노인운전자사고,2021082600100112,2021년 8월 26일 09시,목요일,부산광역시 금정구 구서동,경상사고,0,0,1,0,차대사람 - 차도통행중,안전운전불이행,건조,맑음,교차로 - 교차로안,승용,남,65세,상해없음,보행자,여,61세,경상
노인운전자사고,2021082600100274,2021년 8월 26일 14시,목요일,부산광역시 사상구 학장동,경상사고,0,0,1,0,차대차 - 후진중충돌,안전운전불이행,건조,맑음,단일로 - 지하차도(도로)내,승용,남,72세,상해없음,승용,남,29세,경상
노인운전자사고,2021082700100027,2021년 8월 27일 05시,금요일,부산광역시 해운대구 우동,중상사고,0,1,1,0,차대차 - 추돌,신호위반,건조,맑음,단일로 - 기타,승합,남,71세,상해없음,승용,남,29세,경상
노인운전자사고,2021082700100037,2021년 8월 27일 06시,금요일,부산광역시 해운대구 재송동,중상사고,0,1,0,0,차대차 - 측면충돌,기타,건조,맑음,기타 - 기타,자전거,남,69세,상해없음,자전거,남,69세,중상
노인운전자사고,2.02108E+15,2021년 8월 27일 11시,금요일,부산광역시 북구 구포동,중상사고,0,1,0,0,차대차 - 기타,교차로운행방법위반,건조,맑음,교차로 - 교차로안,승용,남,79세,상해없음,원동기,남,25세,중상
노인운전자사고,2021082700100174,2021년 8월 27일 12시,금요일,부산광역시 해운대구 우동,경상사고,0,0,1,0,차대사람 - 횡단중,신호위반,젖음/습기,흐림,교차로 - 교차로부근,승용,남,68세,상해없음,보행자,여,26세,경상
노인운전자사고,2021082700100243,2021년 8월 27일 14시,금요일,부산광역시 수영구 광안동,중상사고,0,1,0,0,차대사람 - 보도통행중,보행자보호의무위반,건조,맑음,기타 - 기타,승용,남,70세,상해없음,보행자,여,40세,중상
노인운전자사고,2021082700100282,2021년 8월 27일 15시,금요일,부산광역시 동래구 사직동,경상사고,0,0,1,0,차대차 - 추돌,안전운전불이행,건조,맑음,단일로 - 기타,화물,남,72세,상해없음,승합,남,48세,경상
노인운전자사고,2021082700100321,2021년 8월 27일 16시,금요일,부산광역시 기장군 정관읍,경상사고,0,0,1,0,차대차 - 기타,중앙선침범,건조,맑음,단일로 - 기타,승용,남,66세,상해없음,승용,남,43세,경상
노인운전자사고,2.02108E+15,2021년 8월 28일 10시,토요일,부산광역시 금정구 부곡동,경상사고,0,0,2,0,차대차 - 기타,기타,건조,맑음,단일로 - 기타,승용,여,66세,상해없음,승용,남,34세,경상
노인운전자사고,2021082800100277,2021년 8월 28일 15시,토요일,부산광역시 해운대구 우동,경상사고,0,0,1,0,차대차 - 측면충돌,안전운전불이행,건조,맑음,교차로 - 교차로안,승용,여,70세,상해없음,승용,남,64세,경상
노인운전자사고,2021082800100321,2021년 8월 28일 16시,토요일,부산광역시 사상구 괘법동,경상사고,0,0,6,0,차대차 - 측면충돌,안전거리미확보,건조,맑음,교차로 - 교차로부근,승용,남,67세,상해없음,승합,남,56세,경상
노인운전자사고,2021082800100455,2021년 8월 28일 20시,토요일,부산광역시 연제구 연산동,경상사고,0,0,1,0,차대사람 - 보도통행중,중앙선침범,건조,맑음,기타 - 기타,이륜,남,65세,상해없음,보행자,여,49세,경상
노인운전자사고,2.02108E+15,2021년 8월 29일 14시,일요일,부산광역시 금정구 서동,경상사고,0,0,1,0,차대사람 - 기타,보행자보호의무위반,건조,맑음,교차로 - 교차로안,승용,남,65세,상해없음,보행자,남,60세,경상
노인운전자사고,2021082900100224,2021년 8월 29일 16시,일요일,부산광역시 금정구 회동동,경상사고,0,0,1,0,차대차 - 추돌,안전운전불이행,건조,맑음,단일로 - 터널,승용,여,66세,상해없음,승용,남,54세,경상
노인운전자사고,2021082900100293,2021년 8월 29일 18시,일요일,부산광역시 동래구 사직동,중상사고,0,1,0,0,차대사람 - 기타,안전운전불이행,건조,맑음,단일로 - 기타,승용,남,68세,상해없음,보행자,남,53세,중상
노인운전자사고,2021083000100115,2021년 8월 30일 10시,월요일,부산광역시 동래구 명륜동,중상사고,0,1,0,0,차대사람 - 기타,안전운전불이행,건조,맑음,단일로 - 기타,승용,남,67세,상해없음,보행자,여,85세,중상
노인운전자사고,2021083000100118,2021년 8월 30일 10시,월요일,부산광역시 강서구 녹산동,중상사고,0,1,0,0,차대차 - 기타,안전운전불이행,건조,맑음,단일로 - 기타,승용,남,66세,상해없음,자전거,남,48세,중상
노인운전자사고,2021083000100119,2021년 8월 30일 10시,월요일,부산광역시 강서구 송정동,경상사고,0,0,1,0,차대차 - 측면충돌,신호위반,건조,맑음,교차로 - 교차로부근,승용,남,67세,상해없음,승용,남,41세,경상
노인운전자사고,2021083000100152,2021년 8월 30일 11시,월요일,부산광역시 부산진구 부전동,중상사고,0,1,0,0,차대사람 - 보도통행중,보행자보호의무위반,건조,맑음,단일로 - 기타,화물,남,66세,상해없음,보행자,여,77세,중상
노인운전자사고,2021083000100225,2021년 8월 30일 13시,월요일,부산광역시 남구 대연동,경상사고,0,0,1,0,차대차 - 측면충돌,신호위반,건조,맑음,교차로 - 교차로안,승용,여,67세,상해없음,승용,남,36세,경상
노인운전자사고,2021083000100286,2021년 8월 30일 15시,월요일,부산광역시 사하구 괴정동,경상사고,0,0,1,0,차대차 - 측면충돌,신호위반,건조,맑음,단일로 - 기타,승용,남,72세,상해없음,화물,남,61세,경상
노인운전자사고,2021083000100322,2021년 8월 30일 16시,월요일,부산광역시 수영구 남천동,부상신고사고,0,0,0,1,차대차 - 측면충돌,안전거리미확보,건조,맑음,단일로 - 기타,승용,남,65세,상해없음,승용,여,30세,부상신고
노인운전자사고,2021083000100447,2021년 8월 30일 19시,월요일,부산광역시 강서구 녹산동,경상사고,0,0,1,0,차대차 - 측면충돌,직진우회전진행방해,건조,맑음,교차로 - 교차로안,화물,남,69세,상해없음,승용,여,36세,경상
노인운전자사고,2021083100100035,2021년 8월 31일 06시,화요일,부산광역시 서구 남부민동,중상사고,0,1,0,0,차대사람 - 횡단중,안전운전불이행,건조,맑음,단일로 - 기타,이륜,남,84세,상해없음,보행자,여,78세,중상
노인운전자사고,2021083100100139,2021년 8월 31일 10시,화요일,부산광역시 금정구 구서동,경상사고,0,0,1,0,차대차 - 기타,안전운전불이행,건조,맑음,단일로 - 기타,건설기계,남,70세,상해없음,승용,남,49세,경상