사고부문,사고번호,사고일시,요일,시군구,사고내용,사망자수,중상자수,경상자수,부상신고자수,사고유형,법규위반,노면상태,기상상태,도로형태,가해운전자 차종,가해운전자 성별,가해운전자 연령,가해운전자 상해정도,피해운전자 차종,피해운전자 성별,피해운전자 연령,피해운전자 상해정도
노인운전자사고,2021083100100198,2021년 8월 31일 12시,화요일,부산광역시 연제구 연산동,부상신고사고,0,0,0,1,차대사람 - 차도통행중,안전운전불이행,건조,맑음,단일로 - 기타,승용,남,74세,상해없음,보행자,여,39세,부상신고
노인운전자사고,2.02108E+15,2021년 8월 31일 12시,화요일,부산광역시 사상구 주례동,부상신고사고,0,0,0,1,차대차 - 측면충돌,안전운전불이행,건조,맑음,교차로 - 교차로부근,승용,남,69세,상해없음,승용,남,32세,상해없음
노인운전자사고,2021083100100238,2021년 8월 31일 13시,화요일,부산광역시 동구 초량동,경상사고,0,0,1,0,차대차 - 측면충돌,안전운전불이행,건조,맑음,단일로 - 기타,승용,남,76세,상해없음,승용,남,44세,경상
노인운전자사고,2021083100100275,2021년 8월 31일 14시,화요일,부산광역시 강서구 대저1동,경상사고,0,0,1,0,차대차 - 기타,신호위반,건조,맑음,교차로 - 교차로안,화물,남,76세,상해없음,승용,남,40세,경상
노인운전자사고,2021083100100323,2021년 8월 31일 15시,화요일,부산광역시 사상구 괘법동,중상사고,0,1,0,0,차대차 - 기타,안전운전불이행,건조,맑음,단일로 - 기타,기타불명,여,73세,중상,승용,남,35세,상해없음
노인운전자사고,2021083100100379,2021년 8월 31일 16시,화요일,부산광역시 사상구 덕포동,사망사고,1,0,0,0,차대사람 - 기타,안전운전불이행,건조,맑음,단일로 - 기타,승용,남,80세,기타불명,보행자,남,74세,사망
노인운전자사고,2.02108E+15,2021년 8월 31일 16시,화요일,부산광역시 사상구 감전동,부상신고사고,0,0,0,1,차대차 - 측면충돌,신호위반,건조,맑음,교차로 - 교차로안,이륜,남,66세,부상신고,승용,남,54세,기타불명
노인운전자사고,2021083100100495,2021년 8월 31일 19시,화요일,부산광역시 사상구 감전동,중상사고,0,1,0,0,차대사람 - 기타,기타,건조,맑음,기타 - 기타,승용,남,73세,상해없음,보행자,남,36세,중상
노인운전자사고,2021083100100551,2021년 8월 31일 20시,화요일,부산광역시 영도구 대교동1가,경상사고,0,0,2,0,차대차 - 기타,안전운전불이행,건조,맑음,단일로 - 기타,승용,남,66세,상해없음,승용,남,61세,상해없음
노인운전자사고,2021090100100037,2021년 9월 1일 07시,수요일,부산광역시 부산진구 전포동,경상사고,0,0,1,0,차대차 - 추돌,안전운전불이행,젖음/습기,비,교차로 - 교차로안,승용,남,69세,상해없음,승용,남,37세,경상
노인운전자사고,2021090100100279,2021년 9월 1일 15시,수요일,부산광역시 해운대구 우동,경상사고,0,0,2,0,차대차 - 추돌,안전운전불이행,건조,맑음,교차로 - 교차로부근,승용,여,68세,상해없음,승용,남,49세,경상
노인운전자사고,2021090100100481,2021년 9월 1일 21시,수요일,부산광역시 해운대구 우동,경상사고,0,0,1,0,차대사람 - 횡단중,신호위반,젖음/습기,비,교차로 - 교차로안,이륜,남,67세,상해없음,보행자,여,17세,경상
노인운전자사고,2021090200100039,2021년 9월 2일 07시,목요일,부산광역시 남구 대연동,경상사고,0,0,1,0,차대차 - 추돌,안전운전불이행,건조,맑음,교차로 - 교차로안,승합,남,65세,상해없음,화물,남,43세,경상
노인운전자사고,2021090200100156,2021년 9월 2일 11시,목요일,부산광역시 동래구 명륜동,중상사고,0,1,1,0,차대차 - 측면충돌,교차로운행방법위반,건조,맑음,교차로 - 교차로안,승용,남,68세,중상,승용,남,29세,경상
노인운전자사고,2021090200100181,2021년 9월 2일 12시,목요일,부산광역시 기장군 정관읍,경상사고,0,0,1,0,차대차 - 측면충돌,중앙선침범,젖음/습기,흐림,단일로 - 기타,이륜,남,68세,상해없음,이륜,남,29세,경상
노인운전자사고,2021090200100235,2021년 9월 2일 14시,목요일,부산광역시 서구 암남동,경상사고,0,0,1,0,차대차 - 측면충돌,신호위반,젖음/습기,흐림,교차로 - 교차로안,승용,남,66세,상해없음,자전거,남,84세,경상
노인운전자사고,2021090200100342,2021년 9월 2일 17시,목요일,부산광역시 해운대구 반여동,경상사고,0,0,1,0,차대차 - 기타,안전운전불이행,건조,맑음,단일로 - 기타,승합,남,73세,상해없음,승용,남,33세,경상
노인운전자사고,2021090200100343,2021년 9월 2일 17시,목요일,부산광역시 부산진구 양정동,중상사고,0,1,0,0,차대사람 - 기타,안전운전불이행,젖음/습기,비,단일로 - 기타,승용,남,66세,상해없음,보행자,여,54세,중상
노인운전자사고,2021090300100156,2021년 9월 3일 11시,금요일,부산광역시 부산진구 당감동,경상사고,0,0,1,0,차대차 - 기타,안전거리미확보,건조,맑음,단일로 - 기타,승용,남,77세,상해없음,승용,남,61세,경상
노인운전자사고,2021090300100204,2021년 9월 3일 13시,금요일,부산광역시 동래구 온천동,중상사고,0,1,0,0,차대차 - 후진중충돌,안전운전불이행,건조,기타,단일로 - 기타,승용,여,79세,상해없음,승합,남,51세,중상
노인운전자사고,2021090300100205,2021년 9월 3일 13시,금요일,부산광역시 부산진구 범천동,경상사고,0,0,1,0,차대차 - 기타,안전운전불이행,건조,흐림,단일로 - 기타,승용,남,78세,상해없음,이륜,남,27세,경상
노인운전자사고,2.02109E+15,2021년 9월 3일 19시,금요일,부산광역시 해운대구 우동,중상사고,0,1,0,0,차대사람 - 횡단중,보행자보호의무위반,건조,맑음,교차로 - 교차로횡단보도내,승용,남,74세,상해없음,보행자,남,76세,중상
노인운전자사고,2021090300100462,2021년 9월 3일 19시,금요일,부산광역시 금정구 두구동,경상사고,0,0,1,0,차대차 - 측면충돌,안전거리미확보,건조,맑음,단일로 - 고가도로위,승용,남,82세,상해없음,승용,남,61세,경상
노인운전자사고,2021090300100543,2021년 9월 3일 21시,금요일,부산광역시 동구 범일동,경상사고,0,0,1,0,차대차 - 측면충돌,교차로운행방법위반,건조,맑음,교차로 - 교차로안,승용,남,77세,상해없음,승용,남,34세,경상
노인운전자사고,2.02109E+15,2021년 9월 4일 11시,토요일,부산광역시 북구 금곡동,경상사고,0,0,3,0,차대차 - 기타,안전운전불이행,건조,맑음,교차로 - 교차로부근,승용,남,76세,상해없음,승용,남,43세,경상
노인운전자사고,2021090400100179,2021년 9월 4일 12시,토요일,부산광역시 사하구 다대동,중상사고,0,1,0,0,차대사람 - 횡단중,보행자보호의무위반,건조,맑음,교차로 - 교차로안,승용,여,73세,상해없음,보행자,남,74세,중상
노인운전자사고,2.02109E+15,2021년 9월 5일 15시,일요일,부산광역시 남구 대연동,경상사고,0,0,1,0,차대차 - 측면충돌,신호위반,건조,맑음,교차로 - 교차로안,승용,남,65세,상해없음,이륜,남,42세,경상
노인운전자사고,2021090500100383,2021년 9월 5일 21시,일요일,부산광역시 영도구 대교동2가,경상사고,0,0,1,0,차대사람 - 길가장자리구역통행중,안전운전불이행,건조,맑음,단일로 - 기타,승용,남,69세,기타불명,보행자,여,48세,경상
노인운전자사고,2021090600100202,2021년 9월 6일 11시,월요일,부산광역시 동래구 수안동,중상사고,0,1,0,0,차대사람 - 기타,안전운전불이행,건조,맑음,단일로 - 기타,승용,남,67세,상해없음,보행자,여,80세,중상
노인운전자사고,2.02109E+15,2021년 9월 6일 12시,월요일,부산광역시 수영구 남천동,중상사고,0,1,0,0,차대차 - 측면충돌,안전운전불이행,건조,맑음,단일로 - 기타,승용,남,70세,상해없음,이륜,남,36세,중상
노인운전자사고,2021090600100241,2021년 9월 6일 12시,월요일,부산광역시 기장군 기장읍,경상사고,0,0,2,0,차대차 - 기타,안전운전불이행,건조,맑음,단일로 - 기타,승용,남,75세,상해없음,승용,여,57세,경상
노인운전자사고,2.02109E+15,2021년 9월 6일 16시,월요일,부산광역시 남구 대연동,경상사고,0,0,6,0,차대차 - 정면충돌,안전거리미확보,건조,흐림,단일로 - 터널,승용,남,76세,상해없음,승용,남,34세,경상
노인운전자사고,2021090600100371,2021년 9월 6일 16시,월요일,부산광역시 북구 덕천동,경상사고,0,0,3,0,차대차 - 추돌,안전운전불이행,건조,맑음,단일로 - 기타,승용,남,65세,상해없음,승용,여,31세,경상
노인운전자사고,2021090600100498,2021년 9월 6일 19시,월요일,부산광역시 영도구 봉래동5가,경상사고,0,0,2,0,차대차 - 추돌,안전운전불이행,젖음/습기,비,단일로 - 기타,승용,남,66세,상해없음,승용,남,33세,경상
노인운전자사고,2.02109E+15,2021년 9월 6일 19시,월요일,부산광역시 부산진구 부전동,중상사고,0,1,0,0,차대차 - 측면충돌,신호위반,건조,맑음,교차로 - 교차로안,승용,남,66세,상해없음,이륜,남,37세,중상
노인운전자사고,2021090600100638,2021년 9월 6일 22시,월요일,부산광역시 부산진구 부전동,중상사고,0,2,1,0,차대차 - 기타,신호위반,건조,맑음,교차로 - 교차로안,승용,여,71세,상해없음,승용,남,66세,경상
노인운전자사고,2021090600100665,2021년 9월 6일 23시,월요일,부산광역시 해운대구 좌동,경상사고,0,0,2,0,차대차 - 기타,신호위반,건조,흐림,교차로 - 교차로안,승합,남,67세,기타불명,승용,남,58세,경상
노인운전자사고,2021090700100022,2021년 9월 7일 04시,화요일,부산광역시 사상구 감전동,중상사고,0,1,0,0,차대차 - 기타,안전운전불이행,젖음/습기,맑음,교차로 - 교차로안,승용,남,65세,상해없음,이륜,남,39세,중상
노인운전자사고,2021090700100076,2021년 9월 7일 08시,화요일,부산광역시 부산진구 부전동,중상사고,0,3,7,1,차대차 - 추돌,중앙선침범,건조,맑음,단일로 - 기타,승용,여,84세,상해없음,승용,여,65세,경상
노인운전자사고,2021090700100117,2021년 9월 7일 09시,화요일,부산광역시 부산진구 개금동,경상사고,0,0,1,0,차대차 - 측면충돌,차로위반,건조,맑음,교차로 - 교차로부근,승용,남,74세,상해없음,승용,남,38세,경상
노인운전자사고,2021090700100192,2021년 9월 7일 11시,화요일,부산광역시 동래구 안락동,경상사고,0,0,1,0,차대차 - 측면충돌,안전운전불이행,건조,맑음,단일로 - 기타,화물,남,79세,상해없음,승용,여,67세,경상
노인운전자사고,2.02109E+15,2021년 9월 7일 12시,화요일,부산광역시 중구 동광동1가,경상사고,0,0,1,0,차대차 - 측면충돌,안전운전불이행,건조,맑음,단일로 - 기타,자전거,남,79세,경상,승용,여,41세,상해없음
노인운전자사고,2021090700100252,2021년 9월 7일 13시,화요일,부산광역시 남구 문현동,경상사고,0,0,1,0,차대사람 - 횡단중,보행자보호의무위반,건조,맑음,교차로 - 교차로부근,승용,남,68세,상해없음,보행자,여,25세,경상
노인운전자사고,2021090700100345,2021년 9월 7일 16시,화요일,부산광역시 남구 용당동,경상사고,0,0,2,0,차대차 - 기타,안전운전불이행,건조,맑음,교차로 - 교차로부근,승용,여,66세,상해없음,승용,남,49세,경상
노인운전자사고,2021090700100403,2021년 9월 7일 18시,화요일,부산광역시 북구 구포동,경상사고,0,0,2,0,차대차 - 기타,안전운전불이행,건조,맑음,교차로 - 교차로부근,승용,남,67세,상해없음,승용,남,54세,경상
노인운전자사고,2021090800100264,2021년 9월 8일 13시,수요일,부산광역시 중구 영주동,중상사고,0,1,0,0,차대차 - 추돌,안전운전불이행,건조,맑음,단일로 - 기타,이륜,남,79세,중상,특수,남,70세,상해없음
노인운전자사고,2021090800100265,2021년 9월 8일 13시,수요일,부산광역시 남구 대연동,경상사고,0,0,1,0,차량단독 - 기타,기타,건조,맑음,단일로 - 기타,승합,남,69세,상해없음,,,,
노인운전자사고,2021090800100309,2021년 9월 8일 14시,수요일,부산광역시 서구 아미동2가,경상사고,0,0,1,0,차대차 - 측면충돌,직진우회전진행방해,건조,맑음,교차로 - 교차로안,원동기,남,69세,상해없음,원동기,남,58세,경상
노인운전자사고,2.02109E+15,2021년 9월 8일 14시,수요일,부산광역시 서구 동대신동2가,경상사고,0,0,1,0,차대차 - 측면충돌,교차로운행방법위반,건조,맑음,교차로 - 교차로안,승용,남,68세,상해없음,승용,여,37세,경상
노인운전자사고,2021090800100445,2021년 9월 8일 17시,수요일,부산광역시 사상구 감전동,중상사고,0,1,0,0,차대사람 - 횡단중,안전운전불이행,건조,맑음,교차로 - 교차로안,승용,남,68세,상해없음,보행자,여,60세,중상
노인운전자사고,2021090800100497,2021년 9월 8일 18시,수요일,부산광역시 부산진구 부전동,중상사고,0,1,0,0,차대사람 - 기타,안전운전불이행,건조,맑음,단일로 - 기타,승합,남,71세,상해없음,보행자,여,39세,중상
노인운전자사고,2021090800100498,2021년 9월 8일 18시,수요일,부산광역시 기장군 기장읍,경상사고,0,0,1,0,차대차 - 추돌,안전운전불이행,건조,맑음,교차로 - 교차로안,화물,남,81세,상해없음,승용,남,31세,경상
노인운전자사고,2021090800100629,2021년 9월 8일 22시,수요일,부산광역시 남구 대연동,중상사고,0,1,0,0,차대사람 - 기타,안전운전불이행,건조,맑음,교차로 - 교차로부근,승용,남,66세,상해없음,보행자,여,67세,중상
노인운전자사고,2021090900100024,2021년 9월 9일 05시,목요일,부산광역시 북구 구포동,경상사고,0,0,1,0,차대차 - 측면충돌,안전거리미확보,건조,맑음,단일로 - 지하차도(도로)내,승용,남,68세,상해없음,승용,남,59세,경상
노인운전자사고,2021090900100043,2021년 9월 9일 07시,목요일,부산광역시 수영구 망미동,경상사고,0,0,1,0,차대차 - 기타,차로위반,건조,맑음,기타 - 기타,승용,여,66세,상해없음,이륜,남,32세,경상
노인운전자사고,2021090900100074,2021년 9월 9일 08시,목요일,부산광역시 동래구 명륜동,중상사고,0,1,0,0,차대사람 - 기타,안전운전불이행,건조,맑음,단일로 - 기타,승용,남,66세,상해없음,보행자,여,21세,중상
노인운전자사고,2021090900100075,2021년 9월 9일 08시,목요일,부산광역시 금정구 남산동,경상사고,0,0,1,0,차대차 - 기타,안전운전불이행,건조,맑음,교차로 - 교차로안,승합,남,69세,상해없음,승용,여,25세,경상
노인운전자사고,2021090900100144,2021년 9월 9일 10시,목요일,부산광역시 남구 대연동,경상사고,0,0,1,0,차대사람 - 보도통행중,보행자보호의무위반,건조,맑음,단일로 - 기타,화물,남,76세,상해없음,보행자,남,79세,경상
노인운전자사고,2021090900100177,2021년 9월 9일 11시,목요일,부산광역시 부산진구 당감동,경상사고,0,0,1,0,차대사람 - 보도통행중,기타,건조,맑음,단일로 - 기타,이륜,남,74세,상해없음,보행자,여,27세,경상
노인운전자사고,2021090900100252,2021년 9월 9일 13시,목요일,부산광역시 영도구 청학동,경상사고,0,0,2,0,차대차 - 측면충돌,안전운전불이행,건조,맑음,단일로 - 기타,화물,남,66세,기타불명,승용,여,54세,경상
노인운전자사고,2021090900100254,2021년 9월 9일 13시,목요일,부산광역시 해운대구 우동,경상사고,0,0,2,0,차대차 - 기타,안전운전불이행,건조,맑음,교차로 - 교차로안,승용,여,75세,기타불명,승용,남,28세,경상
노인운전자사고,2021090900100292,2021년 9월 9일 14시,목요일,부산광역시 기장군 기장읍,경상사고,0,0,1,0,차대차 - 측면충돌,안전거리미확보,건조,맑음,단일로 - 기타,승용,남,66세,상해없음,승용,남,31세,경상
노인운전자사고,2021090900100331,2021년 9월 9일 15시,목요일,부산광역시 수영구 망미동,경상사고,0,0,2,0,차대차 - 추돌,안전운전불이행,건조,맑음,단일로 - 고가도로위,화물,남,69세,상해없음,승용,남,27세,경상
노인운전자사고,2021090900100401,2021년 9월 9일 17시,목요일,부산광역시 동래구 온천동,경상사고,0,0,1,0,차대차 - 측면충돌,안전운전불이행,건조,맑음,단일로 - 기타,승용,남,78세,상해없음,승용,남,37세,경상
노인운전자사고,2.02109E+15,2021년 9월 9일 18시,목요일,부산광역시 동구 범일동,경상사고,0,0,1,0,차대차 - 측면충돌,신호위반,건조,맑음,교차로 - 교차로안,이륜,남,68세,상해없음,이륜,남,42세,경상
노인운전자사고,2.02109E+15,2021년 9월 10일 08시,금요일,부산광역시 금정구 부곡동,경상사고,0,0,1,0,차대차 - 기타,기타,건조,맑음,교차로 - 교차로안,승용,남,66세,상해없음,승합,남,38세,상해없음
노인운전자사고,2021091000100216,2021년 9월 10일 12시,금요일,부산광역시 해운대구 좌동,경상사고,0,0,1,0,차대차 - 측면충돌,안전거리미확보,건조,맑음,교차로 - 교차로부근,승용,남,77세,상해없음,승용,여,69세,경상
노인운전자사고,2021091000100273,2021년 9월 10일 14시,금요일,부산광역시 남구 감만동,경상사고,0,0,1,0,차대차 - 추돌,안전운전불이행,건조,맑음,단일로 - 기타,승용,남,65세,상해없음,승용,여,40세,경상
노인운전자사고,2.02109E+15,2021년 9월 10일 15시,금요일,부산광역시 부산진구 부전동,중상사고,0,1,0,0,차대차 - 기타,안전운전불이행,건조,맑음,교차로 - 교차로안,승용,남,75세,상해없음,승용,남,28세,중상
노인운전자사고,2021091000100458,2021년 9월 10일 18시,금요일,부산광역시 동래구 온천동,중상사고,0,1,1,0,차대차 - 기타,차로위반,건조,맑음,단일로 - 기타,특수,남,67세,상해없음,승용,남,71세,경상
노인운전자사고,2021091100100034,2021년 9월 11일 05시,토요일,부산광역시 동래구 낙민동,경상사고,0,0,1,0,차대차 - 측면충돌,신호위반,건조,맑음,교차로 - 교차로부근,화물,남,70세,상해없음,승합,남,37세,경상
노인운전자사고,2021091100100071,2021년 9월 11일 08시,토요일,부산광역시 사상구 덕포동,사망사고,1,0,0,0,차대사람 - 횡단중,보행자보호의무위반,건조,맑음,교차로 - 교차로횡단보도내,건설기계,남,66세,상해없음,보행자,여,64세,사망
노인운전자사고,2021091100100127,2021년 9월 11일 10시,토요일,부산광역시 사상구 괘법동,경상사고,0,0,2,0,차대차 - 측면충돌,안전운전불이행,건조,맑음,단일로 - 기타,승용,남,65세,상해없음,승용,여,25세,경상
노인운전자사고,2021091100100322,2021년 9월 11일 14시,토요일,부산광역시 영도구 대교동1가,중상사고,0,1,0,0,차대차 - 추돌,안전거리미확보,건조,맑음,단일로 - 기타,승용,남,70세,상해없음,이륜,남,56세,중상
노인운전자사고,2021091100100375,2021년 9월 11일 15시,토요일,부산광역시 동래구 온천동,중상사고,0,2,1,0,차대차 - 측면충돌,교차로운행방법위반,건조,맑음,교차로 - 교차로안,승용,여,69세,경상,승용,여,47세,중상
노인운전자사고,2.02109E+15,2021년 9월 11일 19시,토요일,부산광역시 연제구 연산동,경상사고,0,0,3,0,차대차 - 기타,안전거리미확보,건조,맑음,단일로 - 기타,승용,남,67세,상해없음,승용,남,38세,경상
노인운전자사고,2021091100100596,2021년 9월 11일 20시,토요일,부산광역시 수영구 망미동,경상사고,0,0,1,0,차대차 - 측면충돌,안전운전불이행,건조,맑음,교차로 - 교차로안,승용,남,67세,상해없음,승용,남,51세,경상
노인운전자사고,2021091100100662,2021년 9월 11일 22시,토요일,부산광역시 연제구 연산동,중상사고,0,1,0,0,차대차 - 추돌,안전거리미확보,건조,맑음,단일로 - 기타,승용,남,66세,상해없음,승용,남,69세,상해없음
노인운전자사고,2.02109E+15,2021년 9월 11일 23시,토요일,부산광역시 동래구 온천동,중상사고,0,1,0,0,차대차 - 측면충돌,신호위반,건조,맑음,교차로 - 교차로안,승용,남,67세,상해없음,이륜,남,28세,중상
노인운전자사고,2021091200100068,2021년 9월 12일 10시,일요일,부산광역시 부산진구 초읍동,경상사고,0,0,2,0,차대사람 - 기타,보행자보호의무위반,건조,맑음,기타 - 기타,승용,여,74세,상해없음,보행자,여,66세,경상
노인운전자사고,2021091200100179,2021년 9월 12일 14시,일요일,부산광역시 중구 남포동6가,경상사고,0,0,1,0,차대차 - 추돌,안전운전불이행,건조,맑음,단일로 - 기타,승용,남,67세,상해없음,이륜,남,35세,경상
노인운전자사고,2021091200100328,2021년 9월 12일 18시,일요일,부산광역시 북구 구포동,중상사고,0,1,0,0,차대차 - 측면충돌,교차로운행방법위반,건조,맑음,단일로 - 지하차도(도로)내,승용,남,68세,상해없음,이륜,남,52세,중상
노인운전자사고,2021091300100073,2021년 9월 13일 08시,월요일,부산광역시 사하구 괴정동,경상사고,0,0,1,0,차대차 - 기타,안전거리미확보,건조,맑음,단일로 - 기타,승용,남,66세,상해없음,승용,남,43세,경상
노인운전자사고,2021091300100277,2021년 9월 13일 13시,월요일,부산광역시 부산진구 전포동,경상사고,0,0,1,0,차량단독 - 기타,안전운전불이행,건조,맑음,단일로 - 기타,승용,남,77세,상해없음,,,,
노인운전자사고,2021091300100327,2021년 9월 13일 14시,월요일,부산광역시 해운대구 우동,경상사고,0,0,1,0,차량단독 - 기타,안전운전불이행,건조,맑음,교차로 - 교차로안,승용,여,77세,경상,,,,
노인운전자사고,2021091300100368,2021년 9월 13일 15시,월요일,부산광역시 남구 대연동,경상사고,0,0,1,0,차대차 - 추돌,안전운전불이행,건조,맑음,교차로 - 교차로부근,승용,남,70세,상해없음,승용,여,54세,경상
노인운전자사고,2021091300100579,2021년 9월 13일 20시,월요일,부산광역시 금정구 서동,경상사고,0,0,1,0,차대사람 - 기타,안전운전불이행,건조,맑음,단일로 - 기타,승용,여,68세,상해없음,보행자,남,43세,경상
노인운전자사고,2021091300100663,2021년 9월 13일 23시,월요일,부산광역시 부산진구 가야동,경상사고,0,0,1,0,차대차 - 측면충돌,신호위반,건조,맑음,교차로 - 교차로안,승용,남,92세,상해없음,승용,남,60세,경상
노인운전자사고,2021091400100024,2021년 9월 14일 04시,화요일,부산광역시 남구 용당동,중상사고,0,1,0,0,차대차 - 기타,중앙선침범,젖음/습기,비,기타 - 기타,승용,남,74세,상해없음,승용,남,46세,중상
노인운전자사고,2021091400100038,2021년 9월 14일 06시,화요일,부산광역시 서구 충무동1가,중상사고,0,1,0,0,차대차 - 측면충돌,신호위반,건조,맑음,교차로 - 교차로안,승용,남,77세,상해없음,이륜,남,62세,중상
노인운전자사고,2021091400100055,2021년 9월 14일 07시,화요일,부산광역시 수영구 광안동,경상사고,0,0,1,0,차대차 - 기타,안전운전불이행,건조,맑음,교차로 - 교차로안,이륜,남,80세,경상,승용,남,28세,상해없음
노인운전자사고,2021091400100184,2021년 9월 14일 10시,화요일,부산광역시 기장군 기장읍,경상사고,0,0,2,0,차대차 - 측면충돌,안전거리미확보,젖음/습기,비,교차로 - 교차로부근,건설기계,남,67세,상해없음,승용,남,63세,경상
노인운전자사고,2021091400100264,2021년 9월 14일 12시,화요일,부산광역시 동래구 사직동,경상사고,0,0,1,0,차대차 - 측면충돌,안전운전불이행,젖음/습기,비,교차로 - 교차로안,승용,남,66세,상해없음,승용,남,63세,경상
노인운전자사고,2021091400100353,2021년 9월 14일 14시,화요일,부산광역시 금정구 부곡동,경상사고,0,0,2,0,차대차 - 추돌,안전운전불이행,건조,맑음,단일로 - 터널,승용,남,68세,상해없음,승용,남,27세,경상
노인운전자사고,2021091400100394,2021년 9월 14일 15시,화요일,부산광역시 사하구 감천동,중상사고,0,1,0,0,차대차 - 측면충돌,중앙선침범,젖음/습기,비,단일로 - 기타,승용,남,65세,상해없음,이륜,남,41세,중상
노인운전자사고,2021091400100446,2021년 9월 14일 16시,화요일,부산광역시 금정구 부곡동,경상사고,0,0,1,0,차대차 - 측면충돌,교차로운행방법위반,건조,맑음,교차로 - 교차로안,승용,여,68세,상해없음,화물,남,53세,경상
노인운전자사고,2021091400100498,2021년 9월 14일 17시,화요일,부산광역시 부산진구 범천동,경상사고,0,0,2,0,차대차 - 기타,안전운전불이행,젖음/습기,비,단일로 - 기타,승용,남,66세,경상,승용,남,39세,경상
노인운전자사고,2021091500100301,2021년 9월 15일 13시,수요일,부산광역시 북구 화명동,경상사고,0,0,1,0,차대차 - 추돌,안전운전불이행,건조,맑음,단일로 - 기타,승용,여,69세,상해없음,승용,여,46세,경상
노인운전자사고,2.02109E+15,2021년 9월 15일 14시,수요일,부산광역시 부산진구 당감동,경상사고,0,0,1,0,차대사람 - 기타,보행자보호의무위반,건조,맑음,단일로 - 기타,승용,남,70세,상해없음,보행자,여,8세,경상
노인운전자사고,2021091500100343,2021년 9월 15일 14시,수요일,부산광역시 연제구 거제동,중상사고,0,1,0,0,차대사람 - 기타,안전운전불이행,건조,맑음,단일로 - 기타,승용,남,73세,상해없음,보행자,여,29세,중상
노인운전자사고,2021091500100394,2021년 9월 15일 15시,수요일,부산광역시 수영구 광안동,경상사고,0,0,1,0,차대사람 - 기타,안전운전불이행,건조,맑음,단일로 - 기타,승합,남,72세,기타불명,보행자,여,58세,경상
노인운전자사고,2021091500100619,2021년 9월 15일 19시,수요일,부산광역시 부산진구 부전동,중상사고,0,1,0,0,차대사람 - 기타,보행자보호의무위반,건조,맑음,교차로 - 교차로안,승용,남,73세,상해없음,보행자,여,31세,중상
노인운전자사고,2021091500100662,2021년 9월 15일 20시,수요일,부산광역시 남구 우암동,경상사고,0,0,2,0,차대차 - 추돌,안전운전불이행,건조,맑음,단일로 - 기타,특수,남,66세,상해없음,승용,여,49세,경상
노인운전자사고,2021091600100129,2021년 9월 16일 09시,목요일,부산광역시 기장군 기장읍,경상사고,0,0,1,0,차대사람 - 횡단중,안전운전불이행,건조,맑음,교차로 - 교차로부근,승용,여,67세,상해없음,보행자,여,69세,경상
노인운전자사고,2021091600100275,2021년 9월 16일 13시,목요일,부산광역시 남구 대연동,경상사고,0,0,1,0,차대사람 - 길가장자리구역통행중,안전운전불이행,건조,맑음,단일로 - 기타,화물,남,68세,상해없음,보행자,여,66세,경상
노인운전자사고,2021091600100318,2021년 9월 16일 14시,목요일,부산광역시 연제구 연산동,중상사고,0,1,0,0,차대사람 - 기타,불법유턴,젖음/습기,흐림,주차장 - 주차장,승용,남,71세,상해없음,보행자,여,78세,중상
노인운전자사고,2021091600100364,2021년 9월 16일 15시,목요일,부산광역시 북구 금곡동,중상사고,0,1,3,0,차대차 - 추돌,안전거리미확보,건조,맑음,단일로 - 기타,승용,남,65세,상해없음,승용,여,55세,경상
노인운전자사고,2021091600100366,2021년 9월 16일 15시,목요일,부산광역시 해운대구 중동,경상사고,0,0,1,0,차대차 - 기타,직진우회전진행방해,건조,맑음,교차로 - 교차로안,승용,남,65세,상해없음,승용,여,30세,경상
노인운전자사고,2021091700100076,2021년 9월 17일 08시,금요일,부산광역시 사상구 모라동,경상사고,0,0,1,0,차대차 - 추돌,안전거리미확보,건조,맑음,교차로 - 교차로부근,승용,남,72세,상해없음,승용,남,70세,경상
노인운전자사고,2021091700100321,2021년 9월 17일 13시,금요일,부산광역시 수영구 광안동,경상사고,0,0,1,0,차대차 - 기타,안전운전불이행,건조,맑음,단일로 - 기타,승용,남,65세,상해없음,승합,남,62세,상해없음
노인운전자사고,2021091700100361,2021년 9월 17일 14시,금요일,부산광역시 수영구 광안동,중상사고,0,1,0,0,차대사람 - 길가장자리구역통행중,기타,젖음/습기,비,교차로 - 교차로안,승용,남,71세,상해없음,보행자,여,70세,중상
노인운전자사고,2021091700100469,2021년 9월 17일 16시,금요일,부산광역시 사하구 다대동,중상사고,0,1,0,0,차대차 - 추돌,기타,건조,맑음,단일로 - 기타,승용,여,70세,상해없음,원동기,남,58세,중상
노인운전자사고,2.02109E+15,2021년 9월 17일 16시,금요일,부산광역시 수영구 광안동,부상신고사고,0,0,0,1,차대차 - 기타,안전운전불이행,건조,맑음,교차로 - 교차로안,자전거,남,76세,부상신고,승합,남,52세,상해없음
노인운전자사고,2021091700100528,2021년 9월 17일 17시,금요일,부산광역시 해운대구 중동,중상사고,0,1,0,0,차대사람 - 횡단중,신호위반,젖음/습기,비,단일로 - 기타,승용,여,73세,상해없음,보행자,여,61세,중상