사고부문,사고번호,사고일시,요일,시군구,사고내용,사망자수,중상자수,경상자수,부상신고자수,사고유형,법규위반,노면상태,기상상태,도로형태,가해운전자 차종,가해운전자 성별,가해운전자 연령,가해운전자 상해정도,피해운전자 차종,피해운전자 성별,피해운전자 연령,피해운전자 상해정도
노인운전자사고,2021091700100593,2021년 9월 17일 18시,금요일,부산광역시 부산진구 개금동,경상사고,0,0,1,0,차대차 - 측면충돌,안전거리미확보,건조,맑음,단일로 - 기타,승용,남,74세,상해없음,승용,여,35세,경상
노인운전자사고,2021091700100704,2021년 9월 17일 20시,금요일,부산광역시 연제구 연산동,중상사고,0,1,0,0,차대차 - 기타,안전운전불이행,기타,흐림,단일로 - 기타,승용,남,67세,상해없음,화물,남,51세,중상
노인운전자사고,2021091800100086,2021년 9월 18일 09시,토요일,부산광역시 중구 남포동6가,경상사고,0,0,1,0,차대사람 - 횡단중,신호위반,건조,맑음,교차로 - 교차로횡단보도내,이륜,남,71세,상해없음,보행자,남,38세,경상
노인운전자사고,2.02109E+15,2021년 9월 18일 10시,토요일,부산광역시 부산진구 당감동,부상신고사고,0,0,0,1,차대차 - 측면충돌,안전거리미확보,건조,맑음,기타 - 기타,승용,남,74세,부상신고,화물,남,48세,상해없음
노인운전자사고,2021091800100132,2021년 9월 18일 10시,토요일,부산광역시 강서구 명지동,경상사고,0,0,1,0,차대차 - 기타,안전운전불이행,건조,맑음,단일로 - 기타,승용,남,67세,상해없음,승용,남,31세,경상
노인운전자사고,2.02109E+15,2021년 9월 18일 12시,토요일,부산광역시 사상구 모라동,경상사고,0,0,1,0,차대차 - 추돌,안전운전불이행,건조,맑음,단일로 - 기타,승용,남,67세,상해없음,승용,여,50세,경상
노인운전자사고,2021091800100292,2021년 9월 18일 13시,토요일,부산광역시 남구 대연동,경상사고,0,0,2,0,차대차 - 측면충돌,안전운전불이행,건조,맑음,단일로 - 기타,승용,남,66세,경상,승용,남,53세,경상
노인운전자사고,2021091800100587,2021년 9월 18일 20시,토요일,부산광역시 서구 충무동1가,중상사고,0,1,0,0,차대차 - 측면충돌,안전운전불이행,건조,맑음,단일로 - 기타,화물,남,67세,상해없음,기타불명,여,72세,중상
노인운전자사고,2021091900100042,2021년 9월 19일 07시,일요일,부산광역시 부산진구 개금동,중상사고,0,1,0,0,차대사람 - 기타,안전운전불이행,건조,맑음,교차로 - 교차로안,승용,남,79세,상해없음,보행자,여,50세,중상
노인운전자사고,2021091900100112,2021년 9월 19일 11시,일요일,부산광역시 수영구 광안동,중상사고,0,1,0,0,차대차 - 기타,기타,건조,맑음,단일로 - 기타,승용,남,72세,상해없음,이륜,남,42세,중상
노인운전자사고,2021091900100199,2021년 9월 19일 14시,일요일,부산광역시 중구 대청동1가,경상사고,0,0,1,0,차대차 - 측면충돌,신호위반,건조,맑음,교차로 - 교차로안,승용,남,72세,상해없음,이륜,남,42세,경상
노인운전자사고,2021091900100299,2021년 9월 19일 17시,일요일,부산광역시 영도구 대교동1가,경상사고,0,0,1,0,차대차 - 측면충돌,안전운전불이행,건조,맑음,단일로 - 기타,승용,남,67세,상해없음,승용,남,31세,경상
노인운전자사고,2021092000100436,2021년 9월 20일 22시,월요일,부산광역시 부산진구 개금동,경상사고,0,0,1,0,차대차 - 기타,안전거리미확보,건조,맑음,단일로 - 기타,승용,남,72세,상해없음,원동기,남,19세,경상
노인운전자사고,2.02109E+15,2021년 9월 21일 08시,화요일,부산광역시 사하구 괴정동,경상사고,0,0,2,0,차대차 - 기타,안전거리미확보,건조,맑음,교차로 - 교차로안,승용,남,73세,상해없음,승합,남,53세,경상
노인운전자사고,2021092100100113,2021년 9월 21일 13시,화요일,부산광역시 남구 대연동,경상사고,0,0,1,0,차대차 - 기타,안전운전불이행,건조,맑음,단일로 - 기타,화물,남,69세,상해없음,승용,여,49세,경상
노인운전자사고,2021092100100193,2021년 9월 21일 16시,화요일,부산광역시 사상구 모라동,경상사고,0,0,1,0,차대차 - 추돌,안전운전불이행,건조,맑음,단일로 - 기타,화물,남,65세,기타불명,승용,남,53세,경상
노인운전자사고,2.02109E+15,2021년 9월 21일 18시,화요일,부산광역시 해운대구 좌동,중상사고,0,1,0,0,차대차 - 기타,안전거리미확보,젖음/습기,흐림,교차로 - 교차로부근,승용,남,66세,상해없음,이륜,남,40세,중상
노인운전자사고,2021092200100139,2021년 9월 22일 13시,수요일,부산광역시 남구 문현동,중상사고,0,1,0,0,차대사람 - 횡단중,안전운전불이행,젖음/습기,비,교차로 - 교차로부근,승용,남,86세,상해없음,보행자,남,56세,중상
노인운전자사고,2021092200100142,2021년 9월 22일 13시,수요일,부산광역시 강서구 대저1동,중상사고,0,1,0,0,차대차 - 기타,안전운전불이행,건조,맑음,교차로 - 교차로안,승용,여,76세,상해없음,승용,남,54세,중상
노인운전자사고,2021092200100177,2021년 9월 22일 14시,수요일,부산광역시 기장군 기장읍,경상사고,0,0,3,0,차대차 - 기타,안전거리미확보,건조,맑음,단일로 - 기타,승용,남,67세,상해없음,승용,남,55세,경상
노인운전자사고,2021092200100203,2021년 9월 22일 15시,수요일,부산광역시 사하구 괴정동,경상사고,0,0,1,0,차대차 - 기타,안전운전불이행,건조,맑음,단일로 - 기타,승용,남,71세,상해없음,승용,여,34세,경상
노인운전자사고,2021092200100346,2021년 9월 22일 20시,수요일,부산광역시 부산진구 전포동,경상사고,0,0,2,0,차대차 - 측면충돌,안전거리미확보,건조,맑음,단일로 - 기타,승용,남,66세,경상,승용,남,30세,경상
노인운전자사고,2021092300100025,2021년 9월 23일 06시,목요일,부산광역시 금정구 부곡동,경상사고,0,0,1,0,차대차 - 기타,직진우회전진행방해,건조,맑음,교차로 - 교차로안,승용,남,68세,상해없음,자전거,남,63세,경상
노인운전자사고,2021092300100066,2021년 9월 23일 08시,목요일,부산광역시 동구 범일동,경상사고,0,0,1,0,차대차 - 측면충돌,교차로운행방법위반,건조,맑음,교차로 - 교차로안,화물,남,69세,상해없음,승용,여,57세,경상
노인운전자사고,2021092300100067,2021년 9월 23일 08시,목요일,부산광역시 동래구 온천동,경상사고,0,0,1,0,차대사람 - 횡단중,보행자보호의무위반,건조,맑음,단일로 - 기타,승용,남,66세,상해없음,보행자,남,14세,경상
노인운전자사고,2021092300100068,2021년 9월 23일 08시,목요일,부산광역시 연제구 거제동,중상사고,0,1,1,0,차대사람 - 횡단중,보행자보호의무위반,건조,맑음,교차로 - 교차로횡단보도내,승용,여,67세,상해없음,보행자,여,38세,중상
노인운전자사고,2021092300100101,2021년 9월 23일 09시,목요일,부산광역시 사상구 덕포동,경상사고,0,0,1,0,차대차 - 추돌,안전운전불이행,건조,맑음,단일로 - 기타,이륜,남,67세,경상,승합,남,56세,상해없음
노인운전자사고,2021092300100179,2021년 9월 23일 11시,목요일,부산광역시 강서구 대저1동,경상사고,0,0,1,0,차대차 - 측면충돌,안전운전불이행,건조,맑음,단일로 - 기타,승용,남,67세,상해없음,승합,남,54세,경상
노인운전자사고,2021092300100211,2021년 9월 23일 12시,목요일,부산광역시 서구 아미동1가,경상사고,0,0,1,0,차대차 - 후진중충돌,안전운전불이행,건조,맑음,기타 - 기타,승용,남,66세,상해없음,승용,여,38세,경상
노인운전자사고,2021092300100358,2021년 9월 23일 16시,목요일,부산광역시 북구 구포동,경상사고,0,0,4,0,차대차 - 기타,안전거리미확보,건조,맑음,단일로 - 기타,승용,남,69세,경상,승용,남,36세,경상
노인운전자사고,2.02109E+15,2021년 9월 23일 16시,목요일,부산광역시 사상구 감전동,중상사고,0,1,0,0,차대사람 - 기타,보행자보호의무위반,건조,맑음,교차로 - 교차로안,화물,남,71세,상해없음,보행자,남,64세,중상
노인운전자사고,2021092300100402,2021년 9월 23일 17시,목요일,부산광역시 동구 범일동,중상사고,0,1,1,0,차대차 - 측면충돌,신호위반,건조,맑음,교차로 - 교차로안,승용,남,70세,경상,이륜,남,49세,중상
노인운전자사고,2021092300100405,2021년 9월 23일 17시,목요일,부산광역시 금정구 두구동,경상사고,0,0,1,0,차대사람 - 기타,기타,건조,맑음,단일로 - 기타,승합,남,66세,상해없음,보행자,남,29세,경상
노인운전자사고,2021092300100406,2021년 9월 23일 17시,목요일,부산광역시 강서구 녹산동,경상사고,0,0,1,0,차대차 - 기타,안전거리미확보,건조,맑음,단일로 - 기타,승용,남,72세,상해없음,승용,남,42세,경상
노인운전자사고,2021092300100497,2021년 9월 23일 19시,목요일,부산광역시 금정구 서동,중상사고,0,1,0,0,차대사람 - 기타,교차로운행방법위반,건조,맑음,교차로 - 교차로안,승용,남,68세,상해없음,보행자,여,60세,중상
노인운전자사고,2021092400100016,2021년 9월 24일 05시,금요일,부산광역시 해운대구 반여동,중상사고,0,1,0,0,차대차 - 추돌,안전운전불이행,건조,맑음,교차로 - 교차로안,승용,남,68세,기타불명,승용,남,17세,중상
노인운전자사고,2021092400100067,2021년 9월 24일 08시,금요일,부산광역시 강서구 녹산동,경상사고,0,0,2,0,차대차 - 측면충돌,안전거리미확보,건조,맑음,단일로 - 기타,화물,남,66세,경상,건설기계,남,55세,경상
노인운전자사고,2021092400100129,2021년 9월 24일 10시,금요일,부산광역시 해운대구 반여동,경상사고,0,0,1,0,차대사람 - 횡단중,안전운전불이행,건조,맑음,교차로 - 교차로횡단보도내,승용,남,81세,상해없음,보행자,여,8세,경상
노인운전자사고,2021092400100194,2021년 9월 24일 12시,금요일,부산광역시 동구 범일동,경상사고,0,0,1,0,차대차 - 측면충돌,안전운전불이행,건조,맑음,단일로 - 기타,승용,남,73세,상해없음,이륜,남,21세,경상
노인운전자사고,2021092400100195,2021년 9월 24일 12시,금요일,부산광역시 서구 남부민동,경상사고,0,0,1,0,차대사람 - 기타,기타,건조,맑음,단일로 - 기타,원동기,남,71세,상해없음,보행자,남,41세,경상
노인운전자사고,2021092400100224,2021년 9월 24일 13시,금요일,부산광역시 금정구 구서동,경상사고,0,0,1,0,차대차 - 기타,안전운전불이행,건조,맑음,교차로 - 교차로부근,승용,남,66세,상해없음,승용,남,25세,경상
노인운전자사고,2021092400100262,2021년 9월 24일 14시,금요일,부산광역시 남구 대연동,경상사고,0,0,1,0,차대차 - 추돌,안전운전불이행,건조,맑음,교차로 - 교차로부근,승용,여,66세,상해없음,승용,남,39세,경상
노인운전자사고,2.02109E+15,2021년 9월 24일 15시,금요일,부산광역시 중구 중앙동4가,경상사고,0,0,2,0,차대차 - 측면충돌,안전운전불이행,건조,맑음,교차로 - 교차로안,승용,남,74세,상해없음,승용,여,44세,경상
노인운전자사고,2021092400100302,2021년 9월 24일 15시,금요일,부산광역시 수영구 남천동,경상사고,0,0,1,0,차대사람 - 기타,안전운전불이행,건조,맑음,기타 - 기타,자전거,여,68세,상해없음,보행자,여,48세,경상
노인운전자사고,2.02109E+15,2021년 9월 24일 21시,금요일,부산광역시 해운대구 석대동,사망사고,1,0,0,0,차대사람 - 차도통행중,안전운전불이행,젖음/습기,맑음,단일로 - 기타,승용,남,66세,상해없음,보행자,여,68세,사망
노인운전자사고,2021092400100574,2021년 9월 24일 23시,금요일,부산광역시 연제구 연산동,경상사고,0,0,1,0,차대사람 - 기타,안전운전불이행,건조,맑음,단일로 - 기타,승용,남,68세,상해없음,보행자,여,25세,경상
노인운전자사고,2021092500100002,2021년 9월 25일 00시,토요일,부산광역시 금정구 장전동,경상사고,0,0,1,0,차대차 - 측면충돌,직진우회전진행방해,건조,맑음,교차로 - 교차로안,승용,남,70세,상해없음,승용,남,42세,경상
노인운전자사고,2021092500100043,2021년 9월 25일 08시,토요일,부산광역시 동래구 안락동,경상사고,0,0,1,0,차량단독 - 기타,안전운전불이행,건조,맑음,단일로 - 기타,승용,남,67세,상해없음,,,,
노인운전자사고,2021092500100241,2021년 9월 25일 15시,토요일,부산광역시 기장군 일광면,경상사고,0,0,1,0,차대사람 - 기타,안전운전불이행,건조,맑음,기타 - 기타,승용,남,79세,상해없음,보행자,여,55세,경상
노인운전자사고,2021092500100299,2021년 9월 25일 17시,토요일,부산광역시 사상구 주례동,경상사고,0,0,1,0,차대차 - 측면충돌,안전운전불이행,건조,맑음,기타 - 기타,화물,남,66세,상해없음,승용,남,62세,경상
노인운전자사고,2.02109E+15,2021년 9월 25일 20시,토요일,부산광역시 부산진구 전포동,경상사고,0,0,6,0,차대차 - 측면충돌,안전거리미확보,건조,맑음,단일로 - 기타,승용,남,70세,경상,승용,남,39세,경상
노인운전자사고,2.02109E+15,2021년 9월 25일 21시,토요일,부산광역시 수영구 수영동,중상사고,0,1,0,0,차대사람 - 기타,교차로운행방법위반,건조,맑음,교차로 - 교차로안,승용,남,76세,상해없음,보행자,남,64세,중상
노인운전자사고,2021092600100019,2021년 9월 26일 03시,일요일,부산광역시 동래구 온천동,중상사고,0,1,0,0,차대차 - 정면충돌,중앙선침범,건조,맑음,교차로 - 교차로안,승용,남,66세,상해없음,승용,남,59세,중상
노인운전자사고,2.02109E+15,2021년 9월 26일 11시,일요일,부산광역시 사하구 하단동,중상사고,0,1,0,0,차대사람 - 횡단중,안전운전불이행,건조,맑음,교차로 - 교차로횡단보도내,승용,남,67세,상해없음,보행자,남,15세,중상
노인운전자사고,2021092700100129,2021년 9월 27일 10시,월요일,부산광역시 사하구 감천동,중상사고,0,1,0,0,차대차 - 측면충돌,안전운전불이행,건조,맑음,단일로 - 기타,승용,남,69세,상해없음,이륜,여,61세,중상
노인운전자사고,2021092700100264,2021년 9월 27일 14시,월요일,부산광역시 사하구 당리동,경상사고,0,0,1,1,차대차 - 측면충돌,안전거리미확보,건조,맑음,단일로 - 기타,승용,남,70세,상해없음,승용,남,21세,부상신고
노인운전자사고,2021092700100294,2021년 9월 27일 15시,월요일,부산광역시 동구 좌천동,경상사고,0,0,1,0,차대차 - 측면충돌,교차로운행방법위반,건조,맑음,교차로 - 교차로부근,승용,남,69세,상해없음,이륜,남,61세,경상
노인운전자사고,2021092700100452,2021년 9월 27일 19시,월요일,부산광역시 연제구 연산동,중상사고,0,3,6,2,차대차 - 측면충돌,신호위반,건조,맑음,단일로 - 기타,승용,남,67세,부상신고,승합,남,46세,중상
노인운전자사고,2021092700100453,2021년 9월 27일 19시,월요일,부산광역시 강서구 명지동,경상사고,0,0,2,0,차대차 - 기타,안전운전불이행,건조,맑음,교차로 - 교차로안,승합,남,65세,상해없음,승용,여,29세,경상
노인운전자사고,2021092800100253,2021년 9월 28일 14시,화요일,부산광역시 금정구 구서동,중상사고,0,1,0,0,차대사람 - 기타,보행자보호의무위반,건조,맑음,교차로 - 교차로부근,승용,남,81세,상해없음,보행자,남,35세,중상
노인운전자사고,2.02109E+15,2021년 9월 28일 21시,화요일,부산광역시 금정구 부곡동,부상신고사고,0,0,0,1,차대사람 - 차도통행중,교차로운행방법위반,건조,맑음,교차로 - 교차로안,승용,남,70세,상해없음,보행자,남,49세,부상신고
노인운전자사고,2021092900100055,2021년 9월 29일 07시,수요일,부산광역시 사상구 주례동,경상사고,0,0,1,0,차대차 - 측면충돌,교차로운행방법위반,건조,맑음,교차로 - 교차로안,승합,남,69세,상해없음,이륜,남,31세,경상
노인운전자사고,2021092900100175,2021년 9월 29일 11시,수요일,부산광역시 동구 초량동,중상사고,0,1,1,0,차대사람 - 기타,기타,건조,맑음,기타 - 기타,승용,남,81세,상해없음,보행자,여,84세,중상
노인운전자사고,2021092900100303,2021년 9월 29일 15시,수요일,부산광역시 동구 범일동,경상사고,0,0,2,0,차대차 - 측면충돌,안전운전불이행,건조,맑음,기타 - 기타,승용,남,66세,경상,승용,여,28세,경상
노인운전자사고,2021092900100304,2021년 9월 29일 15시,수요일,부산광역시 해운대구 우동,경상사고,0,0,1,0,차대차 - 기타,안전거리미확보,건조,맑음,단일로 - 기타,승용,남,70세,상해없음,이륜,남,24세,경상
노인운전자사고,2021092900100421,2021년 9월 29일 18시,수요일,부산광역시 강서구 명지동,경상사고,0,0,1,0,차대차 - 기타,신호위반,젖음/습기,맑음,교차로 - 교차로안,승용,남,66세,상해없음,승용,남,39세,경상
노인운전자사고,2021092900100486,2021년 9월 29일 19시,수요일,부산광역시 동래구 안락동,경상사고,0,0,1,0,차대차 - 기타,교차로운행방법위반,건조,맑음,교차로 - 교차로안,승용,남,70세,상해없음,승용,남,53세,경상
노인운전자사고,2021092900100489,2021년 9월 29일 19시,수요일,부산광역시 사하구 괴정동,경상사고,0,0,1,0,차대차 - 기타,안전거리미확보,젖음/습기,비,단일로 - 지하차도(도로)내,승용,남,68세,상해없음,이륜,남,30세,경상
노인운전자사고,2021093000100045,2021년 9월 30일 06시,목요일,부산광역시 금정구 금사동,경상사고,0,0,1,0,차대차 - 측면충돌,기타,젖음/습기,비,교차로 - 교차로안,승용,남,66세,상해없음,승용,남,60세,경상
노인운전자사고,2021093000100093,2021년 9월 30일 08시,목요일,부산광역시 동구 초량동,경상사고,0,0,1,0,차대차 - 측면충돌,안전거리미확보,건조,흐림,단일로 - 기타,승용,남,70세,상해없음,승용,남,31세,경상
노인운전자사고,2021093000100094,2021년 9월 30일 08시,목요일,부산광역시 강서구 대저2동,경상사고,0,0,1,0,차대차 - 측면충돌,안전운전불이행,건조,맑음,교차로 - 교차로부근,승용,남,65세,상해없음,승용,남,36세,경상
노인운전자사고,2021093000100135,2021년 9월 30일 09시,목요일,부산광역시 북구 덕천동,중상사고,0,1,0,0,차대사람 - 횡단중,보행자보호의무위반,건조,맑음,교차로 - 교차로횡단보도내,승합,남,68세,상해없음,보행자,여,63세,중상
노인운전자사고,2021093000100167,2021년 9월 30일 10시,목요일,부산광역시 사상구 주례동,경상사고,0,0,1,0,차대차 - 측면충돌,신호위반,건조,맑음,교차로 - 교차로부근,이륜,남,74세,상해없음,승용,남,54세,상해없음
노인운전자사고,2021093000100299,2021년 9월 30일 14시,목요일,부산광역시 해운대구 우동,중상사고,0,1,0,0,차대차 - 측면충돌,안전운전불이행,건조,맑음,단일로 - 기타,승용,여,72세,상해없음,자전거,남,46세,중상
노인운전자사고,2021093000100436,2021년 9월 30일 17시,목요일,부산광역시 서구 부민동3가,중상사고,0,1,0,0,차대사람 - 횡단중,안전운전불이행,건조,맑음,단일로 - 기타,승용,남,71세,상해없음,보행자,여,8세,중상
노인운전자사고,2021100100100071,2021년 10월 1일 08시,금요일,부산광역시 동구 초량동,경상사고,0,0,3,0,차대차 - 기타,안전운전불이행,건조,맑음,단일로 - 기타,승용,남,72세,경상,승용,여,46세,경상
노인운전자사고,2021100100100072,2021년 10월 1일 08시,금요일,부산광역시 부산진구 개금동,중상사고,0,1,1,0,차대차 - 추돌,안전운전불이행,건조,맑음,단일로 - 기타,승용,남,79세,상해없음,승용,여,31세,경상
노인운전자사고,2021100100100184,2021년 10월 1일 11시,금요일,부산광역시 영도구 청학동,중상사고,0,1,0,0,차대차 - 기타,안전운전불이행,건조,맑음,단일로 - 기타,화물,남,76세,상해없음,이륜,남,41세,중상
노인운전자사고,2021100100100338,2021년 10월 1일 15시,금요일,부산광역시 서구 동대신동1가,경상사고,0,0,1,0,차대차 - 측면충돌,안전거리미확보,건조,맑음,단일로 - 기타,특수,남,65세,상해없음,승합,남,52세,경상
노인운전자사고,2021100100100339,2021년 10월 1일 15시,금요일,부산광역시 해운대구 반여동,경상사고,0,0,4,0,차대차 - 측면충돌,교차로운행방법위반,건조,맑음,교차로 - 교차로안,승용,남,82세,상해없음,승용,남,40세,경상
노인운전자사고,2.0211E+15,2021년 10월 1일 15시,금요일,부산광역시 부산진구 부전동,경상사고,0,0,2,0,차대차 - 측면충돌,신호위반,건조,맑음,교차로 - 교차로부근,이륜,남,74세,경상,승용,남,40세,경상
노인운전자사고,2021100100100443,2021년 10월 1일 17시,금요일,부산광역시 동구 수정동,중상사고,0,1,0,0,차대차 - 측면충돌,안전운전불이행,건조,맑음,교차로 - 교차로안,자전거,남,67세,중상,승용,남,45세,상해없음
노인운전자사고,2021100100100556,2021년 10월 1일 19시,금요일,부산광역시 금정구 장전동,부상신고사고,0,0,0,1,차대사람 - 횡단중,안전운전불이행,건조,맑음,교차로 - 교차로부근,승용,남,68세,상해없음,보행자,남,26세,부상신고
노인운전자사고,2021100100100614,2021년 10월 1일 21시,금요일,부산광역시 강서구 대저1동,부상신고사고,0,0,0,1,차량단독 - 전도전복 - 전도,안전운전불이행,건조,맑음,단일로 - 기타,이륜,남,72세,부상신고,,,,
노인운전자사고,2021100200100087,2021년 10월 2일 09시,토요일,부산광역시 남구 대연동,경상사고,0,0,2,0,차대차 - 기타,신호위반,건조,맑음,교차로 - 교차로안,승용,남,81세,상해없음,승용,남,36세,경상
노인운전자사고,2021100200100203,2021년 10월 2일 12시,토요일,부산광역시 금정구 금성동,경상사고,0,0,1,0,차대차 - 측면충돌,안전운전불이행,건조,맑음,기타 - 기타,승용,남,68세,상해없음,이륜,남,31세,경상
노인운전자사고,2021100200100251,2021년 10월 2일 13시,토요일,부산광역시 기장군 기장읍,경상사고,0,0,1,0,차대차 - 측면충돌,안전운전불이행,건조,맑음,단일로 - 고가도로위,승용,남,72세,상해없음,승용,남,49세,경상
노인운전자사고,2021100200100319,2021년 10월 2일 15시,토요일,부산광역시 사상구 주례동,중상사고,0,1,0,0,차대차 - 측면충돌,기타,건조,맑음,교차로 - 교차로안,승용,남,72세,상해없음,자전거,남,84세,중상
노인운전자사고,2.0211E+15,2021년 10월 2일 16시,토요일,부산광역시 사하구 감천동,중상사고,0,1,0,0,차대차 - 기타,안전운전불이행,건조,맑음,단일로 - 기타,승용,남,70세,상해없음,이륜,남,38세,중상
노인운전자사고,2021100200100505,2021년 10월 2일 19시,토요일,부산광역시 사상구 감전동,경상사고,0,0,1,0,차대사람 - 기타,안전운전불이행,건조,맑음,교차로 - 교차로부근,승용,남,80세,상해없음,보행자,남,66세,경상
노인운전자사고,2021100300100004,2021년 10월 3일 00시,일요일,부산광역시 부산진구 부암동,중상사고,0,1,0,0,차대사람 - 기타,안전운전불이행,건조,맑음,교차로 - 교차로안,화물,남,65세,기타불명,보행자,여,54세,중상
노인운전자사고,2021100300100064,2021년 10월 3일 09시,일요일,부산광역시 서구 남부민동,경상사고,0,0,1,0,차대차 - 측면충돌,안전운전불이행,건조,맑음,교차로 - 교차로안,승용,남,71세,상해없음,이륜,남,25세,경상
노인운전자사고,2021100300100353,2021년 10월 3일 18시,일요일,부산광역시 서구 남부민동,경상사고,0,0,2,0,차량단독 - 기타,안전운전불이행,건조,맑음,단일로 - 기타,승용,남,73세,상해없음,,,,
노인운전자사고,2021100300100394,2021년 10월 3일 19시,일요일,부산광역시 수영구 광안동,경상사고,0,0,2,0,차대차 - 측면충돌,안전운전불이행,건조,맑음,교차로 - 교차로안,승용,남,73세,상해없음,승용,남,54세,경상
노인운전자사고,2021100300100396,2021년 10월 3일 19시,일요일,부산광역시 금정구 서동,중상사고,0,3,3,0,차대차 - 기타,교차로운행방법위반,건조,맑음,교차로 - 교차로안,승용,남,66세,상해없음,승용,여,45세,중상
노인운전자사고,2021100300100437,2021년 10월 3일 20시,일요일,부산광역시 동래구 온천동,경상사고,0,0,1,0,차대차 - 기타,중앙선침범,건조,맑음,교차로 - 교차로안,이륜,남,66세,경상,승용,남,40세,상해없음
노인운전자사고,2021100300100491,2021년 10월 3일 22시,일요일,부산광역시 북구 덕천동,부상신고사고,0,0,0,1,차대차 - 기타,안전거리미확보,건조,맑음,단일로 - 기타,승용,남,68세,상해없음,이륜,남,17세,부상신고
노인운전자사고,2.0211E+15,2021년 10월 4일 10시,월요일,부산광역시 사하구 당리동,중상사고,0,1,0,0,차대차 - 기타,안전운전불이행,건조,맑음,단일로 - 기타,승용,남,73세,상해없음,이륜,남,64세,중상
노인운전자사고,2021100400100111,2021년 10월 4일 11시,월요일,부산광역시 수영구 광안동,경상사고,0,0,1,0,차대차 - 측면충돌,안전운전불이행,건조,맑음,교차로 - 교차로안,승용,남,67세,상해없음,이륜,남,29세,경상
노인운전자사고,2021100400100451,2021년 10월 4일 21시,월요일,부산광역시 남구 용당동,경상사고,0,0,2,0,차대차 - 기타,신호위반,건조,맑음,교차로 - 교차로안,승용,남,65세,상해없음,승용,남,75세,경상
노인운전자사고,2021100500100034,2021년 10월 5일 07시,화요일,부산광역시 연제구 거제동,경상사고,0,0,1,0,차대차 - 추돌,안전운전불이행,건조,맑음,교차로 - 교차로부근,승용,남,72세,상해없음,이륜,남,56세,경상
노인운전자사고,2021100500100145,2021년 10월 5일 10시,화요일,부산광역시 사상구 학장동,경상사고,0,0,1,0,차대차 - 측면충돌,안전거리미확보,건조,맑음,단일로 - 지하차도(도로)내,화물,남,69세,상해없음,승용,여,34세,경상
노인운전자사고,2021100500100181,2021년 10월 5일 11시,화요일,부산광역시 부산진구 가야동,중상사고,0,1,0,0,차대차 - 추돌,안전거리미확보,건조,맑음,교차로 - 교차로안,승용,남,71세,상해없음,승용,남,39세,기타불명
노인운전자사고,2021100500100295,2021년 10월 5일 14시,화요일,부산광역시 동래구 안락동,경상사고,0,0,1,0,차대차 - 추돌,안전운전불이행,건조,맑음,단일로 - 기타,승용,남,71세,상해없음,승용,남,69세,경상
노인운전자사고,2021100500100379,2021년 10월 5일 16시,화요일,부산광역시 동래구 안락동,경상사고,0,0,3,0,차대차 - 추돌,안전운전불이행,건조,맑음,단일로 - 기타,승용,여,77세,기타불명,승용,남,39세,경상
노인운전자사고,2.0211E+15,2021년 10월 5일 16시,화요일,부산광역시 연제구 연산동,중상사고,0,1,0,0,차대차 - 측면충돌,안전운전불이행,건조,맑음,단일로 - 기타,승용,남,68세,상해없음,이륜,남,68세,중상
노인운전자사고,2021100600100015,2021년 10월 6일 05시,수요일,부산광역시 북구 구포동,경상사고,0,0,1,0,차대차 - 기타,안전운전불이행,건조,맑음,단일로 - 기타,승용,남,79세,상해없음,승용,남,39세,경상
노인운전자사고,2021100600100033,2021년 10월 6일 06시,수요일,부산광역시 남구 우암동,중상사고,0,1,0,0,차대사람 - 차도통행중,안전운전불이행,건조,맑음,단일로 - 기타,승용,남,67세,상해없음,보행자,여,70세,중상
노인운전자사고,2021100600100082,2021년 10월 6일 08시,수요일,부산광역시 기장군 정관읍,경상사고,0,0,2,0,차대차 - 추돌,안전운전불이행,건조,맑음,교차로 - 교차로부근,화물,남,65세,상해없음,화물,남,45세,경상
노인운전자사고,2021100600100398,2021년 10월 6일 17시,수요일,부산광역시 연제구 연산동,경상사고,0,0,1,0,차대차 - 기타,교차로운행방법위반,건조,맑음,교차로 - 교차로안,승용,남,74세,상해없음,자전거,여,22세,경상
노인운전자사고,2021100600100553,2021년 10월 6일 21시,수요일,부산광역시 부산진구 연지동,부상신고사고,0,0,0,1,차대차 - 측면충돌,안전운전불이행,젖음/습기,비,교차로 - 교차로안,승용,남,68세,상해없음,이륜,남,52세,부상신고
노인운전자사고,2021100700100019,2021년 10월 7일 05시,목요일,부산광역시 사상구 학장동,부상신고사고,0,0,0,1,차대차 - 기타,신호위반,건조,맑음,단일로 - 기타,자전거,남,69세,부상신고,이륜,남,73세,상해없음
노인운전자사고,2021100700100047,2021년 10월 7일 07시,목요일,부산광역시 수영구 광안동,경상사고,0,0,1,0,차대사람 - 기타,안전운전불이행,건조,맑음,교차로 - 교차로안,승용,남,71세,상해없음,보행자,남,19세,경상