사고부문,사고번호,사고일시,요일,시군구,사고내용,사망자수,중상자수,경상자수,부상신고자수,사고유형,법규위반,노면상태,기상상태,도로형태,가해운전자 차종,가해운전자 성별,가해운전자 연령,가해운전자 상해정도,피해운전자 차종,피해운전자 성별,피해운전자 연령,피해운전자 상해정도
노인운전자사고,2021100700100288,2021년 10월 7일 14시,목요일,부산광역시 부산진구 가야동,경상사고,0,0,1,0,차대차 - 기타,직진우회전진행방해,건조,맑음,교차로 - 교차로안,승용,남,74세,상해없음,이륜,여,53세,경상
노인운전자사고,2021100800100144,2021년 10월 8일 10시,금요일,부산광역시 남구 감만동,경상사고,0,0,1,0,차대사람 - 보도통행중,안전운전불이행,건조,맑음,단일로 - 기타,승용,남,67세,상해없음,보행자,남,32세,경상
노인운전자사고,2021100800100254,2021년 10월 8일 13시,금요일,부산광역시 금정구 남산동,경상사고,0,0,1,0,차대차 - 측면충돌,안전운전불이행,건조,맑음,기타 - 기타,승용,남,67세,상해없음,승용,여,47세,경상
노인운전자사고,2021100800100296,2021년 10월 8일 14시,금요일,부산광역시 부산진구 범천동,중상사고,0,1,0,0,차대차 - 기타,기타,건조,기타,단일로 - 기타,승용,남,67세,상해없음,개인형이동수단(PM),남,53세,중상
노인운전자사고,2021100800100297,2021년 10월 8일 14시,금요일,부산광역시 부산진구 개금동,중상사고,0,1,3,0,차대차 - 추돌,신호위반,건조,기타,단일로 - 기타,화물,남,74세,기타불명,승용,여,44세,경상
노인운전자사고,2021100800100326,2021년 10월 8일 15시,금요일,부산광역시 서구 서대신동1가,경상사고,0,0,1,0,차대차 - 후진중충돌,안전운전불이행,건조,맑음,교차로 - 교차로부근,승용,남,80세,상해없음,승용,여,54세,경상
노인운전자사고,2.0211E+15,2021년 10월 8일 16시,금요일,부산광역시 강서구 대저2동,경상사고,0,0,1,0,차대사람 - 기타,안전운전불이행,건조,맑음,단일로 - 기타,승용,남,80세,상해없음,보행자,남,51세,경상
노인운전자사고,2021100800100545,2021년 10월 8일 19시,금요일,부산광역시 수영구 망미동,경상사고,0,0,1,0,차대차 - 기타,안전운전불이행,건조,맑음,단일로 - 기타,자전거,남,67세,상해없음,자전거,남,51세,경상
노인운전자사고,2021100900100084,2021년 10월 9일 10시,토요일,부산광역시 서구 동대신동1가,경상사고,0,0,2,0,차대차 - 추돌,안전거리미확보,건조,맑음,단일로 - 기타,승용,남,66세,상해없음,승용,여,40세,경상
노인운전자사고,2021100900100211,2021년 10월 9일 14시,토요일,부산광역시 부산진구 양정동,경상사고,0,0,3,0,차대차 - 기타,교차로운행방법위반,건조,기타,교차로 - 교차로안,승용,남,69세,기타불명,승용,남,41세,경상
노인운전자사고,2021100900100253,2021년 10월 9일 15시,토요일,부산광역시 사하구 괴정동,경상사고,0,0,1,0,차대사람 - 기타,안전운전불이행,건조,맑음,단일로 - 기타,승용,여,66세,상해없음,보행자,남,68세,경상
노인운전자사고,2.0211E+15,2021년 10월 9일 16시,토요일,부산광역시 해운대구 송정동,중상사고,0,1,1,0,차대차 - 측면충돌,직진우회전진행방해,건조,맑음,교차로 - 교차로안,화물,남,67세,기타불명,승용,여,25세,경상
노인운전자사고,2021100900100363,2021년 10월 9일 18시,토요일,부산광역시 연제구 연산동,경상사고,0,0,1,0,차대차 - 추돌,안전거리미확보,건조,맑음,단일로 - 기타,승용,남,71세,상해없음,이륜,남,47세,경상
노인운전자사고,2021101000100065,2021년 10월 10일 09시,일요일,부산광역시 기장군 일광면,경상사고,0,0,1,0,차대차 - 후진중충돌,안전운전불이행,건조,맑음,교차로 - 교차로부근,승용,남,71세,상해없음,승용,남,38세,경상
노인운전자사고,2021101000100166,2021년 10월 10일 13시,일요일,부산광역시 부산진구 부전동,중상사고,0,1,0,0,차대차 - 기타,신호위반,건조,맑음,교차로 - 교차로안,이륜,남,79세,기타불명,승용,남,40세,상해없음
노인운전자사고,2021101000100271,2021년 10월 10일 16시,일요일,부산광역시 사상구 주례동,중상사고,0,1,0,0,차대사람 - 횡단중,보행자보호의무위반,건조,맑음,단일로 - 기타,승용,여,69세,상해없음,보행자,여,67세,중상
노인운전자사고,2021101000100345,2021년 10월 10일 18시,일요일,부산광역시 부산진구 범천동,중상사고,0,1,0,0,차대차 - 정면충돌,신호위반,건조,맑음,교차로 - 교차로안,승용,남,65세,상해없음,이륜,남,66세,중상
노인운전자사고,2021101000100387,2021년 10월 10일 19시,일요일,부산광역시 사하구 하단동,경상사고,0,0,4,0,차대차 - 추돌,안전거리미확보,건조,맑음,교차로 - 교차로안,화물,남,67세,상해없음,승용,여,44세,경상
노인운전자사고,2021101100100116,2021년 10월 11일 11시,월요일,부산광역시 남구 우암동,경상사고,0,0,1,0,차대차 - 추돌,안전운전불이행,건조,맑음,교차로 - 교차로안,승합,남,65세,상해없음,이륜,남,24세,경상
노인운전자사고,2021101100100252,2021년 10월 11일 15시,월요일,부산광역시 동구 초량동,경상사고,0,0,1,0,차대차 - 측면충돌,차로위반,건조,맑음,단일로 - 기타,승용,남,66세,상해없음,승용,여,42세,경상
노인운전자사고,2021101100100361,2021년 10월 11일 18시,월요일,부산광역시 연제구 연산동,경상사고,0,0,1,0,차대차 - 추돌,안전운전불이행,젖음/습기,비,단일로 - 기타,승용,남,75세,상해없음,이륜,남,24세,경상
노인운전자사고,2021101200100121,2021년 10월 12일 09시,화요일,부산광역시 동래구 온천동,경상사고,0,0,2,0,차대차 - 기타,안전운전불이행,건조,맑음,교차로 - 교차로안,건설기계,남,66세,상해없음,승용,여,65세,경상
노인운전자사고,2021101200100161,2021년 10월 12일 10시,화요일,부산광역시 수영구 수영동,중상사고,0,1,0,0,차대차 - 측면충돌,안전운전불이행,건조,맑음,교차로 - 교차로안,화물,남,77세,상해없음,이륜,남,70세,기타불명
노인운전자사고,2021101200100195,2021년 10월 12일 11시,화요일,부산광역시 해운대구 송정동,경상사고,0,0,2,0,차대차 - 측면충돌,직진우회전진행방해,젖음/습기,비,교차로 - 교차로안,화물,남,68세,상해없음,승용,남,57세,경상
노인운전자사고,2021101200100196,2021년 10월 12일 11시,화요일,부산광역시 강서구 대저1동,중상사고,0,1,0,0,차대차 - 기타,안전운전불이행,건조,맑음,교차로 - 교차로부근,자전거,여,72세,중상,승용,여,37세,상해없음
노인운전자사고,2021101200100408,2021년 10월 12일 18시,화요일,부산광역시 동래구 수안동,부상신고사고,0,0,0,1,차대차 - 측면충돌,불법유턴,건조,맑음,교차로 - 교차로안,이륜,남,70세,부상신고,승용,남,39세,상해없음
노인운전자사고,2021101200100499,2021년 10월 12일 20시,화요일,부산광역시 금정구 노포동,경상사고,0,0,2,0,차대차 - 기타,신호위반,건조,맑음,교차로 - 교차로부근,승용,남,76세,상해없음,승용,남,52세,경상
노인운전자사고,2021101300100026,2021년 10월 13일 06시,수요일,부산광역시 서구 동대신동1가,중상사고,0,1,0,0,차대차 - 측면충돌,안전운전불이행,건조,맑음,교차로 - 교차로부근,이륜,남,69세,중상,건설기계,남,59세,상해없음
노인운전자사고,2021101300100276,2021년 10월 13일 14시,수요일,부산광역시 부산진구 가야동,경상사고,0,0,1,0,차대사람 - 횡단중,보행자보호의무위반,건조,맑음,교차로 - 교차로부근,승용,남,76세,상해없음,보행자,여,54세,경상
노인운전자사고,2021101300100318,2021년 10월 13일 15시,수요일,부산광역시 부산진구 양정동,경상사고,0,0,2,0,차대차 - 측면충돌,안전거리미확보,건조,맑음,교차로 - 교차로부근,승용,남,67세,상해없음,승용,남,45세,경상
노인운전자사고,2021101400100142,2021년 10월 14일 09시,목요일,부산광역시 강서구 명지동,중상사고,0,1,1,0,차대차 - 측면충돌,안전운전불이행,건조,맑음,단일로 - 기타,승용,남,66세,경상,화물,남,63세,중상
노인운전자사고,2021101400100181,2021년 10월 14일 10시,목요일,부산광역시 해운대구 우동,경상사고,0,0,1,0,차대차 - 추돌,안전운전불이행,건조,맑음,교차로 - 교차로안,승용,남,75세,상해없음,이륜,남,59세,경상
노인운전자사고,2021101400100245,2021년 10월 14일 12시,목요일,부산광역시 사상구 덕포동,중상사고,0,1,0,0,차대차 - 기타,신호위반,건조,맑음,교차로 - 교차로안,승용,남,72세,상해없음,화물,남,48세,상해없음
노인운전자사고,2021101400100284,2021년 10월 14일 13시,목요일,부산광역시 금정구 부곡동,경상사고,0,0,2,0,차대사람 - 기타,신호위반,건조,맑음,교차로 - 교차로안,승용,여,72세,상해없음,보행자,여,10세,경상
노인운전자사고,2021101400100361,2021년 10월 14일 15시,목요일,부산광역시 북구 구포동,경상사고,0,0,1,0,차대차 - 기타,안전운전불이행,건조,맑음,교차로 - 교차로안,화물,남,70세,상해없음,자전거,남,68세,경상
노인운전자사고,2021101400100392,2021년 10월 14일 16시,목요일,부산광역시 사하구 다대동,중상사고,0,1,0,0,차대차 - 기타,안전운전불이행,건조,맑음,단일로 - 기타,승용,여,70세,상해없음,이륜,남,84세,중상
노인운전자사고,2021101400100393,2021년 10월 14일 16시,목요일,부산광역시 연제구 거제동,중상사고,0,1,0,0,차대차 - 측면충돌,기타,건조,맑음,단일로 - 기타,승용,남,69세,상해없음,자전거,여,63세,중상
노인운전자사고,2021101400100395,2021년 10월 14일 16시,목요일,부산광역시 사상구 주례동,경상사고,0,0,1,0,차대차 - 측면충돌,안전운전불이행,건조,맑음,단일로 - 지하차도(도로)내,승용,여,68세,경상,이륜,남,37세,상해없음
노인운전자사고,2.0211E+15,2021년 10월 14일 17시,목요일,부산광역시 중구 보수동1가,중상사고,0,1,0,0,차대차 - 기타,안전운전불이행,건조,맑음,교차로 - 교차로안,승합,남,69세,상해없음,이륜,남,53세,중상
노인운전자사고,2021101400100479,2021년 10월 14일 18시,목요일,부산광역시 해운대구 우동,경상사고,0,0,1,0,차대차 - 기타,안전운전불이행,건조,맑음,교차로 - 교차로안,승용,남,68세,상해없음,자전거,남,8세,경상
노인운전자사고,2021101400100537,2021년 10월 14일 19시,목요일,부산광역시 남구 용당동,경상사고,0,0,1,0,차대차 - 측면충돌,안전운전불이행,건조,맑음,단일로 - 기타,특수,남,77세,상해없음,승용,여,52세,경상
노인운전자사고,2021101500100011,2021년 10월 15일 03시,금요일,부산광역시 강서구 신호동,중상사고,0,1,0,0,차대차 - 측면충돌,신호위반,건조,맑음,단일로 - 기타,승용,남,71세,상해없음,자전거,남,78세,중상
노인운전자사고,2021101500100041,2021년 10월 15일 07시,금요일,부산광역시 사상구 괘법동,중상사고,0,1,0,0,차대차 - 측면충돌,신호위반,건조,맑음,교차로 - 교차로부근,승용,남,68세,상해없음,이륜,남,29세,중상
노인운전자사고,2021101500100068,2021년 10월 15일 08시,금요일,부산광역시 사상구 삼락동,경상사고,0,0,1,1,차대사람 - 횡단중,신호위반,건조,맑음,교차로 - 교차로부근,원동기,남,78세,부상신고,보행자,남,33세,경상
노인운전자사고,2.0211E+15,2021년 10월 15일 09시,금요일,부산광역시 연제구 연산동,경상사고,0,0,1,0,차대차 - 기타,안전거리미확보,건조,맑음,단일로 - 기타,화물,남,67세,상해없음,승합,남,46세,상해없음
노인운전자사고,2021101500100298,2021년 10월 15일 14시,금요일,부산광역시 서구 암남동,경상사고,0,0,1,0,차대차 - 측면충돌,차로위반,건조,맑음,교차로 - 교차로안,승용,남,69세,상해없음,이륜,남,59세,경상
노인운전자사고,2021101500100366,2021년 10월 15일 16시,금요일,부산광역시 동구 범일동,부상신고사고,0,0,0,1,차대차 - 기타,안전운전불이행,건조,맑음,단일로 - 기타,이륜,남,77세,부상신고,승용,여,52세,상해없음
노인운전자사고,2021101500100367,2021년 10월 15일 16시,금요일,부산광역시 금정구 부곡동,경상사고,0,0,3,0,차대차 - 기타,안전운전불이행,건조,맑음,교차로 - 교차로안,화물,남,69세,상해없음,승합,남,60세,상해없음
노인운전자사고,2021101500100451,2021년 10월 15일 18시,금요일,부산광역시 사하구 하단동,경상사고,0,0,3,1,차대차 - 추돌,안전운전불이행,건조,맑음,단일로 - 기타,승용,남,69세,상해없음,승용,남,22세,경상
노인운전자사고,2021101500100511,2021년 10월 15일 19시,금요일,부산광역시 북구 만덕동,경상사고,0,0,1,0,차대차 - 측면충돌,중앙선침범,건조,맑음,단일로 - 기타,승용,남,67세,상해없음,승용,여,52세,경상
노인운전자사고,2021101500100564,2021년 10월 15일 20시,금요일,부산광역시 동래구 사직동,중상사고,0,1,0,0,차대차 - 기타,신호위반,건조,맑음,교차로 - 교차로안,승용,남,70세,상해없음,이륜,남,25세,중상
노인운전자사고,2021101600100068,2021년 10월 16일 07시,토요일,부산광역시 강서구 범방동,경상사고,0,0,1,0,차대차 - 기타,안전운전불이행,젖음/습기,맑음,단일로 - 기타,특수,남,71세,상해없음,승용,남,62세,경상
노인운전자사고,2021101600100107,2021년 10월 16일 09시,토요일,부산광역시 사하구 신평동,경상사고,0,0,1,2,차대차 - 측면충돌,안전운전불이행,젖음/습기,비,단일로 - 기타,화물,남,72세,상해없음,승용,남,39세,경상
노인운전자사고,2021101600100298,2021년 10월 16일 15시,토요일,부산광역시 사하구 하단동,중상사고,0,1,0,1,차대차 - 정면충돌,중앙선침범,건조,맑음,단일로 - 교량,승용,남,67세,부상신고,승용,남,67세,중상
노인운전자사고,2021101700100078,2021년 10월 17일 10시,일요일,부산광역시 영도구 청학동,사망사고,1,0,0,0,차대사람 - 기타,기타,건조,맑음,기타 - 기타,승용,남,68세,상해없음,보행자,남,48세,사망
노인운전자사고,2021101700100079,2021년 10월 17일 10시,일요일,부산광역시 해운대구 좌동,중상사고,0,1,0,0,차대사람 - 횡단중,안전운전불이행,건조,맑음,교차로 - 교차로횡단보도내,승용,남,72세,상해없음,보행자,남,55세,중상
노인운전자사고,2.0211E+15,2021년 10월 17일 13시,일요일,부산광역시 북구 구포동,경상사고,0,0,4,0,차대차 - 기타,안전운전불이행,건조,맑음,단일로 - 기타,승용,남,69세,경상,승용,여,34세,경상
노인운전자사고,2021101700100263,2021년 10월 17일 17시,일요일,부산광역시 사하구 하단동,경상사고,0,0,1,0,차대차 - 기타,신호위반,건조,맑음,교차로 - 교차로안,승용,남,66세,상해없음,이륜,남,19세,경상
노인운전자사고,2021101800100018,2021년 10월 18일 05시,월요일,부산광역시 금정구 부곡동,경상사고,0,0,1,0,차대차 - 기타,안전운전불이행,건조,맑음,단일로 - 기타,승용,남,66세,상해없음,자전거,남,64세,경상
노인운전자사고,2021101800100032,2021년 10월 18일 06시,월요일,부산광역시 부산진구 부암동,경상사고,0,0,1,0,차대차 - 기타,신호위반,건조,맑음,교차로 - 교차로안,승용,남,82세,상해없음,승용,남,70세,경상
노인운전자사고,2021101800100052,2021년 10월 18일 07시,월요일,부산광역시 수영구 광안동,경상사고,0,0,1,0,차대차 - 측면충돌,안전운전불이행,건조,맑음,교차로 - 교차로안,화물,남,65세,상해없음,이륜,여,53세,경상
노인운전자사고,2021101800100148,2021년 10월 18일 09시,월요일,부산광역시 해운대구 반송동,중상사고,0,1,0,0,차대사람 - 횡단중,안전운전불이행,건조,맑음,교차로 - 교차로부근,승용,남,69세,상해없음,보행자,남,59세,중상
노인운전자사고,2021101800100219,2021년 10월 18일 11시,월요일,부산광역시 부산진구 전포동,경상사고,0,0,1,0,차대차 - 측면충돌,교차로운행방법위반,건조,맑음,교차로 - 교차로부근,승용,남,73세,상해없음,승용,남,36세,경상
노인운전자사고,2021101800100325,2021년 10월 18일 14시,월요일,부산광역시 중구 영주동,경상사고,0,0,1,0,차대차 - 측면충돌,안전운전불이행,건조,맑음,교차로 - 교차로안,이륜,남,79세,경상,승용,남,63세,상해없음
노인운전자사고,2021101800100326,2021년 10월 18일 14시,월요일,부산광역시 사하구 장림동,경상사고,0,0,1,0,차대차 - 기타,교차로운행방법위반,건조,맑음,기타 - 기타,화물,남,67세,상해없음,승용,남,58세,상해없음
노인운전자사고,2021101800100327,2021년 10월 18일 14시,월요일,부산광역시 강서구 대저2동,경상사고,0,0,1,0,차대차 - 기타,신호위반,건조,맑음,교차로 - 교차로안,건설기계,남,66세,상해없음,화물,남,37세,경상
노인운전자사고,2021101800100447,2021년 10월 18일 17시,월요일,부산광역시 금정구 청룡동,경상사고,0,0,1,0,차대차 - 측면충돌,안전운전불이행,건조,맑음,교차로 - 교차로안,승용,남,77세,경상,승용,여,55세,상해없음
노인운전자사고,2021101800100493,2021년 10월 18일 18시,월요일,부산광역시 사상구 감전동,경상사고,0,0,2,0,차대차 - 추돌,안전거리미확보,건조,맑음,단일로 - 기타,승용,남,65세,상해없음,화물,남,57세,경상
노인운전자사고,2021101900100127,2021년 10월 19일 10시,화요일,부산광역시 동구 수정동,중상사고,0,1,0,0,차대사람 - 기타,안전운전불이행,건조,맑음,단일로 - 기타,승합,남,69세,상해없음,보행자,남,68세,중상
노인운전자사고,2021101900100128,2021년 10월 19일 10시,화요일,부산광역시 부산진구 부암동,경상사고,0,0,2,0,차대차 - 추돌,안전운전불이행,건조,맑음,교차로 - 교차로부근,화물,남,68세,상해없음,승용,여,45세,경상
노인운전자사고,2021101900100153,2021년 10월 19일 11시,화요일,부산광역시 동래구 수안동,중상사고,0,1,0,0,차대차 - 측면충돌,안전운전불이행,건조,맑음,교차로 - 교차로부근,이륜,남,67세,중상,승용,여,53세,상해없음
노인운전자사고,2021101900100267,2021년 10월 19일 15시,화요일,부산광역시 사하구 장림동,경상사고,0,0,2,0,차대차 - 추돌,안전운전불이행,건조,맑음,단일로 - 기타,승용,남,76세,상해없음,승용,남,38세,경상
노인운전자사고,2.0211E+15,2021년 10월 19일 17시,화요일,부산광역시 연제구 거제동,경상사고,0,0,1,0,차대차 - 측면충돌,교차로운행방법위반,건조,맑음,교차로 - 교차로안,승용,남,66세,상해없음,이륜,남,37세,경상
노인운전자사고,2021101900100503,2021년 10월 19일 20시,화요일,부산광역시 동래구 안락동,경상사고,0,0,1,0,차대사람 - 길가장자리구역통행중,안전운전불이행,건조,맑음,단일로 - 기타,승용,남,72세,상해없음,보행자,남,57세,경상
노인운전자사고,2021102000100309,2021년 10월 20일 15시,수요일,부산광역시 남구 문현동,경상사고,0,0,2,0,차대차 - 기타,안전운전불이행,건조,맑음,기타 - 기타,승용,남,71세,상해없음,승용,남,27세,경상
노인운전자사고,2021102000100356,2021년 10월 20일 16시,수요일,부산광역시 강서구 송정동,경상사고,0,0,1,0,차대차 - 기타,신호위반,건조,맑음,교차로 - 교차로부근,승용,여,66세,상해없음,승용,남,69세,경상
노인운전자사고,2021102000100522,2021년 10월 20일 19시,수요일,부산광역시 부산진구 개금동,부상신고사고,0,0,0,1,차대차 - 측면충돌,안전운전불이행,건조,맑음,단일로 - 기타,이륜,남,69세,부상신고,승용,남,66세,상해없음
노인운전자사고,2021102000100523,2021년 10월 20일 19시,수요일,부산광역시 금정구 장전동,부상신고사고,0,0,0,1,차대사람 - 횡단중,보행자보호의무위반,건조,맑음,교차로 - 교차로횡단보도내,이륜,남,67세,상해없음,보행자,여,54세,부상신고
노인운전자사고,2021102100100053,2021년 10월 21일 07시,목요일,부산광역시 해운대구 좌동,중상사고,0,1,0,0,차대사람 - 횡단중,교차로운행방법위반,건조,맑음,단일로 - 기타,승용,남,71세,상해없음,보행자,여,18세,중상
노인운전자사고,2021102100100133,2021년 10월 21일 10시,목요일,부산광역시 수영구 망미동,경상사고,0,0,1,0,차대차 - 측면충돌,안전거리미확보,젖음/습기,비,단일로 - 기타,승용,여,69세,상해없음,이륜,남,63세,경상
노인운전자사고,2021102100100311,2021년 10월 21일 15시,목요일,부산광역시 남구 대연동,중상사고,0,1,0,0,차대사람 - 기타,안전운전불이행,젖음/습기,흐림,교차로 - 교차로안,승합,남,77세,상해없음,보행자,여,20세,중상
노인운전자사고,2.0211E+15,2021년 10월 21일 18시,목요일,부산광역시 동구 범일동,경상사고,0,0,1,0,차대차 - 추돌,안전거리미확보,건조,맑음,단일로 - 기타,승용,남,71세,상해없음,승용,여,48세,경상
노인운전자사고,2021102100100491,2021년 10월 21일 19시,목요일,부산광역시 부산진구 연지동,경상사고,0,0,1,0,차대차 - 정면충돌,중앙선침범,건조,맑음,교차로 - 교차로부근,승용,남,65세,상해없음,승용,남,55세,경상
노인운전자사고,2021102200100121,2021년 10월 22일 09시,금요일,부산광역시 동구 초량동,경상사고,0,0,1,0,차대차 - 추돌,안전거리미확보,건조,맑음,교차로 - 교차로부근,승용,여,66세,상해없음,승용,남,70세,경상
노인운전자사고,2021102200100243,2021년 10월 22일 12시,금요일,부산광역시 해운대구 우동,경상사고,0,0,1,0,차대차 - 측면충돌,기타,건조,맑음,교차로 - 교차로안,승용,남,69세,상해없음,승용,남,65세,경상
노인운전자사고,2021102200100315,2021년 10월 22일 14시,금요일,부산광역시 동래구 안락동,경상사고,0,0,1,0,차대차 - 측면충돌,안전거리미확보,건조,맑음,교차로 - 교차로부근,승용,남,73세,상해없음,승용,남,55세,경상
노인운전자사고,2021102200100355,2021년 10월 22일 15시,금요일,부산광역시 연제구 연산동,중상사고,0,1,0,0,차대사람 - 횡단중,신호위반,건조,맑음,단일로 - 기타,승용,남,71세,상해없음,보행자,여,67세,중상
노인운전자사고,2021102200100404,2021년 10월 22일 16시,금요일,부산광역시 강서구 대저1동,중상사고,0,1,0,0,차대차 - 기타,안전운전불이행,건조,맑음,교차로 - 교차로부근,화물,남,75세,상해없음,승용,여,39세,중상
노인운전자사고,2021102200100451,2021년 10월 22일 17시,금요일,부산광역시 서구 부용동2가,경상사고,0,0,1,0,차대사람 - 횡단중,보행자보호의무위반,건조,맑음,교차로 - 교차로횡단보도내,승용,남,78세,상해없음,보행자,남,32세,경상
노인운전자사고,2021102200100516,2021년 10월 22일 18시,금요일,부산광역시 중구 영주동,경상사고,0,0,1,0,차대차 - 측면충돌,교차로운행방법위반,건조,맑음,교차로 - 교차로부근,승용,여,75세,상해없음,승용,여,29세,경상
노인운전자사고,2021102300100192,2021년 10월 23일 12시,토요일,부산광역시 사상구 감전동,경상사고,0,0,1,0,차대차 - 측면충돌,교차로운행방법위반,건조,맑음,교차로 - 교차로횡단보도내,화물,여,67세,상해없음,승용,남,48세,경상
노인운전자사고,2.0211E+15,2021년 10월 23일 13시,토요일,부산광역시 부산진구 부전동,중상사고,0,2,0,0,차대차 - 측면충돌,교차로운행방법위반,건조,맑음,교차로 - 교차로안,승용,남,67세,상해없음,이륜,남,49세,중상
노인운전자사고,2021102300100289,2021년 10월 23일 14시,토요일,부산광역시 부산진구 부전동,경상사고,0,0,3,0,차대차 - 추돌,안전운전불이행,건조,맑음,단일로 - 기타,화물,남,82세,상해없음,승용,남,32세,경상
노인운전자사고,2021102300100504,2021년 10월 23일 19시,토요일,부산광역시 북구 덕천동,경상사고,0,0,1,0,차대사람 - 길가장자리구역통행중,안전운전불이행,건조,맑음,단일로 - 기타,승용,남,75세,상해없음,보행자,남,46세,경상
노인운전자사고,2021102400100226,2021년 10월 24일 14시,일요일,부산광역시 연제구 연산동,경상사고,0,0,2,0,차대차 - 측면충돌,교차로운행방법위반,건조,맑음,교차로 - 교차로안,승합,남,67세,상해없음,승용,남,67세,상해없음
노인운전자사고,2021102500100111,2021년 10월 25일 09시,월요일,부산광역시 수영구 광안동,중상사고,0,1,0,0,차대차 - 기타,안전거리미확보,건조,맑음,단일로 - 기타,승용,남,83세,상해없음,승합,남,59세,상해없음
노인운전자사고,2021102500100153,2021년 10월 25일 10시,월요일,부산광역시 동구 범일동,경상사고,0,0,2,0,차대차 - 측면충돌,안전거리미확보,건조,맑음,교차로 - 교차로부근,화물,남,80세,상해없음,승용,남,77세,경상
노인운전자사고,2021102500100155,2021년 10월 25일 10시,월요일,부산광역시 부산진구 가야동,중상사고,0,1,0,0,차대사람 - 기타,보행자보호의무위반,건조,맑음,교차로 - 교차로안,승용,남,68세,상해없음,보행자,여,82세,중상
노인운전자사고,2.0211E+15,2021년 10월 25일 11시,월요일,부산광역시 사상구 주례동,경상사고,0,0,2,0,차대차 - 측면충돌,안전거리미확보,건조,맑음,교차로 - 교차로부근,건설기계,남,69세,상해없음,승용,남,22세,경상
노인운전자사고,2021102500100214,2021년 10월 25일 12시,월요일,부산광역시 동래구 사직동,중상사고,0,1,0,0,차량단독 - 기타,안전운전불이행,건조,맑음,단일로 - 기타,승용,남,75세,상해없음,,,,
노인운전자사고,2021102500100215,2021년 10월 25일 12시,월요일,부산광역시 부산진구 가야동,중상사고,0,1,2,0,차대차 - 측면충돌,신호위반,건조,맑음,교차로 - 교차로안,승용,남,65세,상해없음,승용,남,58세,경상
노인운전자사고,2021102500100288,2021년 10월 25일 14시,월요일,부산광역시 서구 부용동2가,경상사고,0,0,1,0,차대사람 - 횡단중,안전운전불이행,건조,맑음,기타 - 기타,이륜,남,69세,상해없음,보행자,남,31세,경상
노인운전자사고,2021102500100605,2021년 10월 25일 21시,월요일,부산광역시 금정구 부곡동,중상사고,0,1,1,0,차대사람 - 횡단중,안전운전불이행,건조,맑음,교차로 - 교차로부근,승용,남,67세,상해없음,보행자,남,54세,중상
노인운전자사고,2021102600100105,2021년 10월 26일 09시,화요일,부산광역시 중구 중앙동4가,경상사고,0,0,1,0,차대차 - 측면충돌,안전운전불이행,건조,맑음,단일로 - 지하차도(도로)내,승용,남,74세,상해없음,승합,남,45세,경상
노인운전자사고,2021102600100107,2021년 10월 26일 09시,화요일,부산광역시 해운대구 좌동,경상사고,0,0,4,0,차대차 - 추돌,안전운전불이행,건조,맑음,단일로 - 기타,승용,남,71세,상해없음,승용,남,55세,경상
노인운전자사고,2021102600100171,2021년 10월 26일 11시,화요일,부산광역시 부산진구 범천동,부상신고사고,0,0,0,1,차대차 - 기타,안전운전불이행,건조,맑음,교차로 - 교차로부근,승용,남,71세,상해없음,승용,남,52세,부상신고
노인운전자사고,2021102600100208,2021년 10월 26일 12시,화요일,부산광역시 동구 좌천동,경상사고,0,0,1,0,차대차 - 측면충돌,안전거리미확보,건조,맑음,단일로 - 교량,승용,남,84세,상해없음,승합,남,54세,경상
노인운전자사고,2.0211E+15,2021년 10월 26일 13시,화요일,부산광역시 동래구 명장동,중상사고,0,1,0,0,차대차 - 측면충돌,신호위반,건조,맑음,교차로 - 교차로안,승용,남,76세,상해없음,이륜,남,61세,중상
노인운전자사고,2021102600100276,2021년 10월 26일 14시,화요일,부산광역시 해운대구 반송동,경상사고,0,0,1,0,차대사람 - 횡단중,안전운전불이행,건조,맑음,교차로 - 교차로안,승용,남,71세,상해없음,보행자,여,61세,경상
노인운전자사고,2021102600100343,2021년 10월 26일 16시,화요일,부산광역시 수영구 광안동,경상사고,0,0,2,0,차대차 - 측면충돌,안전운전불이행,건조,맑음,단일로 - 기타,승용,여,73세,상해없음,승용,남,46세,경상
노인운전자사고,2021102600100344,2021년 10월 26일 16시,화요일,부산광역시 동래구 온천동,중상사고,0,2,1,0,차대차 - 측면충돌,차로위반,건조,맑음,단일로 - 기타,승용,남,68세,상해없음,승용,남,72세,중상
노인운전자사고,2021102600100351,2021년 10월 26일 16시,화요일,부산광역시 사상구 덕포동,중상사고,0,1,0,0,차대차 - 측면충돌,신호위반,건조,맑음,교차로 - 교차로안,승용,남,73세,상해없음,이륜,남,50세,중상