사고부문,사고번호,사고일시,요일,시군구,사고내용,사망자수,중상자수,경상자수,부상신고자수,사고유형,법규위반,노면상태,기상상태,도로형태,가해운전자 차종,가해운전자 성별,가해운전자 연령,가해운전자 상해정도,피해운전자 차종,피해운전자 성별,피해운전자 연령,피해운전자 상해정도
노인운전자사고,2021120300100493,2021년 12월 3일 17시,금요일,부산광역시 부산진구 부전동,중상사고,0,1,0,0,차대차 - 기타,안전운전불이행,건조,맑음,교차로 - 교차로부근,이륜,남,67세,상해없음,승용,남,77세,중상
노인운전자사고,2021120300100705,2021년 12월 3일 22시,금요일,부산광역시 북구 구포동,경상사고,0,0,1,1,차대차 - 측면충돌,안전운전불이행,건조,맑음,단일로 - 기타,승합,남,65세,상해없음,이륜,남,18세,상해없음
노인운전자사고,2021120300100706,2021년 12월 3일 22시,금요일,부산광역시 영도구 대교동2가,경상사고,0,0,1,0,차량단독 - 기타,기타,건조,맑음,단일로 - 기타,승용,남,65세,상해없음,,,,
노인운전자사고,2021120400100056,2021년 12월 4일 05시,토요일,부산광역시 동구 초량동,부상신고사고,0,0,0,1,차량단독 - 공작물충돌,안전운전불이행,건조,맑음,단일로 - 기타,승용,남,73세,부상신고,,,,
노인운전자사고,2021120400100149,2021년 12월 4일 11시,토요일,부산광역시 중구 중앙동4가,중상사고,0,1,0,0,차대차 - 추돌,안전거리미확보,건조,맑음,단일로 - 기타,승용,남,71세,상해없음,화물,남,65세,중상
노인운전자사고,2021120400100231,2021년 12월 4일 13시,토요일,부산광역시 기장군 기장읍,부상신고사고,0,0,0,4,차대차 - 측면충돌,안전거리미확보,건조,맑음,단일로 - 기타,승용,남,74세,상해없음,승용,남,45세,부상신고
노인운전자사고,2021120400100292,2021년 12월 4일 15시,토요일,부산광역시 사상구 괘법동,중상사고,0,1,0,0,차대사람 - 횡단중,보행자보호의무위반,건조,맑음,교차로 - 교차로부근,승용,남,71세,상해없음,보행자,남,43세,중상
노인운전자사고,2021120400100441,2021년 12월 4일 19시,토요일,부산광역시 부산진구 개금동,중상사고,0,1,0,0,차대차 - 측면충돌,차로위반,건조,맑음,단일로 - 기타,승용,남,66세,상해없음,이륜,남,44세,중상
노인운전자사고,2021120400100551,2021년 12월 4일 23시,토요일,부산광역시 남구 대연동,부상신고사고,0,0,0,1,차대차 - 측면충돌,안전운전불이행,건조,맑음,교차로 - 교차로안,승용,남,67세,상해없음,이륜,남,21세,부상신고
노인운전자사고,2021120500100006,2021년 12월 5일 00시,일요일,부산광역시 연제구 연산동,경상사고,0,0,1,0,차대차 - 추돌,안전운전불이행,건조,맑음,단일로 - 기타,승용,남,67세,상해없음,승용,남,53세,경상
노인운전자사고,2021120500100151,2021년 12월 5일 12시,일요일,부산광역시 영도구 영선동4가,경상사고,0,0,2,1,차대차 - 측면충돌,중앙선침범,건조,맑음,단일로 - 기타,승용,남,80세,상해없음,승용,남,60세,부상신고
노인운전자사고,2021120500100292,2021년 12월 5일 17시,일요일,부산광역시 남구 대연동,경상사고,0,0,1,0,차대사람 - 기타,안전운전불이행,건조,맑음,단일로 - 기타,승합,남,67세,상해없음,보행자,여,60세,경상
노인운전자사고,2021120600100064,2021년 12월 6일 08시,월요일,부산광역시 부산진구 전포동,중상사고,0,1,0,0,차대차 - 기타,중앙선침범,건조,맑음,교차로 - 교차로안,승용,남,71세,상해없음,승용,여,49세,상해없음
노인운전자사고,2.02112E+15,2021년 12월 6일 09시,월요일,부산광역시 사상구 모라동,경상사고,0,0,1,0,차대사람 - 기타,신호위반,건조,맑음,교차로 - 교차로횡단보도내,승용,남,71세,상해없음,보행자,여,79세,경상
노인운전자사고,2021120600100167,2021년 12월 6일 11시,월요일,부산광역시 동래구 안락동,중상사고,0,1,0,0,차대차 - 기타,안전운전불이행,건조,맑음,단일로 - 기타,승용,남,66세,상해없음,이륜,남,46세,중상
노인운전자사고,2021120600100168,2021년 12월 6일 11시,월요일,부산광역시 부산진구 부전동,경상사고,0,0,1,0,차대차 - 기타,안전운전불이행,건조,맑음,단일로 - 기타,건설기계,남,65세,상해없음,승용,남,43세,경상
노인운전자사고,2021120600100238,2021년 12월 6일 13시,월요일,부산광역시 영도구 영선동3가,경상사고,0,0,1,0,차대차 - 기타,안전운전불이행,건조,맑음,단일로 - 기타,자전거,남,76세,경상,건설기계,남,58세,상해없음
노인운전자사고,2021120600100361,2021년 12월 6일 17시,월요일,부산광역시 연제구 거제동,중상사고,0,1,0,0,차대사람 - 길가장자리구역통행중,안전운전불이행,건조,맑음,교차로 - 교차로안,승합,남,66세,상해없음,보행자,여,51세,중상
노인운전자사고,2021120600100412,2021년 12월 6일 18시,월요일,부산광역시 수영구 광안동,경상사고,0,0,3,0,차대차 - 측면충돌,안전거리미확보,건조,맑음,단일로 - 기타,승용,남,71세,경상,화물,남,50세,경상
노인운전자사고,2021120600100521,2021년 12월 6일 21시,월요일,부산광역시 서구 충무동1가,경상사고,0,0,1,0,차대사람 - 횡단중,안전운전불이행,건조,맑음,교차로 - 교차로부근,승용,여,74세,상해없음,보행자,남,62세,경상
노인운전자사고,2.02112E+15,2021년 12월 7일 07시,화요일,부산광역시 남구 감만동,경상사고,0,0,1,0,차대차 - 측면충돌,안전운전불이행,건조,맑음,단일로 - 기타,자전거,남,87세,경상,승용,남,65세,상해없음
노인운전자사고,2.02112E+15,2021년 12월 7일 12시,화요일,부산광역시 부산진구 양정동,경상사고,0,0,2,0,차대차 - 기타,교차로운행방법위반,건조,맑음,교차로 - 교차로안,승용,남,76세,상해없음,이륜,남,21세,경상
노인운전자사고,2021120700100394,2021년 12월 7일 17시,화요일,부산광역시 북구 만덕동,경상사고,0,0,1,0,차대사람 - 횡단중,보행자보호의무위반,건조,맑음,교차로 - 교차로안,승용,남,65세,상해없음,보행자,여,10세,경상
노인운전자사고,2021120800100099,2021년 12월 8일 08시,수요일,부산광역시 동래구 수안동,경상사고,0,0,2,0,차대차 - 측면충돌,안전운전불이행,건조,맑음,교차로 - 교차로안,승용,남,71세,상해없음,승용,남,43세,경상
노인운전자사고,2021120800100136,2021년 12월 8일 09시,수요일,부산광역시 부산진구 전포동,중상사고,0,1,0,0,차대차 - 기타,안전거리미확보,건조,맑음,교차로 - 교차로안,이륜,남,68세,중상,승용,남,63세,상해없음
노인운전자사고,2021120800100192,2021년 12월 8일 11시,수요일,부산광역시 해운대구 중동,중상사고,0,1,0,0,차대사람 - 횡단중,보행자보호의무위반,건조,맑음,단일로 - 기타,승용,남,78세,상해없음,보행자,여,63세,중상
노인운전자사고,2021120800100361,2021년 12월 8일 16시,수요일,부산광역시 사하구 하단동,경상사고,0,0,1,0,차대차 - 기타,안전거리미확보,건조,맑음,단일로 - 기타,승용,남,74세,상해없음,이륜,남,19세,경상
노인운전자사고,2.02112E+15,2021년 12월 8일 21시,수요일,부산광역시 수영구 민락동,경상사고,0,0,2,0,차대차 - 측면충돌,교차로운행방법위반,건조,맑음,교차로 - 교차로부근,승용,여,70세,상해없음,승용,남,23세,경상
노인운전자사고,2021120900100116,2021년 12월 9일 09시,목요일,부산광역시 영도구 영선동3가,경상사고,0,0,2,0,차대사람 - 기타,안전운전불이행,건조,맑음,단일로 - 기타,화물,여,68세,상해없음,보행자,남,31세,경상
노인운전자사고,2.02112E+15,2021년 12월 9일 11시,목요일,부산광역시 강서구 명지동,경상사고,0,0,1,0,차대차 - 측면충돌,안전운전불이행,건조,맑음,단일로 - 기타,승용,남,68세,상해없음,승용,남,47세,경상
노인운전자사고,2021120900100316,2021년 12월 9일 17시,목요일,부산광역시 남구 대연동,경상사고,0,0,1,0,차대차 - 측면충돌,안전거리미확보,건조,맑음,단일로 - 기타,승용,남,69세,기타불명,승용,남,41세,경상
노인운전자사고,2021120900100506,2021년 12월 9일 22시,목요일,부산광역시 사하구 괴정동,경상사고,0,0,1,0,차대차 - 기타,직진우회전진행방해,건조,맑음,교차로 - 교차로안,승용,남,70세,상해없음,자전거,남,27세,경상
노인운전자사고,2021120900100527,2021년 12월 9일 23시,목요일,부산광역시 해운대구 우동,중상사고,0,1,0,0,차대차 - 기타,교차로운행방법위반,건조,맑음,교차로 - 교차로안,승합,남,71세,상해없음,승용,여,43세,중상
노인운전자사고,2021121000100019,2021년 12월 10일 01시,금요일,부산광역시 수영구 망미동,경상사고,0,0,1,0,차대차 - 후진중충돌,안전운전불이행,건조,맑음,단일로 - 기타,승용,남,65세,상해없음,이륜,남,47세,경상
노인운전자사고,2021121000100162,2021년 12월 10일 10시,금요일,부산광역시 연제구 거제동,중상사고,0,1,0,0,차대차 - 기타,교차로운행방법위반,건조,맑음,교차로 - 교차로부근,승용,남,76세,상해없음,자전거,남,74세,중상
노인운전자사고,2021121000100225,2021년 12월 10일 12시,금요일,부산광역시 강서구 천성동,중상사고,0,1,0,0,차대차 - 정면충돌,중앙선침범,건조,맑음,단일로 - 기타,승용,남,69세,상해없음,승용,남,44세,중상
노인운전자사고,2021121000100323,2021년 12월 10일 15시,금요일,부산광역시 사상구 학장동,경상사고,0,0,2,0,차대차 - 측면충돌,안전거리미확보,건조,맑음,교차로 - 교차로안,승용,남,69세,상해없음,승용,여,50세,경상
노인운전자사고,2021121000100438,2021년 12월 10일 18시,금요일,부산광역시 북구 화명동,경상사고,0,0,1,0,차대차 - 기타,안전거리미확보,건조,맑음,교차로 - 교차로안,승용,남,67세,상해없음,승용,여,26세,경상
노인운전자사고,2021121000100513,2021년 12월 10일 19시,금요일,부산광역시 영도구 영선동3가,경상사고,0,0,1,0,차대사람 - 기타,안전운전불이행,건조,맑음,단일로 - 기타,승용,남,70세,상해없음,보행자,여,38세,경상
노인운전자사고,2021121100100105,2021년 12월 11일 09시,토요일,부산광역시 강서구 송정동,경상사고,0,0,4,0,차대차 - 측면충돌,신호위반,건조,맑음,교차로 - 교차로안,승용,남,76세,상해없음,승용,남,42세,경상
노인운전자사고,2021121100100345,2021년 12월 11일 17시,토요일,부산광역시 사상구 덕포동,경상사고,0,0,1,0,차대사람 - 기타,기타,건조,맑음,기타 - 기타,승용,남,65세,상해없음,보행자,여,54세,경상
노인운전자사고,2021121100100521,2021년 12월 11일 23시,토요일,부산광역시 부산진구 부전동,중상사고,0,1,0,0,차량단독 - 기타,기타,건조,맑음,교차로 - 교차로안,승용,남,68세,상해없음,,,,
노인운전자사고,2021121200100006,2021년 12월 12일 00시,일요일,부산광역시 사상구 삼락동,경상사고,0,0,1,0,차대차 - 측면충돌,신호위반,건조,맑음,교차로 - 교차로안,승용,남,74세,상해없음,승용,남,62세,경상
노인운전자사고,2021121200100174,2021년 12월 12일 14시,일요일,부산광역시 강서구 명지동,경상사고,0,0,2,0,차대차 - 측면충돌,신호위반,건조,맑음,단일로 - 기타,승용,남,65세,상해없음,승용,남,30세,경상
노인운전자사고,2021121200100201,2021년 12월 12일 15시,일요일,부산광역시 수영구 광안동,경상사고,0,0,2,0,차대차 - 추돌,안전운전불이행,건조,맑음,단일로 - 기타,승용,남,70세,상해없음,승용,남,28세,경상
노인운전자사고,2021121200100202,2021년 12월 12일 15시,일요일,부산광역시 부산진구 양정동,경상사고,0,0,1,0,차대차 - 측면충돌,신호위반,건조,맑음,교차로 - 교차로안,이륜,남,70세,경상,승합,남,47세,상해없음
노인운전자사고,2021121200100323,2021년 12월 12일 19시,일요일,부산광역시 남구 용당동,부상신고사고,0,0,0,1,차대차 - 추돌,안전운전불이행,건조,맑음,교차로 - 교차로부근,승용,남,69세,상해없음,원동기,남,38세,부상신고
노인운전자사고,2021121300100041,2021년 12월 13일 06시,월요일,부산광역시 사상구 모라동,중상사고,0,1,0,0,차대차 - 측면충돌,안전운전불이행,건조,맑음,교차로 - 교차로안,화물,남,68세,상해없음,개인형이동수단(PM),남,21세,중상
노인운전자사고,2021121300100142,2021년 12월 13일 09시,월요일,부산광역시 남구 대연동,경상사고,0,0,1,0,차대차 - 추돌,안전운전불이행,건조,맑음,교차로 - 교차로부근,승용,남,68세,상해없음,승용,남,28세,경상
노인운전자사고,2.02112E+15,2021년 12월 13일 11시,월요일,부산광역시 동래구 안락동,경상사고,0,0,1,0,차대사람 - 보도통행중,기타,건조,맑음,단일로 - 기타,이륜,남,68세,상해없음,보행자,여,22세,경상
노인운전자사고,2021121300100411,2021년 12월 13일 17시,월요일,부산광역시 사하구 구평동,경상사고,0,0,1,0,차대차 - 기타,안전거리미확보,건조,맑음,단일로 - 기타,승용,남,65세,상해없음,화물,남,62세,경상
노인운전자사고,2021121300100444,2021년 12월 13일 18시,월요일,부산광역시 동래구 안락동,경상사고,0,0,2,0,차대차 - 측면충돌,불법유턴,건조,맑음,단일로 - 기타,승용,남,69세,상해없음,승용,남,32세,경상
노인운전자사고,2021121400100207,2021년 12월 14일 13시,화요일,부산광역시 서구 암남동,경상사고,0,0,1,0,차대차 - 추돌,안전거리미확보,건조,맑음,교차로 - 교차로안,자전거,남,68세,경상,승합,남,36세,상해없음
노인운전자사고,2021121500100029,2021년 12월 15일 02시,수요일,부산광역시 부산진구 범천동,경상사고,0,0,1,0,차량단독 - 기타,안전운전불이행,건조,맑음,단일로 - 기타,승용,남,73세,상해없음,,,,
노인운전자사고,2021121500100056,2021년 12월 15일 06시,수요일,부산광역시 금정구 서동,경상사고,0,0,1,0,차대사람 - 횡단중,보행자보호의무위반,건조,맑음,단일로 - 기타,승용,남,67세,상해없음,보행자,여,68세,경상
노인운전자사고,2021121500100057,2021년 12월 15일 06시,수요일,부산광역시 기장군 기장읍,경상사고,0,0,1,0,차대차 - 측면충돌,안전운전불이행,건조,맑음,교차로 - 교차로부근,화물,남,71세,상해없음,승용,남,53세,경상
노인운전자사고,2021121500100176,2021년 12월 15일 10시,수요일,부산광역시 북구 구포동,사망사고,1,0,0,0,차대차 - 기타,신호위반,건조,맑음,교차로 - 교차로부근,승용,남,74세,상해없음,이륜,남,25세,사망
노인운전자사고,2.02112E+15,2021년 12월 15일 11시,수요일,부산광역시 부산진구 양정동,중상사고,0,1,0,0,차대차 - 기타,직진우회전진행방해,건조,맑음,교차로 - 교차로안,건설기계,남,76세,상해없음,이륜,남,47세,중상
노인운전자사고,2021121500100201,2021년 12월 15일 11시,수요일,부산광역시 부산진구 당감동,경상사고,0,0,1,0,차대차 - 측면충돌,안전거리미확보,건조,맑음,단일로 - 기타,건설기계,남,65세,상해없음,승용,남,32세,경상
노인운전자사고,2021121500100233,2021년 12월 15일 12시,수요일,부산광역시 사상구 주례동,중상사고,0,1,0,0,차대차 - 측면충돌,신호위반,건조,맑음,단일로 - 기타,승용,남,67세,상해없음,원동기,남,25세,중상
노인운전자사고,2021121500100261,2021년 12월 15일 13시,수요일,부산광역시 부산진구 양정동,경상사고,0,0,1,0,차대사람 - 기타,안전운전불이행,건조,맑음,교차로 - 교차로안,승용,남,67세,기타불명,보행자,여,22세,경상
노인운전자사고,2021121500100285,2021년 12월 15일 14시,수요일,부산광역시 동구 초량동,중상사고,0,1,0,1,차대차 - 기타,교차로운행방법위반,건조,맑음,교차로 - 교차로부근,승용,남,73세,상해없음,승용,남,49세,중상
노인운전자사고,2021121500100287,2021년 12월 15일 14시,수요일,부산광역시 금정구 부곡동,경상사고,0,0,1,0,차대차 - 측면충돌,안전운전불이행,건조,맑음,단일로 - 기타,승용,남,67세,상해없음,승용,남,48세,경상
노인운전자사고,2021121500100318,2021년 12월 15일 15시,수요일,부산광역시 연제구 거제동,경상사고,0,0,1,0,차대사람 - 횡단중,보행자보호의무위반,건조,맑음,단일로 - 기타,승용,여,65세,상해없음,보행자,여,6세,경상
노인운전자사고,2021121500100367,2021년 12월 15일 17시,수요일,부산광역시 해운대구 반여동,중상사고,0,1,3,0,차대차 - 기타,안전운전불이행,건조,맑음,단일로 - 기타,승용,남,67세,상해없음,승용,남,76세,경상
노인운전자사고,2.02112E+15,2021년 12월 15일 19시,수요일,부산광역시 부산진구 개금동,경상사고,0,0,1,0,차량단독 - 기타,기타,건조,맑음,단일로 - 기타,승합,남,67세,상해없음,,,,
노인운전자사고,2021121500100492,2021년 12월 15일 19시,수요일,부산광역시 사상구 학장동,경상사고,0,0,1,0,차대차 - 추돌,안전운전불이행,건조,맑음,단일로 - 기타,승용,남,66세,상해없음,승용,남,53세,경상
노인운전자사고,2021121600100198,2021년 12월 16일 12시,목요일,부산광역시 부산진구 부전동,중상사고,0,1,1,0,차대차 - 측면충돌,신호위반,젖음/습기,비,교차로 - 교차로안,이륜,남,68세,상해없음,이륜,남,25세,경상
노인운전자사고,2021121600100223,2021년 12월 16일 13시,목요일,부산광역시 동래구 사직동,경상사고,0,0,1,0,차대차 - 측면충돌,차로위반,건조,맑음,단일로 - 기타,승용,남,79세,상해없음,승용,남,64세,경상
노인운전자사고,2021121600100452,2021년 12월 16일 20시,목요일,부산광역시 남구 대연동,중상사고,0,1,0,0,차대사람 - 길가장자리구역통행중,중앙선침범,건조,맑음,단일로 - 기타,승용,남,67세,상해없음,보행자,남,74세,중상
노인운전자사고,2021121700100044,2021년 12월 17일 05시,금요일,부산광역시 서구 서대신동1가,중상사고,0,1,0,0,차대사람 - 횡단중,신호위반,건조,맑음,단일로 - 기타,승용,남,65세,상해없음,보행자,남,58세,중상
노인운전자사고,2021121700100093,2021년 12월 17일 08시,금요일,부산광역시 중구 대청동1가,중상사고,0,1,0,0,차대사람 - 횡단중,신호위반,건조,맑음,교차로 - 교차로횡단보도내,화물,남,68세,상해없음,보행자,여,50세,중상
노인운전자사고,2021121700100175,2021년 12월 17일 11시,금요일,부산광역시 부산진구 전포동,중상사고,0,1,0,1,차대사람 - 횡단중,안전운전불이행,건조,기타,단일로 - 기타,이륜,남,66세,부상신고,보행자,여,64세,중상
노인운전자사고,2.02112E+15,2021년 12월 17일 15시,금요일,부산광역시 동구 범일동,경상사고,0,0,1,0,차대차 - 측면충돌,차로위반,건조,맑음,교차로 - 교차로안,승용,남,70세,상해없음,승용,여,46세,경상
노인운전자사고,2021121700100466,2021년 12월 17일 18시,금요일,부산광역시 동구 초량동,경상사고,0,0,1,0,차대차 - 측면충돌,안전운전불이행,건조,맑음,단일로 - 기타,승용,남,72세,상해없음,승용,여,36세,경상
노인운전자사고,2.02112E+15,2021년 12월 18일 13시,토요일,부산광역시 수영구 광안동,경상사고,0,0,1,0,차대차 - 후진중충돌,안전운전불이행,건조,맑음,단일로 - 기타,승용,여,66세,상해없음,자전거,여,34세,경상
노인운전자사고,2021121800100221,2021년 12월 18일 13시,토요일,부산광역시 부산진구 부전동,중상사고,0,1,0,0,차대차 - 기타,안전거리미확보,건조,맑음,단일로 - 기타,원동기,여,65세,중상,승용,여,50세,상해없음
노인운전자사고,2021121800100421,2021년 12월 18일 17시,토요일,부산광역시 서구 암남동,경상사고,0,0,1,0,차대차 - 측면충돌,차로위반,건조,맑음,교차로 - 교차로부근,화물,남,73세,상해없음,승용,남,62세,경상
노인운전자사고,2021121800100422,2021년 12월 18일 17시,토요일,부산광역시 동래구 온천동,경상사고,0,0,1,0,차대차 - 측면충돌,안전거리미확보,건조,맑음,단일로 - 기타,승용,남,66세,상해없음,승용,남,54세,경상
노인운전자사고,2021121900100101,2021년 12월 19일 12시,일요일,부산광역시 부산진구 부암동,경상사고,0,0,3,1,차대차 - 추돌,안전운전불이행,건조,맑음,단일로 - 기타,승용,남,72세,기타불명,승용,남,52세,경상
노인운전자사고,2021121900100122,2021년 12월 19일 13시,일요일,부산광역시 부산진구 개금동,경상사고,0,0,1,0,차대차 - 기타,중앙선침범,건조,맑음,교차로 - 교차로부근,승용,남,78세,상해없음,이륜,남,41세,경상
노인운전자사고,2021121900100204,2021년 12월 19일 16시,일요일,부산광역시 부산진구 개금동,경상사고,0,0,4,0,차대차 - 기타,안전거리미확보,건조,맑음,교차로 - 교차로안,승용,남,65세,상해없음,승용,남,26세,경상
노인운전자사고,2021122000100123,2021년 12월 20일 10시,월요일,부산광역시 연제구 거제동,경상사고,0,0,1,0,차대차 - 측면충돌,교차로운행방법위반,건조,맑음,교차로 - 교차로안,승용,남,85세,상해없음,승용,남,66세,경상
노인운전자사고,2021122000100341,2021년 12월 20일 16시,월요일,부산광역시 서구 부용동1가,경상사고,0,0,1,0,차대사람 - 보도통행중,신호위반,건조,맑음,교차로 - 교차로부근,원동기,남,65세,상해없음,보행자,여,20세,경상
노인운전자사고,2021122000100342,2021년 12월 20일 16시,월요일,부산광역시 영도구 남항동1가,부상신고사고,0,0,0,1,차대차 - 기타,직진우회전진행방해,건조,맑음,교차로 - 교차로안,이륜,남,79세,부상신고,승용,여,58세,상해없음
노인운전자사고,2021122000100343,2021년 12월 20일 16시,월요일,부산광역시 기장군 철마면,경상사고,0,0,1,0,차대사람 - 기타,안전운전불이행,건조,맑음,교차로 - 교차로안,화물,남,74세,상해없음,보행자,여,57세,경상
노인운전자사고,2.02112E+15,2021년 12월 20일 18시,월요일,부산광역시 금정구 금사동,부상신고사고,0,0,0,2,차대차 - 측면충돌,안전운전불이행,건조,맑음,단일로 - 기타,승용,남,65세,상해없음,승용,남,24세,부상신고
노인운전자사고,2.02112E+15,2021년 12월 20일 23시,월요일,부산광역시 북구 덕천동,경상사고,0,0,1,0,차대사람 - 기타,안전운전불이행,건조,맑음,교차로 - 교차로안,화물,남,65세,상해없음,보행자,남,58세,경상
노인운전자사고,2021122100100078,2021년 12월 21일 08시,화요일,부산광역시 중구 중앙동3가,경상사고,0,0,1,0,차대차 - 측면충돌,교차로운행방법위반,건조,맑음,교차로 - 교차로안,승용,남,69세,상해없음,승용,남,41세,경상
노인운전자사고,2021122100100079,2021년 12월 21일 08시,화요일,부산광역시 서구 아미동2가,경상사고,0,0,1,0,차량단독 - 기타,안전운전불이행,건조,맑음,단일로 - 기타,승용,남,72세,상해없음,,,,
노인운전자사고,2021122100100138,2021년 12월 21일 10시,화요일,부산광역시 부산진구 부전동,중상사고,0,1,0,0,차대사람 - 기타,안전운전불이행,건조,맑음,단일로 - 기타,화물,남,72세,상해없음,보행자,여,62세,중상
노인운전자사고,2021122100100169,2021년 12월 21일 11시,화요일,부산광역시 동래구 온천동,경상사고,0,0,1,0,차대사람 - 횡단중,보행자보호의무위반,건조,맑음,교차로 - 교차로안,승용,남,81세,상해없음,보행자,남,37세,경상
노인운전자사고,2021122100100218,2021년 12월 21일 13시,화요일,부산광역시 서구 충무동3가,중상사고,0,1,0,0,차대사람 - 기타,안전운전불이행,건조,맑음,교차로 - 교차로안,승용,남,75세,상해없음,보행자,남,86세,중상
노인운전자사고,2021122100100328,2021년 12월 21일 17시,화요일,부산광역시 사하구 신평동,부상신고사고,0,0,0,1,차대차 - 측면충돌,안전거리미확보,건조,맑음,단일로 - 기타,승합,남,69세,상해없음,승용,여,29세,부상신고
노인운전자사고,2021122100100437,2021년 12월 21일 19시,화요일,부산광역시 동래구 사직동,경상사고,0,0,1,0,차대차 - 측면충돌,차로위반,건조,맑음,단일로 - 기타,승용,남,67세,상해없음,원동기,남,46세,경상
노인운전자사고,2021122100100439,2021년 12월 21일 19시,화요일,부산광역시 연제구 거제동,경상사고,0,0,1,0,차대차 - 기타,안전운전불이행,건조,맑음,단일로 - 기타,승용,남,67세,상해없음,승용,남,51세,경상
노인운전자사고,2021122100100498,2021년 12월 21일 21시,화요일,부산광역시 영도구 봉래동1가,부상신고사고,0,0,0,1,차대차 - 정면충돌,신호위반,건조,맑음,단일로 - 기타,자전거,남,68세,부상신고,승용,남,54세,상해없음
노인운전자사고,2021122200100037,2021년 12월 22일 07시,수요일,부산광역시 해운대구 반송동,중상사고,0,1,0,0,차대사람 - 횡단중,안전운전불이행,건조,맑음,단일로 - 기타,화물,남,76세,상해없음,보행자,남,71세,중상
노인운전자사고,2021122200100107,2021년 12월 22일 09시,수요일,부산광역시 동구 범일동,중상사고,0,1,1,0,차대차 - 기타,신호위반,건조,맑음,교차로 - 교차로안,화물,남,80세,상해없음,승용,남,47세,중상
노인운전자사고,2021122200100108,2021년 12월 22일 09시,수요일,부산광역시 동래구 수안동,경상사고,0,0,1,0,차대차 - 측면충돌,교차로운행방법위반,건조,맑음,교차로 - 교차로부근,승용,남,82세,상해없음,승용,남,40세,상해없음
노인운전자사고,2021122200100203,2021년 12월 22일 12시,수요일,부산광역시 북구 화명동,경상사고,0,0,1,0,차대차 - 측면충돌,안전운전불이행,건조,맑음,단일로 - 기타,승용,여,66세,상해없음,이륜,남,21세,경상
노인운전자사고,2021122200100235,2021년 12월 22일 13시,수요일,부산광역시 수영구 수영동,사망사고,2,0,0,0,차대사람 - 기타,기타,건조,맑음,교차로 - 교차로안,승용,남,82세,상해없음,보행자,여,59세,사망
노인운전자사고,2021122300100027,2021년 12월 23일 06시,목요일,부산광역시 부산진구 당감동,경상사고,0,0,2,0,차대차 - 측면충돌,신호위반,건조,맑음,교차로 - 교차로안,화물,남,73세,상해없음,승용,남,60세,경상
노인운전자사고,2021122300100156,2021년 12월 23일 11시,목요일,부산광역시 북구 구포동,경상사고,0,0,1,0,차대차 - 측면충돌,안전운전불이행,건조,맑음,단일로 - 지하차도(도로)내,승용,여,68세,상해없음,이륜,남,47세,경상
노인운전자사고,2021122300100187,2021년 12월 23일 12시,목요일,부산광역시 사상구 괘법동,중상사고,0,1,0,0,차대사람 - 길가장자리구역통행중,안전운전불이행,건조,맑음,단일로 - 기타,승용,남,66세,상해없음,보행자,여,82세,중상
노인운전자사고,2021122300100243,2021년 12월 23일 14시,목요일,부산광역시 동래구 온천동,경상사고,0,0,1,0,차대차 - 기타,안전운전불이행,건조,맑음,단일로 - 기타,승용,여,75세,상해없음,승용,남,63세,경상
노인운전자사고,2021122300100406,2021년 12월 23일 18시,목요일,부산광역시 금정구 부곡동,중상사고,0,1,0,0,차대차 - 측면충돌,기타,건조,맑음,교차로 - 교차로안,승용,여,65세,상해없음,자전거,남,29세,중상
노인운전자사고,2021122300100453,2021년 12월 23일 19시,목요일,부산광역시 부산진구 부전동,중상사고,0,1,0,0,차대차 - 기타,기타,건조,맑음,단일로 - 기타,승용,남,66세,상해없음,이륜,남,37세,중상
노인운전자사고,2021122300100454,2021년 12월 23일 19시,목요일,부산광역시 금정구 구서동,경상사고,0,0,1,0,차대차 - 측면충돌,기타,건조,맑음,교차로 - 교차로안,원동기,남,65세,경상,화물,남,58세,상해없음
노인운전자사고,2021122400100082,2021년 12월 24일 08시,금요일,부산광역시 강서구 범방동,경상사고,0,0,1,0,차대차 - 기타,안전운전불이행,건조,맑음,단일로 - 기타,화물,남,69세,상해없음,승용,여,33세,경상
노인운전자사고,2021122400100083,2021년 12월 24일 08시,금요일,부산광역시 강서구 송정동,경상사고,0,0,1,0,차대차 - 기타,안전운전불이행,건조,맑음,단일로 - 기타,승용,남,70세,상해없음,승용,여,31세,경상
노인운전자사고,2021122400100131,2021년 12월 24일 10시,금요일,부산광역시 해운대구 우동,부상신고사고,0,0,0,1,차대사람 - 기타,안전운전불이행,건조,맑음,단일로 - 기타,승합,남,79세,상해없음,보행자,남,28세,부상신고