사고부문,사고번호,사고일시,요일,시군구,사고내용,사망자수,중상자수,경상자수,부상신고자수,사고유형,법규위반,노면상태,기상상태,도로형태,가해운전자 차종,가해운전자 성별,가해운전자 연령,가해운전자 상해정도,피해운전자 차종,피해운전자 성별,피해운전자 연령,피해운전자 상해정도
노인운전자사고,2021122400100347,2021년 12월 24일 17시,금요일,부산광역시 동래구 낙민동,중상사고,0,1,0,0,차대사람 - 횡단중,보행자보호의무위반,건조,맑음,단일로 - 기타,승용,남,67세,상해없음,보행자,남,8세,중상
노인운전자사고,2021122400100348,2021년 12월 24일 17시,금요일,부산광역시 기장군 기장읍,경상사고,0,0,1,0,차대차 - 기타,신호위반,건조,맑음,교차로 - 교차로안,화물,남,73세,상해없음,승용,남,26세,경상
노인운전자사고,2021122400100466,2021년 12월 24일 19시,금요일,부산광역시 금정구 구서동,경상사고,0,0,1,0,차대차 - 추돌,안전운전불이행,건조,맑음,단일로 - 기타,화물,남,69세,상해없음,이륜,남,44세,경상
노인운전자사고,2021122400100607,2021년 12월 24일 22시,금요일,부산광역시 중구 남포동4가,경상사고,0,0,2,0,차대차 - 추돌,안전운전불이행,건조,맑음,단일로 - 기타,화물,남,65세,상해없음,승용,남,41세,경상
노인운전자사고,2021122500100009,2021년 12월 25일 01시,토요일,부산광역시 강서구 대저2동,경상사고,0,0,1,0,차량단독 - 기타,안전운전불이행,건조,맑음,교차로 - 교차로부근,승용,남,70세,상해없음,,,,
노인운전자사고,2021122500100173,2021년 12월 25일 14시,토요일,부산광역시 부산진구 부전동,경상사고,0,0,1,0,차대차 - 기타,기타,건조,맑음,기타 - 기타,승용,남,69세,상해없음,이륜,남,32세,경상
노인운전자사고,2021122500100281,2021년 12월 25일 18시,토요일,부산광역시 부산진구 부전동,중상사고,0,1,1,0,차대차 - 추돌,안전운전불이행,건조,맑음,기타 - 기타,승용,남,66세,상해없음,승용,남,39세,상해없음
노인운전자사고,2021122500100414,2021년 12월 25일 23시,토요일,부산광역시 금정구 부곡동,부상신고사고,0,0,0,1,차량단독 - 공작물충돌,안전운전불이행,건조,맑음,단일로 - 기타,원동기,남,65세,상해없음,,,,
노인운전자사고,2.02112E+15,2021년 12월 26일 06시,일요일,부산광역시 서구 아미동2가,경상사고,0,0,3,0,차대차 - 측면충돌,안전운전불이행,건조,맑음,교차로 - 교차로부근,승용,남,73세,상해없음,승용,남,41세,경상
노인운전자사고,2021122600100073,2021년 12월 26일 12시,일요일,부산광역시 남구 용호동,경상사고,0,0,1,0,차대사람 - 보도통행중,보행자보호의무위반,건조,맑음,교차로 - 교차로횡단보도내,승용,남,73세,상해없음,보행자,남,29세,경상
노인운전자사고,2021122600100127,2021년 12월 26일 14시,일요일,부산광역시 사하구 괴정동,중상사고,0,2,1,0,차대차 - 기타,안전거리미확보,건조,맑음,단일로 - 기타,승용,남,77세,경상,승용,여,63세,중상
노인운전자사고,2021122700100097,2021년 12월 27일 09시,월요일,부산광역시 수영구 남천동,경상사고,0,0,2,0,차대차 - 측면충돌,안전거리미확보,건조,맑음,단일로 - 기타,화물,남,66세,상해없음,승용,남,31세,경상
노인운전자사고,2021122700100185,2021년 12월 27일 12시,월요일,부산광역시 해운대구 우동,경상사고,0,0,1,0,차대차 - 추돌,신호위반,건조,맑음,교차로 - 교차로부근,승용,남,73세,상해없음,승용,여,38세,경상
노인운전자사고,2021122700100321,2021년 12월 27일 16시,월요일,부산광역시 남구 용호동,경상사고,0,0,1,0,차대차 - 측면충돌,안전운전불이행,건조,맑음,단일로 - 기타,승용,남,78세,상해없음,승용,남,41세,경상
노인운전자사고,2021122700100399,2021년 12월 27일 18시,월요일,부산광역시 수영구 남천동,경상사고,0,0,1,0,차대차 - 측면충돌,안전운전불이행,건조,맑음,교차로 - 교차로안,승용,여,65세,상해없음,화물,남,47세,상해없음
노인운전자사고,2021122700100438,2021년 12월 27일 19시,월요일,부산광역시 남구 문현동,경상사고,0,0,1,0,차대차 - 측면충돌,안전운전불이행,건조,맑음,교차로 - 교차로부근,승용,남,67세,상해없음,이륜,남,19세,경상
노인운전자사고,2021122700100439,2021년 12월 27일 19시,월요일,부산광역시 남구 문현동,부상신고사고,0,0,0,1,차대차 - 기타,신호위반,건조,맑음,교차로 - 교차로안,이륜,남,77세,부상신고,승용,남,68세,상해없음
노인운전자사고,2021122800100027,2021년 12월 28일 05시,화요일,부산광역시 사상구 엄궁동,경상사고,0,0,1,0,차대사람 - 기타,기타,건조,맑음,단일로 - 기타,승용,남,69세,상해없음,보행자,여,68세,경상
노인운전자사고,2021122800100042,2021년 12월 28일 06시,화요일,부산광역시 기장군 장안읍,경상사고,0,0,1,0,차대차 - 기타,안전운전불이행,건조,맑음,단일로 - 기타,승용,남,67세,상해없음,화물,여,64세,경상
노인운전자사고,2021122800100147,2021년 12월 28일 10시,화요일,부산광역시 서구 동대신동3가,중상사고,0,1,0,0,차대차 - 측면충돌,안전운전불이행,건조,맑음,교차로 - 교차로안,승용,남,66세,상해없음,원동기,남,51세,중상
노인운전자사고,2021122800100176,2021년 12월 28일 11시,화요일,부산광역시 수영구 광안동,경상사고,0,0,1,0,차대사람 - 횡단중,보행자보호의무위반,건조,맑음,기타 - 기타,승용,남,85세,상해없음,보행자,여,22세,경상
노인운전자사고,2021122800100198,2021년 12월 28일 12시,화요일,부산광역시 서구 서대신동3가,경상사고,0,0,1,0,차대차 - 기타,교차로운행방법위반,건조,맑음,교차로 - 교차로안,승용,여,79세,상해없음,원동기,남,57세,경상
노인운전자사고,2021122800100199,2021년 12월 28일 12시,화요일,부산광역시 동래구 온천동,경상사고,0,0,1,0,차대차 - 측면충돌,안전거리미확보,건조,맑음,단일로 - 기타,승용,남,75세,상해없음,승용,여,50세,경상
노인운전자사고,2021122800100243,2021년 12월 28일 14시,화요일,부산광역시 동구 초량동,경상사고,0,0,3,0,차대차 - 측면충돌,안전운전불이행,건조,맑음,단일로 - 기타,이륜,남,74세,상해없음,승용,남,38세,경상
노인운전자사고,2021122800100269,2021년 12월 28일 15시,화요일,부산광역시 사상구 엄궁동,경상사고,0,0,1,0,차대차 - 측면충돌,신호위반,건조,맑음,교차로 - 교차로안,승합,남,77세,상해없음,승용,남,44세,경상
노인운전자사고,2021122800100323,2021년 12월 28일 17시,화요일,부산광역시 동래구 낙민동,부상신고사고,0,0,0,1,차대차 - 측면충돌,안전운전불이행,건조,맑음,교차로 - 교차로안,자전거,남,73세,부상신고,승용,여,27세,상해없음
노인운전자사고,2021122800100522,2021년 12월 28일 22시,화요일,부산광역시 남구 대연동,경상사고,0,0,1,0,차대차 - 측면충돌,교차로운행방법위반,건조,맑음,교차로 - 교차로부근,승용,남,66세,상해없음,승용,남,60세,상해없음
노인운전자사고,2021122900100094,2021년 12월 29일 09시,수요일,부산광역시 금정구 두구동,경상사고,0,0,1,0,차대차 - 기타,신호위반,건조,맑음,교차로 - 교차로안,승용,남,69세,상해없음,화물,남,56세,경상
노인운전자사고,2.02112E+15,2021년 12월 29일 15시,수요일,부산광역시 연제구 연산동,경상사고,0,0,1,0,차대차 - 기타,안전운전불이행,건조,맑음,단일로 - 기타,승용,남,66세,상해없음,이륜,남,38세,경상
노인운전자사고,2021122900100299,2021년 12월 29일 16시,수요일,부산광역시 남구 대연동,경상사고,0,0,1,0,차대차 - 측면충돌,안전운전불이행,건조,맑음,단일로 - 기타,승용,남,75세,상해없음,승용,남,53세,경상
노인운전자사고,2021122900100339,2021년 12월 29일 17시,수요일,부산광역시 중구 남포동5가,중상사고,0,2,1,0,차대차 - 정면충돌,신호위반,서리/결빙,맑음,교차로 - 교차로안,승용,남,70세,상해없음,승용,남,52세,중상
노인운전자사고,2021122900100342,2021년 12월 29일 17시,수요일,부산광역시 사하구 다대동,경상사고,0,0,1,0,차대사람 - 길가장자리구역통행중,안전운전불이행,건조,맑음,단일로 - 기타,승용,남,76세,상해없음,보행자,여,69세,경상
노인운전자사고,2021122900100542,2021년 12월 29일 22시,수요일,부산광역시 부산진구 부전동,경상사고,0,0,1,0,차대차 - 측면충돌,신호위반,건조,맑음,교차로 - 교차로안,승용,남,73세,상해없음,이륜,남,50세,경상
노인운전자사고,2021123000100026,2021년 12월 30일 06시,목요일,부산광역시 연제구 거제동,경상사고,0,0,1,0,차대사람 - 기타,안전운전불이행,건조,맑음,단일로 - 기타,승용,남,73세,상해없음,보행자,남,42세,경상
노인운전자사고,2021123000100267,2021년 12월 30일 15시,목요일,부산광역시 동래구 사직동,부상신고사고,0,0,0,1,차대사람 - 횡단중,안전운전불이행,건조,맑음,단일로 - 기타,화물,남,66세,상해없음,보행자,여,8세,부상신고
노인운전자사고,2.02112E+15,2021년 12월 30일 16시,목요일,부산광역시 수영구 광안동,경상사고,0,0,1,0,차대차 - 기타,안전운전불이행,건조,맑음,교차로 - 교차로안,승용,남,65세,상해없음,화물,남,32세,경상
노인운전자사고,2021123000100514,2021년 12월 30일 20시,목요일,부산광역시 수영구 망미동,경상사고,0,0,2,0,차대차 - 측면충돌,안전운전불이행,건조,맑음,교차로 - 교차로부근,승용,남,71세,상해없음,승용,남,27세,경상
노인운전자사고,2021123100100028,2021년 12월 31일 06시,금요일,부산광역시 동래구 온천동,경상사고,0,0,1,0,차대차 - 측면충돌,안전운전불이행,건조,맑음,단일로 - 기타,승용,남,69세,상해없음,승용,남,59세,경상
노인운전자사고,2021123100100037,2021년 12월 31일 07시,금요일,부산광역시 중구 영주동,경상사고,0,0,2,0,차대차 - 측면충돌,안전운전불이행,건조,맑음,교차로 - 교차로부근,승용,남,66세,경상,승용,남,65세,경상
노인운전자사고,2021123100100038,2021년 12월 31일 07시,금요일,부산광역시 연제구 거제동,중상사고,0,1,0,0,차대사람 - 횡단중,안전운전불이행,건조,맑음,단일로 - 기타,승용,남,69세,상해없음,보행자,남,82세,중상
노인운전자사고,2021123100100154,2021년 12월 31일 12시,금요일,부산광역시 수영구 망미동,경상사고,0,0,1,0,차대차 - 추돌,신호위반,건조,맑음,교차로 - 교차로안,승용,남,66세,상해없음,승용,남,21세,경상
노인운전자사고,2021123100100156,2021년 12월 31일 12시,금요일,부산광역시 기장군 정관읍,경상사고,0,0,1,0,차대차 - 후진중충돌,안전운전불이행,건조,맑음,단일로 - 기타,승용,남,68세,상해없음,화물,여,59세,기타불명
노인운전자사고,2021123100100316,2021년 12월 31일 16시,금요일,부산광역시 강서구 송정동,경상사고,0,0,1,0,차대차 - 측면충돌,안전운전불이행,건조,맑음,교차로 - 교차로부근,이륜,여,67세,경상,승용,남,71세,상해없음
노인운전자사고,2021123100100433,2021년 12월 31일 18시,금요일,부산광역시 기장군 기장읍,경상사고,0,0,2,0,차대차 - 측면충돌,안전운전불이행,건조,맑음,교차로 - 교차로부근,승용,남,70세,상해없음,승용,남,24세,경상
노인운전자사고,2021123100100601,2021년 12월 31일 22시,금요일,부산광역시 서구 서대신동2가,경상사고,0,0,1,0,차대차 - 측면충돌,안전거리미확보,건조,맑음,단일로 - 기타,승용,남,68세,상해없음,승용,남,80세,상해없음
노인운전자사고,2022010100100252,2022년 1월 1일 18시,토요일,부산광역시 사하구 신평동,중상사고,0,1,0,0,차대차 - 측면충돌,신호위반,건조,맑음,단일로 - 기타,승용,남,70세,상해없음,이륜,남,25세,중상
노인운전자사고,2022010100100383,2022년 1월 1일 22시,토요일,부산광역시 부산진구 가야동,경상사고,0,0,1,0,차대차 - 추돌,안전운전불이행,건조,맑음,교차로 - 교차로안,승용,남,77세,상해없음,이륜,남,27세,경상
노인운전자사고,2022010100100384,2022년 1월 1일 22시,토요일,부산광역시 부산진구 부암동,경상사고,0,0,1,0,차대차 - 기타,교차로운행방법위반,건조,기타,교차로 - 교차로안,승용,남,80세,상해없음,이륜,남,33세,경상
노인운전자사고,2022010200100165,2022년 1월 2일 15시,일요일,부산광역시 서구 충무동1가,중상사고,0,1,0,0,차대차 - 측면충돌,신호위반,건조,맑음,단일로 - 기타,이륜,남,65세,중상,승용,남,27세,상해없음
노인운전자사고,2022010300100128,2022년 1월 3일 09시,월요일,부산광역시 수영구 남천동,경상사고,0,0,1,0,차대사람 - 차도통행중,보행자보호의무위반,건조,맑음,교차로 - 교차로안,승용,남,77세,상해없음,보행자,여,55세,경상
노인운전자사고,2.02201E+15,2022년 1월 3일 11시,월요일,부산광역시 중구 중앙동6가,경상사고,0,0,1,0,차대차 - 기타,신호위반,건조,맑음,교차로 - 교차로안,승용,남,73세,상해없음,승합,남,54세,상해없음
노인운전자사고,2022010300100291,2022년 1월 3일 14시,월요일,부산광역시 수영구 광안동,중상사고,0,1,0,0,차대차 - 추돌,기타,건조,맑음,교차로 - 교차로안,승합,남,71세,상해없음,이륜,남,33세,중상
노인운전자사고,2022010300100292,2022년 1월 3일 14시,월요일,부산광역시 남구 용당동,경상사고,0,0,1,0,차대차 - 추돌,안전운전불이행,건조,맑음,단일로 - 기타,승용,남,78세,상해없음,화물,남,41세,경상
노인운전자사고,2022010300100296,2022년 1월 3일 14시,월요일,부산광역시 강서구 송정동,중상사고,0,2,0,0,차대차 - 추돌,안전운전불이행,건조,맑음,단일로 - 기타,특수,남,72세,상해없음,화물,남,50세,중상
노인운전자사고,2022010400100393,2022년 1월 4일 18시,화요일,부산광역시 해운대구 우동,경상사고,0,0,1,0,차대차 - 측면충돌,중앙선침범,건조,맑음,단일로 - 기타,승용,여,69세,기타불명,이륜,남,18세,경상
노인운전자사고,2022010400100469,2022년 1월 4일 20시,화요일,부산광역시 해운대구 우동,중상사고,0,1,0,0,차대차 - 기타,안전운전불이행,건조,흐림,교차로 - 교차로안,승용,남,67세,상해없음,원동기,남,40세,중상
노인운전자사고,2022010400100496,2022년 1월 4일 21시,화요일,부산광역시 연제구 거제동,사망사고,1,0,0,0,차대차 - 추돌,안전운전불이행,건조,맑음,단일로 - 기타,승용,남,70세,상해없음,기타불명,여,74세,사망
노인운전자사고,2022010400100539,2022년 1월 4일 23시,화요일,부산광역시 서구 충무동3가,경상사고,0,0,1,0,차대사람 - 차도통행중,안전운전불이행,건조,맑음,단일로 - 기타,승용,남,66세,상해없음,보행자,남,26세,경상
노인운전자사고,2022010500100151,2022년 1월 5일 12시,수요일,부산광역시 해운대구 반여동,경상사고,0,0,1,1,차대차 - 측면충돌,안전운전불이행,건조,흐림,기타 - 기타,승용,남,74세,부상신고,승용,남,31세,경상
노인운전자사고,2022010500100448,2022년 1월 5일 22시,수요일,부산광역시 동구 초량동,사망사고,1,0,2,0,차대차 - 추돌,안전거리미확보,젖음/습기,비,기타 - 기타,승용,남,66세,상해없음,승용,남,70세,사망
노인운전자사고,2022010600100008,2022년 1월 6일 01시,목요일,부산광역시 강서구 대저1동,경상사고,0,0,1,0,차대차 - 측면충돌,안전운전불이행,건조,맑음,단일로 - 기타,자전거,여,72세,경상,화물,남,53세,상해없음
노인운전자사고,2.02201E+15,2022년 1월 6일 09시,목요일,부산광역시 중구 중앙동4가,경상사고,0,0,1,0,차대사람 - 횡단중,보행자보호의무위반,건조,맑음,단일로 - 기타,승용,남,67세,상해없음,보행자,남,35세,경상
노인운전자사고,2022010600100163,2022년 1월 6일 11시,목요일,부산광역시 부산진구 범전동,경상사고,0,0,1,0,차대차 - 측면충돌,안전거리미확보,건조,맑음,단일로 - 기타,승용,남,78세,상해없음,승용,여,58세,경상
노인운전자사고,2022010600100164,2022년 1월 6일 11시,목요일,부산광역시 연제구 연산동,경상사고,0,0,1,0,차대차 - 기타,교차로운행방법위반,건조,맑음,단일로 - 기타,승용,남,66세,상해없음,이륜,남,34세,경상
노인운전자사고,2022010600100198,2022년 1월 6일 12시,목요일,부산광역시 동구 수정동,중상사고,0,1,0,0,차대사람 - 차도통행중,보행자보호의무위반,건조,맑음,교차로 - 교차로부근,승용,여,70세,상해없음,보행자,여,76세,중상
노인운전자사고,2022010600100355,2022년 1월 6일 17시,목요일,부산광역시 부산진구 가야동,경상사고,0,0,1,0,차대차 - 기타,안전운전불이행,건조,맑음,교차로 - 교차로안,승용,남,67세,상해없음,승용,여,31세,경상
노인운전자사고,2.02201E+15,2022년 1월 6일 18시,목요일,부산광역시 해운대구 우동,경상사고,0,0,2,1,차대차 - 측면충돌,안전운전불이행,건조,맑음,단일로 - 기타,승용,남,72세,상해없음,승용,남,31세,부상신고
노인운전자사고,2022010600100443,2022년 1월 6일 19시,목요일,부산광역시 부산진구 부전동,중상사고,0,1,0,0,차대차 - 정면충돌,중앙선침범,건조,맑음,단일로 - 기타,승용,남,69세,상해없음,이륜,남,31세,중상
노인운전자사고,2022010600100536,2022년 1월 6일 22시,목요일,부산광역시 남구 대연동,중상사고,0,1,0,0,차량단독 - 기타,안전운전불이행,건조,맑음,기타 - 기타,승용,남,68세,상해없음,,,,
노인운전자사고,2022010700100022,2022년 1월 7일 04시,금요일,부산광역시 금정구 서동,중상사고,0,1,0,0,차대사람 - 차도통행중,안전운전불이행,건조,맑음,교차로 - 교차로안,승합,남,67세,상해없음,보행자,남,72세,중상
노인운전자사고,2022010700100035,2022년 1월 7일 06시,금요일,부산광역시 남구 문현동,중상사고,0,1,0,0,차대사람 - 횡단중,안전운전불이행,건조,맑음,단일로 - 기타,승용,남,66세,상해없음,보행자,남,66세,중상
노인운전자사고,2022010700100079,2022년 1월 7일 08시,금요일,부산광역시 사상구 엄궁동,경상사고,0,0,1,0,차대차 - 측면충돌,안전운전불이행,건조,맑음,단일로 - 기타,승용,남,67세,상해없음,승용,남,35세,경상
노인운전자사고,2022010700100227,2022년 1월 7일 13시,금요일,부산광역시 남구 문현동,경상사고,0,0,1,0,차대차 - 측면충돌,안전운전불이행,건조,맑음,단일로 - 기타,승용,남,72세,상해없음,건설기계,남,53세,경상
노인운전자사고,2022010700100261,2022년 1월 7일 14시,금요일,부산광역시 연제구 연산동,중상사고,0,1,0,0,차대차 - 추돌,안전운전불이행,건조,맑음,단일로 - 기타,승용,남,72세,상해없음,승용,남,32세,중상
노인운전자사고,2022010700100298,2022년 1월 7일 15시,금요일,부산광역시 강서구 생곡동,경상사고,0,0,5,0,차대차 - 추돌,안전운전불이행,건조,맑음,단일로 - 기타,화물,남,65세,상해없음,승용,남,61세,경상
노인운전자사고,2022010700100362,2022년 1월 7일 17시,금요일,부산광역시 북구 금곡동,중상사고,0,1,0,0,차대차 - 기타,교차로운행방법위반,건조,맑음,교차로 - 교차로안,승용,남,65세,상해없음,승용,남,46세,중상
노인운전자사고,2022010700100407,2022년 1월 7일 18시,금요일,부산광역시 부산진구 부전동,경상사고,0,0,1,0,차대차 - 측면충돌,안전운전불이행,건조,맑음,단일로 - 기타,승용,남,69세,상해없음,이륜,남,37세,경상
노인운전자사고,2022010800100132,2022년 1월 8일 11시,토요일,부산광역시 연제구 연산동,중상사고,0,1,0,0,차대차 - 측면충돌,안전운전불이행,건조,맑음,교차로 - 교차로부근,자전거,남,71세,중상,승합,남,41세,상해없음
노인운전자사고,2022010800100194,2022년 1월 8일 13시,토요일,부산광역시 강서구 명지동,경상사고,0,0,1,0,차대차 - 측면충돌,안전운전불이행,건조,맑음,교차로 - 교차로안,승용,여,71세,상해없음,승용,남,37세,경상
노인운전자사고,2022010800100273,2022년 1월 8일 15시,토요일,부산광역시 동래구 수안동,경상사고,0,0,1,0,차대사람 - 기타,안전거리미확보,건조,맑음,단일로 - 기타,자전거,여,72세,경상,보행자,여,80세,상해없음
노인운전자사고,2022010800100341,2022년 1월 8일 17시,토요일,부산광역시 사상구 엄궁동,경상사고,0,0,1,0,차대차 - 기타,안전거리미확보,건조,맑음,단일로 - 기타,승용,남,76세,상해없음,승용,남,27세,경상
노인운전자사고,2022010800100467,2022년 1월 8일 20시,토요일,부산광역시 금정구 청룡동,경상사고,0,0,1,0,차대차 - 기타,안전운전불이행,건조,맑음,단일로 - 기타,승용,남,76세,상해없음,승용,남,39세,경상
노인운전자사고,2022010800100498,2022년 1월 8일 21시,토요일,부산광역시 서구 충무동3가,경상사고,0,0,1,0,차대차 - 측면충돌,기타,건조,맑음,단일로 - 기타,승용,여,67세,상해없음,이륜,남,40세,경상
노인운전자사고,2022010900100109,2022년 1월 9일 13시,일요일,부산광역시 동래구 안락동,경상사고,0,0,1,0,차대차 - 측면충돌,안전운전불이행,건조,맑음,단일로 - 기타,승용,남,78세,상해없음,승용,남,33세,경상
노인운전자사고,2022010900100165,2022년 1월 9일 16시,일요일,부산광역시 해운대구 중동,경상사고,0,0,1,0,차대차 - 측면충돌,교차로운행방법위반,건조,맑음,교차로 - 교차로안,승용,남,76세,상해없음,승용,남,61세,경상
노인운전자사고,2022010900100186,2022년 1월 9일 17시,일요일,부산광역시 동래구 사직동,경상사고,0,0,1,0,차대차 - 측면충돌,안전운전불이행,건조,맑음,교차로 - 교차로안,승용,남,76세,상해없음,이륜,남,43세,경상
노인운전자사고,2022010900100187,2022년 1월 9일 17시,일요일,부산광역시 연제구 거제동,중상사고,0,1,0,0,차대사람 - 기타,안전운전불이행,건조,맑음,단일로 - 기타,화물,남,67세,상해없음,보행자,남,65세,중상
노인운전자사고,2022011000100006,2022년 1월 10일 01시,월요일,부산광역시 연제구 연산동,경상사고,0,0,2,0,차대차 - 기타,안전운전불이행,건조,맑음,단일로 - 기타,승용,남,70세,상해없음,승용,남,58세,상해없음
노인운전자사고,2022011000100115,2022년 1월 10일 09시,월요일,부산광역시 금정구 장전동,경상사고,0,0,1,0,차대사람 - 기타,안전운전불이행,건조,맑음,기타 - 기타,개인형이동수단(PM),남,65세,기타불명,보행자,여,29세,경상
노인운전자사고,2022011000100181,2022년 1월 10일 11시,월요일,부산광역시 중구 부평동2가,경상사고,0,0,1,0,차대사람 - 횡단중,안전운전불이행,건조,맑음,교차로 - 교차로부근,승용,남,73세,상해없음,보행자,여,69세,경상
노인운전자사고,2022011000100267,2022년 1월 10일 14시,월요일,부산광역시 수영구 광안동,중상사고,0,2,3,0,차대차 - 측면충돌,안전운전불이행,건조,맑음,단일로 - 기타,승용,남,74세,상해없음,승용,여,59세,중상
노인운전자사고,2022011000100268,2022년 1월 10일 14시,월요일,부산광역시 부산진구 범천동,경상사고,0,0,1,0,차대차 - 추돌,안전운전불이행,건조,맑음,단일로 - 기타,승용,여,65세,상해없음,화물,남,47세,경상
노인운전자사고,2022011100100234,2022년 1월 11일 13시,화요일,부산광역시 영도구 동삼동,중상사고,0,1,0,0,차대차 - 기타,중앙선침범,건조,맑음,단일로 - 기타,이륜,남,66세,상해없음,이륜,남,53세,중상
노인운전자사고,2022011100100305,2022년 1월 11일 15시,화요일,부산광역시 서구 동대신동2가,경상사고,0,0,1,0,차대차 - 추돌,안전운전불이행,건조,맑음,단일로 - 기타,승용,남,71세,상해없음,승용,남,39세,경상
노인운전자사고,2022011100100306,2022년 1월 11일 15시,화요일,부산광역시 강서구 송정동,경상사고,0,0,2,0,차대차 - 후진중충돌,안전운전불이행,건조,맑음,단일로 - 지하차도(도로)내,승용,남,72세,상해없음,승용,남,54세,경상
노인운전자사고,2022011100100354,2022년 1월 11일 17시,화요일,부산광역시 수영구 남천동,경상사고,0,0,2,0,차대차 - 측면충돌,안전운전불이행,건조,맑음,교차로 - 교차로안,승용,남,69세,상해없음,승합,남,66세,경상
노인운전자사고,2022011100100357,2022년 1월 11일 17시,화요일,부산광역시 강서구 구랑동,경상사고,0,0,1,0,차대차 - 측면충돌,안전운전불이행,건조,맑음,단일로 - 지하차도(도로)내,화물,남,72세,상해없음,승용,남,51세,경상
노인운전자사고,2022011100100452,2022년 1월 11일 19시,화요일,부산광역시 해운대구 반여동,중상사고,0,1,0,0,차대사람 - 기타,기타,건조,맑음,단일로 - 기타,승합,남,66세,상해없음,보행자,여,82세,중상
노인운전자사고,2022011200100025,2022년 1월 12일 06시,수요일,부산광역시 금정구 선동,경상사고,0,0,6,0,차대차 - 추돌,안전거리미확보,건조,맑음,단일로 - 기타,승합,남,76세,상해없음,승용,남,50세,경상
노인운전자사고,2022011200100407,2022년 1월 12일 18시,수요일,부산광역시 기장군 기장읍,경상사고,0,0,1,0,차대사람 - 기타,보행자보호의무위반,건조,맑음,교차로 - 교차로횡단보도내,승용,남,65세,상해없음,보행자,여,31세,경상
노인운전자사고,2022011300100308,2022년 1월 13일 15시,목요일,부산광역시 북구 화명동,경상사고,0,0,3,0,차대차 - 기타,안전운전불이행,건조,맑음,교차로 - 교차로안,승용,남,76세,상해없음,승용,남,30세,경상
노인운전자사고,2022011300100406,2022년 1월 13일 18시,목요일,부산광역시 부산진구 개금동,경상사고,0,0,1,0,차대사람 - 기타,안전운전불이행,건조,맑음,단일로 - 기타,승합,남,77세,상해없음,보행자,남,54세,경상
노인운전자사고,2022011300100407,2022년 1월 13일 18시,목요일,부산광역시 연제구 거제동,경상사고,0,0,1,0,차대차 - 추돌,안전거리미확보,건조,맑음,단일로 - 기타,승용,남,73세,상해없음,이륜,남,40세,경상
노인운전자사고,2022011400100072,2022년 1월 14일 08시,금요일,부산광역시 동구 좌천동,경상사고,0,0,4,0,차대차 - 측면충돌,안전거리미확보,건조,맑음,단일로 - 고가도로위,건설기계,남,72세,상해없음,승용,남,34세,경상
노인운전자사고,2022011400100143,2022년 1월 14일 10시,금요일,부산광역시 해운대구 송정동,중상사고,0,1,0,0,차대차 - 기타,신호위반,건조,맑음,교차로 - 교차로부근,승용,남,65세,상해없음,이륜,남,29세,중상
노인운전자사고,2022011400100213,2022년 1월 14일 12시,금요일,부산광역시 해운대구 중동,부상신고사고,0,0,0,1,차대차 - 기타,안전운전불이행,건조,맑음,교차로 - 교차로안,승용,남,68세,상해없음,화물,남,39세,상해없음
노인운전자사고,2022011400100249,2022년 1월 14일 13시,금요일,부산광역시 금정구 구서동,경상사고,0,0,1,0,차대사람 - 횡단중,신호위반,건조,맑음,단일로 - 기타,승용,남,72세,상해없음,보행자,여,9세,경상
노인운전자사고,2.02201E+15,2022년 1월 14일 13시,금요일,부산광역시 연제구 연산동,중상사고,0,1,0,0,차대차 - 기타,안전거리미확보,건조,맑음,단일로 - 기타,승용,남,65세,상해없음,원동기,남,64세,중상
노인운전자사고,2022011400100393,2022년 1월 14일 17시,금요일,부산광역시 기장군 철마면,중상사고,0,1,0,0,차대차 - 추돌,안전운전불이행,건조,맑음,교차로 - 교차로안,승용,남,77세,상해없음,이륜,남,57세,중상
노인운전자사고,2.02201E+15,2022년 1월 14일 18시,금요일,부산광역시 강서구 범방동,경상사고,0,0,2,0,차대차 - 기타,중앙선침범,건조,맑음,단일로 - 기타,승용,남,66세,상해없음,승용,남,25세,경상
노인운전자사고,2022011400100648,2022년 1월 14일 22시,금요일,부산광역시 해운대구 석대동,중상사고,0,2,1,0,차대차 - 기타,신호위반,건조,맑음,교차로 - 교차로안,승용,남,68세,중상,승용,남,69세,경상
노인운전자사고,2022011500100124,2022년 1월 15일 11시,토요일,부산광역시 동래구 온천동,부상신고사고,0,0,0,1,차대차 - 측면충돌,안전운전불이행,건조,맑음,단일로 - 기타,승용,남,72세,상해없음,승합,남,36세,상해없음
노인운전자사고,2022011500100188,2022년 1월 15일 13시,토요일,부산광역시 강서구 대저1동,경상사고,0,0,2,0,차대차 - 추돌,안전운전불이행,건조,맑음,단일로 - 기타,화물,남,69세,상해없음,승용,남,32세,경상
노인운전자사고,2.02201E+15,2022년 1월 15일 14시,토요일,부산광역시 연제구 연산동,경상사고,0,0,1,0,차대차 - 추돌,안전운전불이행,건조,맑음,단일로 - 기타,승용,남,72세,상해없음,승용,남,36세,경상