사고부문,사고번호,사고일시,요일,시군구,사고내용,사망자수,중상자수,경상자수,부상신고자수,사고유형,법규위반,노면상태,기상상태,도로형태,가해운전자 차종,가해운전자 성별,가해운전자 연령,가해운전자 상해정도,피해운전자 차종,피해운전자 성별,피해운전자 연령,피해운전자 상해정도
노인운전자사고,2.02201E+15,2022년 1월 15일 16시,토요일,부산광역시 동래구 안락동,경상사고,0,0,1,0,차대차 - 기타,교차로운행방법위반,건조,맑음,교차로 - 교차로안,승용,남,77세,상해없음,이륜,남,34세,경상
노인운전자사고,2.02201E+15,2022년 1월 16일 18시,일요일,부산광역시 부산진구 부전동,중상사고,0,1,0,0,차대차 - 기타,안전운전불이행,건조,맑음,단일로 - 기타,이륜,남,78세,중상,기타불명,남,45세,상해없음
노인운전자사고,2022011600100286,2022년 1월 16일 19시,일요일,부산광역시 서구 토성동4가,경상사고,0,0,1,0,차대사람 - 횡단중,보행자보호의무위반,건조,맑음,교차로 - 교차로횡단보도내,승용,여,65세,상해없음,보행자,남,63세,경상
노인운전자사고,2022011700100119,2022년 1월 17일 10시,월요일,부산광역시 수영구 민락동,경상사고,0,0,1,0,차대차 - 기타,안전운전불이행,건조,맑음,단일로 - 기타,승용,남,72세,상해없음,승용,남,56세,상해없음
노인운전자사고,2022011700100161,2022년 1월 17일 12시,월요일,부산광역시 중구 보수동1가,중상사고,0,1,0,0,차대사람 - 횡단중,안전운전불이행,건조,맑음,교차로 - 교차로부근,승용,남,67세,상해없음,보행자,여,70세,중상
노인운전자사고,2022011700100263,2022년 1월 17일 15시,월요일,부산광역시 부산진구 가야동,경상사고,0,0,1,0,차대차 - 정면충돌,안전거리미확보,건조,맑음,교차로 - 교차로부근,승용,남,69세,상해없음,이륜,남,25세,경상
노인운전자사고,2022011700100517,2022년 1월 17일 23시,월요일,부산광역시 사하구 하단동,중상사고,0,1,0,0,차대사람 - 횡단중,안전운전불이행,건조,맑음,교차로 - 교차로부근,승용,남,67세,상해없음,보행자,남,26세,중상
노인운전자사고,2022011800100023,2022년 1월 18일 06시,화요일,부산광역시 사하구 하단동,중상사고,0,1,0,0,차대차 - 기타,안전운전불이행,건조,맑음,기타 - 기타,자전거,남,79세,중상,승합,남,60세,상해없음
노인운전자사고,2022011800100206,2022년 1월 18일 12시,화요일,부산광역시 동래구 안락동,경상사고,0,0,1,0,차대사람 - 횡단중,안전운전불이행,건조,맑음,단일로 - 기타,승용,남,67세,상해없음,보행자,여,31세,경상
노인운전자사고,2022011800100281,2022년 1월 18일 14시,화요일,부산광역시 부산진구 당감동,중상사고,0,1,0,0,차대사람 - 횡단중,안전운전불이행,건조,맑음,단일로 - 기타,승용,남,79세,상해없음,보행자,여,72세,중상
노인운전자사고,2022011800100366,2022년 1월 18일 16시,화요일,부산광역시 수영구 민락동,부상신고사고,0,0,0,1,차대사람 - 보도통행중,신호위반,건조,맑음,교차로 - 교차로부근,승용,남,75세,상해없음,보행자,여,26세,부상신고
노인운전자사고,2022011800100403,2022년 1월 18일 17시,화요일,부산광역시 동구 좌천동,경상사고,0,0,1,0,차대차 - 측면충돌,안전거리미확보,건조,맑음,단일로 - 기타,승용,남,65세,상해없음,이륜,남,47세,경상
노인운전자사고,2022011900100354,2022년 1월 19일 18시,수요일,부산광역시 해운대구 재송동,경상사고,0,0,1,0,차대차 - 추돌,안전거리미확보,건조,맑음,단일로 - 기타,승용,여,69세,상해없음,승합,남,51세,경상
노인운전자사고,2022012000100144,2022년 1월 20일 11시,목요일,부산광역시 사하구 장림동,경상사고,0,0,1,0,차대차 - 추돌,안전거리미확보,건조,맑음,단일로 - 기타,승용,남,65세,상해없음,화물,남,57세,경상
노인운전자사고,2022012000100183,2022년 1월 20일 12시,목요일,부산광역시 중구 동광동5가,중상사고,0,1,0,0,차대차 - 측면충돌,안전운전불이행,건조,맑음,단일로 - 기타,이륜,남,76세,중상,승용,여,63세,상해없음
노인운전자사고,2022012000100212,2022년 1월 20일 13시,목요일,부산광역시 남구 감만동,사망사고,1,0,0,0,차대사람 - 횡단중,보행자보호의무위반,건조,맑음,단일로 - 기타,화물,남,74세,상해없음,보행자,남,75세,사망
노인운전자사고,2022012000100269,2022년 1월 20일 15시,목요일,부산광역시 부산진구 연지동,경상사고,0,0,1,0,차대차 - 추돌,교차로운행방법위반,건조,맑음,교차로 - 교차로안,승합,남,74세,상해없음,화물,남,30세,경상
노인운전자사고,2022012100100039,2022년 1월 21일 06시,금요일,부산광역시 북구 덕천동,중상사고,0,1,0,0,차대차 - 기타,신호위반,건조,맑음,교차로 - 교차로안,화물,여,68세,상해없음,원동기,남,52세,중상
노인운전자사고,2022012100100206,2022년 1월 21일 11시,금요일,부산광역시 동구 초량동,중상사고,0,1,0,0,차대차 - 기타,안전운전불이행,건조,맑음,단일로 - 기타,승용,남,69세,상해없음,이륜,남,60세,중상
노인운전자사고,2022012100100209,2022년 1월 21일 11시,금요일,부산광역시 금정구 구서동,경상사고,0,0,1,0,차대차 - 정면충돌,중앙선침범,건조,맑음,교차로 - 교차로부근,승용,남,69세,상해없음,승용,남,59세,경상
노인운전자사고,2022012100100355,2022년 1월 21일 15시,금요일,부산광역시 부산진구 전포동,경상사고,0,0,1,0,차대사람 - 차도통행중,안전운전불이행,건조,맑음,단일로 - 기타,승용,남,74세,상해없음,보행자,남,43세,경상
노인운전자사고,2022012100100408,2022년 1월 21일 16시,금요일,부산광역시 금정구 남산동,경상사고,0,0,1,0,차대차 - 측면충돌,안전운전불이행,건조,맑음,단일로 - 기타,화물,남,72세,상해없음,승용,남,47세,경상
노인운전자사고,2.02201E+15,2022년 1월 21일 19시,금요일,부산광역시 북구 덕천동,경상사고,0,0,1,0,차대사람 - 횡단중,안전운전불이행,건조,맑음,기타 - 기타,화물,남,72세,상해없음,보행자,남,67세,경상
노인운전자사고,2022012100100571,2022년 1월 21일 19시,금요일,부산광역시 사하구 하단동,경상사고,0,0,1,0,차대차 - 측면충돌,안전운전불이행,건조,맑음,교차로 - 교차로부근,승용,남,67세,상해없음,승용,남,66세,경상
노인운전자사고,2022012100100651,2022년 1월 21일 21시,금요일,부산광역시 수영구 수영동,부상신고사고,0,0,0,1,차대차 - 측면충돌,안전거리미확보,건조,맑음,단일로 - 기타,승용,남,67세,상해없음,원동기,남,40세,부상신고
노인운전자사고,2022012200100056,2022년 1월 22일 08시,토요일,부산광역시 북구 만덕동,경상사고,0,0,2,0,차대차 - 측면충돌,안전운전불이행,건조,맑음,단일로 - 교량,승용,남,73세,상해없음,승용,남,65세,경상
노인운전자사고,2022012200100165,2022년 1월 22일 12시,토요일,부산광역시 사상구 주례동,사망사고,1,0,0,0,차량단독 - 기타,안전운전불이행,건조,맑음,교차로 - 교차로안,자전거,남,73세,사망,,,,
노인운전자사고,2022012200100202,2022년 1월 22일 13시,토요일,부산광역시 금정구 구서동,경상사고,0,0,2,0,차대차 - 측면충돌,신호위반,건조,맑음,교차로 - 교차로안,승용,남,87세,기타불명,승용,남,65세,경상
노인운전자사고,2022012200100263,2022년 1월 22일 15시,토요일,부산광역시 중구 남포동5가,중상사고,0,1,2,0,차대차 - 기타,기타,건조,맑음,단일로 - 기타,화물,남,66세,상해없음,이륜,여,70세,중상
노인운전자사고,2022012200100264,2022년 1월 22일 15시,토요일,부산광역시 연제구 거제동,경상사고,0,0,3,0,차대차 - 기타,차로위반,건조,맑음,단일로 - 기타,승용,남,69세,상해없음,승용,남,37세,상해없음
노인운전자사고,2022012200100326,2022년 1월 22일 17시,토요일,부산광역시 부산진구 부전동,중상사고,0,1,0,0,차대차 - 측면충돌,안전거리미확보,건조,맑음,단일로 - 기타,승용,남,68세,상해없음,이륜,남,23세,중상
노인운전자사고,2022012200100327,2022년 1월 22일 17시,토요일,부산광역시 부산진구 연지동,경상사고,0,0,1,0,차대차 - 측면충돌,신호위반,건조,맑음,교차로 - 교차로부근,승합,남,69세,상해없음,승용,남,68세,경상
노인운전자사고,2.02201E+15,2022년 1월 22일 23시,토요일,부산광역시 중구 중앙동6가,중상사고,0,1,2,0,차대차 - 측면충돌,신호위반,건조,맑음,교차로 - 교차로부근,승용,남,72세,상해없음,승합,남,43세,경상
노인운전자사고,2022012300100081,2022년 1월 23일 12시,일요일,부산광역시 사하구 당리동,경상사고,0,0,1,0,차대차 - 기타,교차로운행방법위반,건조,맑음,교차로 - 교차로안,승용,남,71세,기타불명,승용,여,49세,경상
노인운전자사고,2022012400100029,2022년 1월 24일 06시,월요일,부산광역시 동래구 온천동,경상사고,0,0,1,0,차대차 - 측면충돌,차로위반,건조,맑음,교차로 - 교차로부근,승용,남,70세,상해없음,승용,남,45세,경상
노인운전자사고,2.02201E+15,2022년 1월 24일 08시,월요일,부산광역시 수영구 광안동,경상사고,0,0,1,0,차대차 - 측면충돌,안전운전불이행,건조,맑음,기타 - 기타,화물,남,75세,기타불명,승용,여,33세,경상
노인운전자사고,2022012400100071,2022년 1월 24일 08시,월요일,부산광역시 금정구 부곡동,중상사고,0,1,0,0,차대사람 - 횡단중,안전운전불이행,건조,맑음,단일로 - 기타,승용,남,72세,상해없음,보행자,여,89세,중상
노인운전자사고,2022012400100122,2022년 1월 24일 09시,월요일,부산광역시 강서구 강동동,경상사고,0,0,1,0,차대차 - 기타,안전운전불이행,건조,맑음,단일로 - 기타,승용,여,68세,상해없음,승용,여,57세,경상
노인운전자사고,2022012400100181,2022년 1월 24일 11시,월요일,부산광역시 수영구 광안동,중상사고,0,1,0,0,차대차 - 측면충돌,안전운전불이행,건조,맑음,교차로 - 교차로안,승용,남,67세,상해없음,이륜,남,80세,중상
노인운전자사고,2022012400100359,2022년 1월 24일 17시,월요일,부산광역시 금정구 서동,중상사고,0,1,0,0,차대사람 - 기타,안전운전불이행,건조,맑음,단일로 - 기타,승용,남,76세,상해없음,보행자,여,44세,중상
노인운전자사고,2022012500100068,2022년 1월 25일 08시,화요일,부산광역시 부산진구 개금동,경상사고,0,0,1,0,차대사람 - 횡단중,신호위반,건조,맑음,단일로 - 기타,승용,남,77세,상해없음,보행자,여,56세,경상
노인운전자사고,2022012500100119,2022년 1월 25일 10시,화요일,부산광역시 남구 대연동,경상사고,0,0,2,0,차대차 - 측면충돌,교차로운행방법위반,건조,맑음,교차로 - 교차로안,승용,남,78세,상해없음,화물,남,43세,경상
노인운전자사고,2022012500100122,2022년 1월 25일 10시,화요일,부산광역시 강서구 대저2동,경상사고,0,0,1,0,차대차 - 측면충돌,신호위반,건조,맑음,교차로 - 교차로안,승용,남,71세,상해없음,승용,남,77세,경상
노인운전자사고,2022012500100215,2022년 1월 25일 13시,화요일,부산광역시 남구 대연동,경상사고,0,0,1,0,차대사람 - 보도통행중,기타,건조,맑음,단일로 - 기타,승용,남,76세,상해없음,보행자,여,26세,경상
노인운전자사고,2022012500100275,2022년 1월 25일 15시,화요일,부산광역시 서구 남부민동,중상사고,0,1,0,0,차대차 - 정면충돌,차로위반,건조,맑음,교차로 - 교차로부근,화물,남,68세,상해없음,이륜,남,50세,중상
노인운전자사고,2022012500100276,2022년 1월 25일 15시,화요일,부산광역시 해운대구 좌동,중상사고,0,1,0,0,차대차 - 측면충돌,신호위반,건조,맑음,교차로 - 교차로부근,승용,남,73세,상해없음,이륜,남,51세,중상
노인운전자사고,2022012500100461,2022년 1월 25일 20시,화요일,부산광역시 해운대구 반여동,중상사고,0,1,0,0,차대사람 - 기타,기타,건조,맑음,단일로 - 기타,화물,남,69세,상해없음,보행자,남,57세,중상
노인운전자사고,2022012600100139,2022년 1월 26일 10시,수요일,부산광역시 연제구 연산동,경상사고,0,0,1,0,차대차 - 측면충돌,안전운전불이행,건조,맑음,교차로 - 교차로부근,승용,남,72세,상해없음,승용,남,63세,경상
노인운전자사고,2022012600100175,2022년 1월 26일 11시,수요일,부산광역시 강서구 구랑동,경상사고,0,0,2,0,차대차 - 측면충돌,안전거리미확보,건조,맑음,단일로 - 기타,특수,남,68세,상해없음,승용,남,50세,경상
노인운전자사고,2022012600100198,2022년 1월 26일 12시,수요일,부산광역시 강서구 명지동,경상사고,0,0,1,0,차대차 - 추돌,안전운전불이행,건조,맑음,단일로 - 기타,승용,남,69세,상해없음,승용,여,40세,경상
노인운전자사고,2022012600100365,2022년 1월 26일 17시,수요일,부산광역시 사하구 하단동,경상사고,0,0,1,0,차대차 - 측면충돌,안전거리미확보,건조,맑음,단일로 - 기타,승용,여,66세,상해없음,승용,남,46세,경상
노인운전자사고,2022012700100018,2022년 1월 27일 05시,목요일,부산광역시 사상구 학장동,중상사고,0,1,0,0,차대사람 - 보도통행중,보행자보호의무위반,건조,맑음,교차로 - 교차로부근,승용,남,74세,상해없음,보행자,여,61세,중상
노인운전자사고,2022012700100123,2022년 1월 27일 10시,목요일,부산광역시 강서구 명지동,중상사고,0,1,0,0,차대차 - 측면충돌,신호위반,건조,맑음,교차로 - 교차로횡단보도내,승용,남,75세,상해없음,승용,여,35세,중상
노인운전자사고,2022012700100152,2022년 1월 27일 11시,목요일,부산광역시 사하구 감천동,경상사고,0,0,1,0,차대차 - 기타,신호위반,기타,맑음,교차로 - 교차로안,승용,여,68세,상해없음,이륜,남,60세,경상
노인운전자사고,2022012700100153,2022년 1월 27일 11시,목요일,부산광역시 사상구 모라동,중상사고,0,1,0,0,차대차 - 측면충돌,안전거리미확보,건조,맑음,단일로 - 기타,이륜,남,73세,중상,승용,남,61세,상해없음
노인운전자사고,2022012700100283,2022년 1월 27일 15시,목요일,부산광역시 북구 덕천동,경상사고,0,0,1,0,차대차 - 기타,안전운전불이행,건조,맑음,단일로 - 기타,승용,여,66세,상해없음,화물,남,51세,경상
노인운전자사고,2022012700100354,2022년 1월 27일 17시,목요일,부산광역시 사상구 감전동,중상사고,0,2,0,0,차대차 - 측면충돌,교차로운행방법위반,건조,맑음,교차로 - 교차로안,화물,남,71세,상해없음,승용,남,64세,중상
노인운전자사고,2.02201E+15,2022년 1월 27일 18시,목요일,부산광역시 동래구 온천동,경상사고,0,0,1,0,차대사람 - 횡단중,안전운전불이행,건조,맑음,교차로 - 교차로부근,승용,남,67세,상해없음,보행자,남,40세,경상
노인운전자사고,2.02201E+15,2022년 1월 27일 19시,목요일,부산광역시 부산진구 범천동,경상사고,0,0,2,0,차대사람 - 횡단중,안전운전불이행,건조,맑음,교차로 - 교차로안,승용,남,81세,상해없음,보행자,여,67세,경상
노인운전자사고,2022012700100468,2022년 1월 27일 20시,목요일,부산광역시 중구 남포동6가,경상사고,0,0,1,0,차대차 - 측면충돌,교차로운행방법위반,건조,맑음,교차로 - 교차로안,이륜,남,65세,경상,승용,남,65세,상해없음
노인운전자사고,2022012800100014,2022년 1월 28일 05시,금요일,부산광역시 남구 용당동,중상사고,0,1,0,0,차대사람 - 기타,안전운전불이행,건조,맑음,단일로 - 기타,승용,남,70세,상해없음,보행자,여,66세,중상
노인운전자사고,2022012800100111,2022년 1월 28일 10시,금요일,부산광역시 중구 영주동,경상사고,0,0,1,1,차대차 - 측면충돌,차로위반,건조,맑음,단일로 - 기타,승용,남,68세,경상,승용,남,67세,부상신고
노인운전자사고,2022012800100113,2022년 1월 28일 10시,금요일,부산광역시 사상구 엄궁동,경상사고,0,0,5,0,차대차 - 측면충돌,교차로운행방법위반,건조,맑음,교차로 - 교차로안,승용,남,69세,상해없음,승용,남,37세,경상
노인운전자사고,2022012800100151,2022년 1월 28일 11시,금요일,부산광역시 사하구 다대동,중상사고,0,1,0,0,차대사람 - 횡단중,신호위반,건조,맑음,교차로 - 교차로안,원동기,남,83세,상해없음,보행자,여,33세,중상
노인운전자사고,2022012800100181,2022년 1월 28일 12시,금요일,부산광역시 서구 암남동,중상사고,0,1,0,0,차대차 - 기타,신호위반,건조,맑음,교차로 - 교차로안,화물,남,65세,상해없음,이륜,남,21세,중상
노인운전자사고,2022012800100352,2022년 1월 28일 16시,금요일,부산광역시 서구 토성동5가,부상신고사고,0,0,0,1,차대차 - 측면충돌,신호위반,건조,맑음,교차로 - 교차로안,자전거,여,66세,부상신고,화물,남,36세,상해없음
노인운전자사고,2022012900100028,2022년 1월 29일 06시,토요일,부산광역시 해운대구 우동,중상사고,0,1,0,0,차대차 - 정면충돌,신호위반,건조,맑음,교차로 - 교차로안,승용,남,67세,상해없음,승용,여,56세,중상
노인운전자사고,2022012900100104,2022년 1월 29일 11시,토요일,부산광역시 강서구 송정동,중상사고,0,1,0,0,차대차 - 추돌,안전운전불이행,건조,맑음,단일로 - 기타,승용,남,70세,중상,건설기계,남,59세,상해없음
노인운전자사고,2022012900100105,2022년 1월 29일 11시,토요일,부산광역시 사상구 괘법동,경상사고,0,0,1,1,차대차 - 측면충돌,안전운전불이행,건조,맑음,교차로 - 교차로부근,승용,남,66세,부상신고,승용,여,56세,경상
노인운전자사고,2022012900100259,2022년 1월 29일 16시,토요일,부산광역시 동래구 복천동,경상사고,0,0,1,0,차대사람 - 차도통행중,안전운전불이행,건조,맑음,단일로 - 기타,승용,여,76세,상해없음,보행자,여,59세,경상
노인운전자사고,2.02201E+15,2022년 1월 29일 16시,토요일,부산광역시 동래구 사직동,경상사고,0,0,1,0,차대사람 - 횡단중,안전운전불이행,건조,맑음,교차로 - 교차로부근,화물,남,70세,상해없음,보행자,남,55세,경상
노인운전자사고,2022012900100261,2022년 1월 29일 16시,토요일,부산광역시 금정구 장전동,경상사고,0,0,1,0,차대차 - 측면충돌,교차로운행방법위반,건조,맑음,교차로 - 교차로안,승용,남,66세,상해없음,이륜,남,25세,경상
노인운전자사고,2022013000100026,2022년 1월 30일 06시,일요일,부산광역시 해운대구 반여동,중상사고,0,1,0,0,차대차 - 기타,신호위반,건조,맑음,교차로 - 교차로안,승용,남,66세,상해없음,자전거,남,67세,중상
노인운전자사고,2022013000100036,2022년 1월 30일 09시,일요일,부산광역시 동래구 온천동,경상사고,0,0,1,0,차대사람 - 횡단중,안전운전불이행,건조,맑음,교차로 - 교차로안,화물,남,66세,상해없음,보행자,여,49세,경상
노인운전자사고,2022013000100048,2022년 1월 30일 10시,일요일,부산광역시 동구 범일동,중상사고,0,1,0,0,차대차 - 측면충돌,교차로운행방법위반,건조,맑음,교차로 - 교차로부근,이륜,남,73세,중상,승용,여,38세,상해없음
노인운전자사고,2022013000100086,2022년 1월 30일 12시,일요일,부산광역시 해운대구 중동,경상사고,0,0,1,0,차대차 - 측면충돌,안전거리미확보,건조,맑음,단일로 - 기타,승용,남,72세,상해없음,이륜,남,26세,경상
노인운전자사고,2.02201E+15,2022년 1월 30일 13시,일요일,부산광역시 기장군 기장읍,경상사고,0,0,1,0,차대차 - 기타,안전운전불이행,건조,맑음,교차로 - 교차로안,승용,남,69세,상해없음,이륜,남,42세,경상
노인운전자사고,2.02201E+15,2022년 1월 30일 15시,일요일,부산광역시 금정구 서동,경상사고,0,0,1,0,차대차 - 후진중충돌,안전운전불이행,건조,맑음,단일로 - 기타,승용,여,81세,상해없음,화물,여,66세,경상
노인운전자사고,2022013000100332,2022년 1월 30일 21시,일요일,부산광역시 부산진구 양정동,중상사고,0,1,0,0,차대차 - 측면충돌,안전운전불이행,건조,맑음,교차로 - 교차로안,승용,남,71세,상해없음,이륜,남,20세,중상
노인운전자사고,2.02201E+15,2022년 1월 31일 01시,월요일,부산광역시 부산진구 부전동,경상사고,0,0,2,0,차대차 - 측면충돌,신호위반,건조,맑음,교차로 - 교차로안,승용,남,67세,상해없음,승용,남,55세,경상
노인운전자사고,2022013100100084,2022년 1월 31일 12시,월요일,부산광역시 사상구 모라동,경상사고,0,0,1,0,차대차 - 측면충돌,신호위반,건조,맑음,교차로 - 교차로안,승용,남,78세,상해없음,원동기,남,29세,경상
노인운전자사고,2022013100100148,2022년 1월 31일 15시,월요일,부산광역시 수영구 망미동,경상사고,0,0,1,0,차대사람 - 기타,안전운전불이행,건조,맑음,단일로 - 기타,승용,남,68세,상해없음,보행자,남,31세,경상
노인운전자사고,2022020100100022,2022년 2월 1일 08시,화요일,부산광역시 해운대구 재송동,경상사고,0,0,2,0,차대차 - 측면충돌,안전거리미확보,건조,맑음,교차로 - 교차로부근,승용,남,73세,상해없음,승용,남,44세,경상
노인운전자사고,2.02202E+15,2022년 2월 1일 11시,화요일,부산광역시 동구 범일동,경상사고,0,0,2,0,차대차 - 측면충돌,차로위반,건조,맑음,교차로 - 교차로부근,승용,남,74세,상해없음,승용,남,40세,경상
노인운전자사고,2022020100100051,2022년 2월 1일 11시,화요일,부산광역시 수영구 광안동,중상사고,0,1,0,0,차대차 - 측면충돌,신호위반,건조,맑음,단일로 - 기타,승용,남,79세,상해없음,이륜,남,53세,중상
노인운전자사고,2022020100100095,2022년 2월 1일 13시,화요일,부산광역시 강서구 대저1동,경상사고,0,0,5,0,차대차 - 추돌,안전운전불이행,건조,맑음,단일로 - 기타,승용,남,74세,상해없음,승용,여,24세,경상
노인운전자사고,2022020200100284,2022년 2월 2일 21시,수요일,부산광역시 동래구 사직동,중상사고,0,1,1,0,차량단독 - 공작물충돌,안전운전불이행,건조,맑음,단일로 - 기타,승용,남,68세,상해없음,,,,
노인운전자사고,2022020200100285,2022년 2월 2일 21시,수요일,부산광역시 부산진구 양정동,중상사고,0,1,0,0,차대사람 - 길가장자리구역통행중,안전운전불이행,건조,맑음,교차로 - 교차로부근,승용,남,68세,상해없음,보행자,남,25세,중상
노인운전자사고,2022020300100017,2022년 2월 3일 06시,목요일,부산광역시 북구 금곡동,경상사고,0,0,1,0,차대차 - 측면충돌,안전운전불이행,건조,맑음,교차로 - 교차로안,승용,남,65세,상해없음,승용,남,62세,경상
노인운전자사고,2022020300100081,2022년 2월 3일 09시,목요일,부산광역시 수영구 남천동,경상사고,0,0,2,0,차대차 - 측면충돌,안전거리미확보,건조,맑음,단일로 - 기타,승용,남,65세,상해없음,이륜,남,20세,경상
노인운전자사고,2022020300100282,2022년 2월 3일 16시,목요일,부산광역시 강서구 대저1동,중상사고,0,1,0,0,차대차 - 측면충돌,안전운전불이행,건조,맑음,단일로 - 기타,화물,남,67세,상해없음,승용,여,67세,중상
노인운전자사고,2022020400100055,2022년 2월 4일 08시,금요일,부산광역시 해운대구 반여동,경상사고,0,0,1,0,차대차 - 측면충돌,안전운전불이행,건조,맑음,단일로 - 기타,화물,남,67세,상해없음,승용,여,48세,경상
노인운전자사고,2022020400100104,2022년 2월 4일 10시,금요일,부산광역시 남구 용호동,중상사고,0,1,0,0,차대차 - 추돌,신호위반,건조,맑음,교차로 - 교차로안,승합,남,67세,상해없음,자전거,남,69세,중상
노인운전자사고,2022020400100107,2022년 2월 4일 10시,금요일,부산광역시 연제구 거제동,중상사고,0,1,0,0,차대차 - 기타,교차로운행방법위반,건조,맑음,교차로 - 교차로안,승합,남,71세,상해없음,이륜,남,54세,중상
노인운전자사고,2022020400100242,2022년 2월 4일 15시,금요일,부산광역시 수영구 광안동,중상사고,0,1,0,0,차대사람 - 횡단중,안전운전불이행,건조,맑음,교차로 - 교차로안,화물,남,81세,상해없음,보행자,남,92세,중상
노인운전자사고,2.02202E+15,2022년 2월 4일 17시,금요일,부산광역시 북구 구포동,경상사고,0,0,1,0,차대차 - 측면충돌,안전거리미확보,건조,맑음,단일로 - 교량,승용,남,66세,상해없음,승용,남,23세,경상
노인운전자사고,2022020400100301,2022년 2월 4일 17시,금요일,부산광역시 사상구 주례동,경상사고,0,0,1,0,차대차 - 추돌,안전운전불이행,건조,맑음,단일로 - 기타,승용,남,73세,상해없음,승용,여,48세,경상
노인운전자사고,2022020400100342,2022년 2월 4일 18시,금요일,부산광역시 수영구 망미동,경상사고,0,0,1,0,차대차 - 기타,교차로운행방법위반,건조,맑음,교차로 - 교차로부근,화물,남,69세,상해없음,승용,남,70세,경상
노인운전자사고,2022020400100387,2022년 2월 4일 19시,금요일,부산광역시 연제구 연산동,경상사고,0,0,1,0,차대차 - 기타,차로위반,건조,맑음,단일로 - 기타,승용,여,69세,상해없음,승용,남,27세,경상
노인운전자사고,2022020500100048,2022년 2월 5일 09시,토요일,부산광역시 동구 범일동,경상사고,0,0,2,0,차대차 - 추돌,안전운전불이행,건조,맑음,단일로 - 기타,승용,남,65세,상해없음,승용,남,56세,경상
노인운전자사고,2022020500100101,2022년 2월 5일 12시,토요일,부산광역시 부산진구 부전동,경상사고,0,0,1,0,차대차 - 추돌,안전운전불이행,건조,맑음,단일로 - 기타,승용,남,80세,상해없음,원동기,남,35세,경상
노인운전자사고,2022020500100217,2022년 2월 5일 16시,토요일,부산광역시 금정구 노포동,경상사고,0,0,1,0,차대차 - 측면충돌,안전운전불이행,건조,맑음,단일로 - 기타,자전거,남,74세,경상,승합,남,46세,상해없음
노인운전자사고,2022020500100243,2022년 2월 5일 17시,토요일,부산광역시 동래구 낙민동,경상사고,0,0,1,0,차대차 - 측면충돌,안전운전불이행,건조,맑음,교차로 - 교차로안,승용,남,68세,경상,승용,남,47세,상해없음
노인운전자사고,2022020500100244,2022년 2월 5일 17시,토요일,부산광역시 사하구 괴정동,경상사고,0,0,1,0,차대차 - 측면충돌,안전운전불이행,건조,맑음,단일로 - 기타,승합,남,82세,상해없음,승용,남,54세,경상
노인운전자사고,2022020500100286,2022년 2월 5일 19시,토요일,부산광역시 수영구 민락동,경상사고,0,0,1,0,차대차 - 추돌,직진우회전진행방해,건조,맑음,교차로 - 교차로안,승용,남,67세,기타불명,승용,여,47세,경상
노인운전자사고,2022020600100187,2022년 2월 6일 18시,일요일,부산광역시 북구 금곡동,중상사고,0,1,0,0,차대사람 - 횡단중,보행자보호의무위반,건조,맑음,단일로 - 지하차도(도로)내,승용,남,71세,상해없음,보행자,여,55세,중상
노인운전자사고,2022020600100212,2022년 2월 6일 19시,일요일,부산광역시 기장군 정관읍,중상사고,0,1,0,0,차대사람 - 횡단중,보행자보호의무위반,건조,맑음,교차로 - 교차로횡단보도내,승용,남,69세,상해없음,보행자,남,78세,중상
노인운전자사고,2022020600100266,2022년 2월 6일 22시,일요일,부산광역시 부산진구 양정동,경상사고,0,0,1,0,차대사람 - 기타,안전운전불이행,건조,맑음,단일로 - 기타,승용,남,76세,상해없음,보행자,남,64세,경상
노인운전자사고,2022020700100144,2022년 2월 7일 12시,월요일,부산광역시 기장군 기장읍,경상사고,0,0,1,0,차대사람 - 기타,안전운전불이행,건조,맑음,단일로 - 기타,승용,여,66세,상해없음,보행자,남,46세,경상
노인운전자사고,2022020700100235,2022년 2월 7일 16시,월요일,부산광역시 강서구 봉림동,경상사고,0,0,1,0,차대차 - 기타,안전거리미확보,건조,맑음,단일로 - 기타,화물,남,72세,상해없음,승용,남,43세,경상
노인운전자사고,2022020700100319,2022년 2월 7일 19시,월요일,부산광역시 중구 부평동2가,경상사고,0,0,1,0,차대차 - 기타,교차로운행방법위반,건조,맑음,교차로 - 교차로안,승용,남,67세,상해없음,이륜,남,39세,경상
노인운전자사고,2022020800100035,2022년 2월 8일 06시,화요일,부산광역시 사하구 당리동,중상사고,0,1,0,0,차대사람 - 횡단중,보행자보호의무위반,건조,맑음,교차로 - 교차로횡단보도내,화물,남,68세,상해없음,보행자,남,71세,중상
노인운전자사고,2022020800100036,2022년 2월 8일 06시,화요일,부산광역시 강서구 송정동,경상사고,0,0,1,0,차대차 - 기타,안전운전불이행,건조,맑음,교차로 - 교차로부근,화물,남,65세,상해없음,승용,남,52세,경상