사고부문,사고번호,사고일시,요일,시군구,사고내용,사망자수,중상자수,경상자수,부상신고자수,사고유형,법규위반,노면상태,기상상태,도로형태,가해운전자 차종,가해운전자 성별,가해운전자 연령,가해운전자 상해정도,피해운전자 차종,피해운전자 성별,피해운전자 연령,피해운전자 상해정도
노인운전자사고,2022020800100107,2022년 2월 8일 09시,화요일,부산광역시 동구 좌천동,중상사고,0,1,2,0,차대차 - 측면충돌,안전거리미확보,건조,맑음,단일로 - 기타,특수,남,68세,상해없음,승용,남,65세,중상
노인운전자사고,2022020800100126,2022년 2월 8일 10시,화요일,부산광역시 북구 덕천동,경상사고,0,0,1,0,차대차 - 기타,신호위반,건조,맑음,단일로 - 기타,화물,남,69세,상해없음,승용,여,61세,경상
노인운전자사고,2022020800100196,2022년 2월 8일 13시,화요일,부산광역시 부산진구 부전동,경상사고,0,0,1,0,차대사람 - 기타,안전운전불이행,건조,맑음,단일로 - 기타,승용,여,69세,상해없음,보행자,남,33세,경상
노인운전자사고,2022020800100311,2022년 2월 8일 17시,화요일,부산광역시 동구 초량동,경상사고,0,0,1,0,차대사람 - 차도통행중,안전운전불이행,건조,맑음,단일로 - 기타,승용,여,66세,상해없음,보행자,여,44세,경상
노인운전자사고,2022020800100313,2022년 2월 8일 17시,화요일,부산광역시 금정구 장전동,중상사고,0,1,1,0,차대차 - 기타,신호위반,건조,맑음,교차로 - 교차로안,이륜,남,70세,중상,승용,남,33세,경상
노인운전자사고,2022020800100347,2022년 2월 8일 18시,화요일,부산광역시 사하구 당리동,부상신고사고,0,0,0,1,차대차 - 기타,안전운전불이행,건조,맑음,교차로 - 교차로안,승용,남,73세,상해없음,원동기,남,47세,부상신고
노인운전자사고,2022020800100437,2022년 2월 8일 20시,화요일,부산광역시 강서구 송정동,중상사고,0,1,0,0,차대차 - 측면충돌,안전운전불이행,건조,맑음,교차로 - 교차로안,승용,남,66세,상해없음,자전거,남,49세,중상
노인운전자사고,2022020900100075,2022년 2월 9일 08시,수요일,부산광역시 사하구 하단동,중상사고,0,1,0,0,차대차 - 기타,안전운전불이행,건조,맑음,단일로 - 기타,자전거,남,75세,중상,승용,남,36세,상해없음
노인운전자사고,2022020900100102,2022년 2월 9일 09시,수요일,부산광역시 동구 범일동,중상사고,0,1,0,0,차대차 - 측면충돌,차로위반,건조,맑음,교차로 - 교차로부근,이륜,남,72세,중상,승용,여,48세,상해없음
노인운전자사고,2022020900100207,2022년 2월 9일 13시,수요일,부산광역시 사하구 다대동,경상사고,0,0,2,0,차대차 - 측면충돌,교차로운행방법위반,건조,맑음,교차로 - 교차로안,이륜,남,70세,경상,이륜,남,29세,경상
노인운전자사고,2022020900100257,2022년 2월 9일 15시,수요일,부산광역시 동구 초량동,경상사고,0,0,1,0,차량단독 - 기타,안전운전불이행,건조,맑음,단일로 - 지하차도(도로)내,승합,남,66세,상해없음,,,,
노인운전자사고,2022020900100354,2022년 2월 9일 18시,수요일,부산광역시 금정구 구서동,경상사고,0,0,1,0,차대사람 - 횡단중,안전운전불이행,건조,맑음,교차로 - 교차로부근,승용,남,75세,상해없음,보행자,남,12세,경상
노인운전자사고,2.02202E+15,2022년 2월 9일 19시,수요일,부산광역시 영도구 영선동2가,경상사고,0,0,1,0,차대사람 - 횡단중,보행자보호의무위반,건조,맑음,교차로 - 교차로횡단보도내,승용,남,65세,상해없음,보행자,남,60세,경상
노인운전자사고,2022021000100084,2022년 2월 10일 09시,목요일,부산광역시 사하구 괴정동,경상사고,0,0,1,0,차대차 - 기타,안전운전불이행,건조,맑음,교차로 - 교차로부근,승용,남,71세,기타불명,이륜,남,48세,경상
노인운전자사고,2022021000100173,2022년 2월 10일 12시,목요일,부산광역시 남구 대연동,경상사고,0,0,3,0,차대차 - 추돌,안전운전불이행,건조,맑음,단일로 - 터널,승용,남,74세,상해없음,승용,여,30세,경상
노인운전자사고,2022021000100348,2022년 2월 10일 18시,목요일,부산광역시 사하구 하단동,경상사고,0,0,1,0,차대차 - 기타,안전운전불이행,건조,맑음,교차로 - 교차로부근,승합,남,68세,상해없음,승용,남,45세,경상
노인운전자사고,2022021100100084,2022년 2월 11일 09시,금요일,부산광역시 서구 동대신동3가,경상사고,0,0,1,0,차대차 - 기타,차로위반,건조,맑음,교차로 - 교차로부근,승용,남,66세,기타불명,승용,여,47세,경상
노인운전자사고,2022021100100146,2022년 2월 11일 11시,금요일,부산광역시 해운대구 좌동,부상신고사고,0,0,0,2,차대사람 - 기타,안전운전불이행,건조,맑음,단일로 - 기타,화물,남,75세,상해없음,보행자,남,50세,부상신고
노인운전자사고,2022021100100252,2022년 2월 11일 15시,금요일,부산광역시 부산진구 개금동,부상신고사고,0,0,0,1,차량단독 - 기타,기타,건조,맑음,교차로 - 교차로안,승합,남,71세,상해없음,,,,
노인운전자사고,2022021100100253,2022년 2월 11일 15시,금요일,부산광역시 강서구 명지동,중상사고,0,1,0,0,차대차 - 측면충돌,신호위반,건조,맑음,교차로 - 교차로안,승용,남,68세,상해없음,승용,남,44세,중상
노인운전자사고,2022021100100316,2022년 2월 11일 17시,금요일,부산광역시 남구 우암동,경상사고,0,0,1,0,차대차 - 측면충돌,안전운전불이행,건조,맑음,단일로 - 기타,승용,여,66세,상해없음,승용,남,25세,경상
노인운전자사고,2022021100100317,2022년 2월 11일 17시,금요일,부산광역시 북구 덕천동,중상사고,0,1,0,0,차대사람 - 횡단중,보행자보호의무위반,건조,맑음,단일로 - 지하차도(도로)내,화물,남,83세,상해없음,보행자,남,67세,중상
노인운전자사고,2022021100100319,2022년 2월 11일 17시,금요일,부산광역시 부산진구 전포동,경상사고,0,0,1,0,차대차 - 기타,기타,건조,맑음,단일로 - 기타,승용,남,79세,상해없음,원동기,남,28세,경상
노인운전자사고,2022021100100441,2022년 2월 11일 20시,금요일,부산광역시 사하구 장림동,경상사고,0,0,1,0,차대사람 - 횡단중,안전운전불이행,건조,맑음,단일로 - 기타,화물,남,68세,상해없음,보행자,여,58세,경상
노인운전자사고,2022021100100442,2022년 2월 11일 20시,금요일,부산광역시 연제구 연산동,경상사고,0,0,2,0,차대차 - 측면충돌,안전거리미확보,건조,맑음,교차로 - 교차로부근,승용,남,68세,상해없음,승용,남,59세,경상
노인운전자사고,2022021200100011,2022년 2월 12일 01시,토요일,부산광역시 사상구 괘법동,경상사고,0,0,1,0,차대차 - 측면충돌,안전거리미확보,건조,맑음,교차로 - 교차로부근,승용,남,68세,상해없음,이륜,남,35세,경상
노인운전자사고,2022021200100133,2022년 2월 12일 12시,토요일,부산광역시 중구 대창동2가,경상사고,0,0,1,0,차대차 - 추돌,안전운전불이행,건조,맑음,교차로 - 교차로안,화물,남,67세,상해없음,화물,남,47세,경상
노인운전자사고,2022021200100157,2022년 2월 12일 13시,토요일,부산광역시 북구 화명동,경상사고,0,0,1,0,차량단독 - 기타,기타,건조,맑음,단일로 - 기타,승합,남,68세,상해없음,,,,
노인운전자사고,2022021200100191,2022년 2월 12일 14시,토요일,부산광역시 강서구 송정동,경상사고,0,0,5,0,차대차 - 추돌,안전운전불이행,건조,맑음,교차로 - 교차로부근,승용,남,78세,상해없음,승용,여,51세,경상
노인운전자사고,2022021200100388,2022년 2월 12일 21시,토요일,부산광역시 수영구 민락동,경상사고,0,0,1,0,차대차 - 측면충돌,안전운전불이행,건조,맑음,교차로 - 교차로안,승용,남,69세,상해없음,승용,남,44세,상해없음
노인운전자사고,2022021200100389,2022년 2월 12일 21시,토요일,부산광역시 사상구 감전동,중상사고,0,2,1,0,차대차 - 측면충돌,신호위반,건조,흐림,교차로 - 교차로안,화물,남,69세,중상,승용,남,50세,경상
노인운전자사고,2022021400100049,2022년 2월 14일 07시,월요일,부산광역시 영도구 청학동,중상사고,0,1,0,0,차대사람 - 횡단중,신호위반,건조,맑음,교차로 - 교차로안,승합,남,65세,상해없음,보행자,여,64세,중상
노인운전자사고,2022021400100115,2022년 2월 14일 10시,월요일,부산광역시 연제구 연산동,경상사고,0,0,2,0,차대차 - 기타,안전운전불이행,건조,맑음,단일로 - 기타,승용,남,77세,상해없음,승용,여,20세,경상
노인운전자사고,2022021400100206,2022년 2월 14일 13시,월요일,부산광역시 부산진구 양정동,경상사고,0,0,1,0,차대사람 - 기타,안전운전불이행,건조,맑음,단일로 - 기타,승용,여,66세,상해없음,보행자,남,61세,경상
노인운전자사고,2022021400100271,2022년 2월 14일 15시,월요일,부산광역시 해운대구 우동,경상사고,0,0,1,0,차대사람 - 횡단중,보행자보호의무위반,건조,맑음,단일로 - 기타,승용,남,73세,상해없음,보행자,남,50세,경상
노인운전자사고,2022021400100272,2022년 2월 14일 15시,월요일,부산광역시 해운대구 우동,중상사고,0,1,1,0,차대차 - 정면충돌,중앙선침범,건조,맑음,단일로 - 기타,승용,남,81세,중상,승용,남,48세,경상
노인운전자사고,2022021400100273,2022년 2월 14일 15시,월요일,부산광역시 부산진구 부전동,중상사고,0,1,0,0,차대차 - 측면충돌,안전거리미확보,건조,맑음,기타 - 기타,승용,남,80세,기타불명,승용,남,67세,중상
노인운전자사고,2022021400100367,2022년 2월 14일 18시,월요일,부산광역시 영도구 봉래동5가,중상사고,0,1,0,0,차대차 - 측면충돌,안전거리미확보,젖음/습기,흐림,단일로 - 고가도로위,특수,남,67세,상해없음,승용,여,61세,중상
노인운전자사고,2022021500100045,2022년 2월 15일 08시,화요일,부산광역시 강서구 범방동,중상사고,0,1,0,0,차대차 - 추돌,안전운전불이행,건조,맑음,교차로 - 교차로안,화물,남,66세,상해없음,승용,여,40세,중상
노인운전자사고,2022021500100071,2022년 2월 15일 09시,화요일,부산광역시 연제구 연산동,중상사고,0,1,0,0,차대차 - 측면충돌,안전거리미확보,건조,맑음,단일로 - 기타,승용,남,77세,상해없음,승용,남,41세,중상
노인운전자사고,2022021500100109,2022년 2월 15일 11시,화요일,부산광역시 사상구 모라동,경상사고,0,0,4,0,차대차 - 측면충돌,신호위반,건조,맑음,교차로 - 교차로안,승용,남,83세,기타불명,승용,남,71세,경상
노인운전자사고,2022021500100191,2022년 2월 15일 14시,화요일,부산광역시 남구 대연동,중상사고,0,1,0,0,차대사람 - 보도통행중,보행자보호의무위반,건조,맑음,단일로 - 기타,승용,남,74세,상해없음,보행자,남,86세,중상
노인운전자사고,2.02202E+15,2022년 2월 15일 18시,화요일,부산광역시 동구 초량동,경상사고,0,0,1,0,차대차 - 추돌,안전운전불이행,건조,맑음,교차로 - 교차로부근,승용,남,70세,상해없음,승용,남,45세,경상
노인운전자사고,2022021500100407,2022년 2월 15일 21시,화요일,부산광역시 동구 수정동,경상사고,0,0,1,0,차대사람 - 횡단중,보행자보호의무위반,건조,맑음,단일로 - 기타,승용,여,65세,상해없음,보행자,여,66세,경상
노인운전자사고,2022021500100436,2022년 2월 15일 22시,화요일,부산광역시 사상구 삼락동,경상사고,0,0,1,0,차대차 - 측면충돌,안전거리미확보,건조,맑음,단일로 - 기타,특수,남,66세,상해없음,승용,남,51세,경상
노인운전자사고,2.02202E+15,2022년 2월 16일 09시,수요일,부산광역시 남구 감만동,중상사고,0,1,0,0,차대차 - 정면충돌,신호위반,건조,맑음,교차로 - 교차로안,특수,남,67세,상해없음,승용,남,31세,중상
노인운전자사고,2022021600100164,2022년 2월 16일 13시,수요일,부산광역시 사하구 하단동,경상사고,0,0,3,0,차대차 - 추돌,신호위반,건조,맑음,교차로 - 교차로안,승용,남,67세,상해없음,승용,여,41세,경상
노인운전자사고,2.02202E+15,2022년 2월 16일 16시,수요일,부산광역시 동구 초량동,경상사고,0,0,1,0,차대차 - 측면충돌,교차로운행방법위반,건조,맑음,교차로 - 교차로안,승용,남,76세,상해없음,승용,남,61세,경상
노인운전자사고,2022021600100301,2022년 2월 16일 18시,수요일,부산광역시 동래구 명장동,중상사고,0,1,0,0,차대차 - 기타,안전거리미확보,건조,맑음,단일로 - 기타,승용,남,67세,상해없음,승합,남,37세,상해없음
노인운전자사고,2022021700100089,2022년 2월 17일 09시,목요일,부산광역시 영도구 청학동,중상사고,0,1,0,0,차대차 - 기타,안전운전불이행,건조,맑음,단일로 - 기타,승용,남,68세,상해없음,승용,여,40세,기타불명
노인운전자사고,2022021700100112,2022년 2월 17일 10시,목요일,부산광역시 남구 감만동,경상사고,0,0,1,0,차대차 - 기타,안전운전불이행,건조,맑음,교차로 - 교차로안,승용,남,69세,기타불명,이륜,남,30세,경상
노인운전자사고,2.02202E+15,2022년 2월 17일 12시,목요일,부산광역시 부산진구 부전동,중상사고,0,1,0,0,차대차 - 측면충돌,신호위반,건조,맑음,교차로 - 교차로안,승용,남,88세,상해없음,원동기,남,25세,중상
노인운전자사고,2022021700100196,2022년 2월 17일 13시,목요일,부산광역시 북구 구포동,경상사고,0,0,1,0,차대사람 - 기타,보행자보호의무위반,건조,맑음,단일로 - 기타,승용,남,67세,상해없음,보행자,남,30세,경상
노인운전자사고,2022021700100219,2022년 2월 17일 14시,목요일,부산광역시 연제구 연산동,경상사고,0,0,1,0,차대차 - 추돌,안전운전불이행,건조,맑음,교차로 - 교차로횡단보도내,자전거,남,77세,경상,승용,남,57세,상해없음
노인운전자사고,2022021700100338,2022년 2월 17일 18시,목요일,부산광역시 강서구 대저1동,경상사고,0,0,4,0,차대차 - 기타,안전운전불이행,건조,맑음,단일로 - 기타,승용,남,71세,상해없음,승용,남,26세,경상
노인운전자사고,2022021800100156,2022년 2월 18일 11시,금요일,부산광역시 동래구 온천동,경상사고,0,0,1,0,차대사람 - 횡단중,안전운전불이행,건조,맑음,단일로 - 기타,승용,여,67세,상해없음,보행자,여,41세,경상
노인운전자사고,2022021800100373,2022년 2월 18일 18시,금요일,부산광역시 사상구 괘법동,경상사고,0,0,1,0,차대차 - 기타,안전운전불이행,건조,맑음,교차로 - 교차로부근,승합,남,70세,경상,승용,남,24세,상해없음
노인운전자사고,2022021800100472,2022년 2월 18일 21시,금요일,부산광역시 연제구 연산동,경상사고,0,0,1,0,차량단독 - 기타,기타,건조,맑음,단일로 - 기타,승용,남,74세,상해없음,,,,
노인운전자사고,2022022000100029,2022년 2월 20일 05시,일요일,부산광역시 부산진구 전포동,경상사고,0,0,1,0,차대차 - 추돌,안전운전불이행,건조,맑음,단일로 - 기타,승용,남,68세,상해없음,승용,남,42세,상해없음
노인운전자사고,2.02202E+15,2022년 2월 20일 12시,일요일,부산광역시 금정구 서동,중상사고,0,1,4,0,차대차 - 기타,교차로운행방법위반,건조,맑음,교차로 - 교차로안,승용,남,72세,상해없음,원동기,남,18세,중상
노인운전자사고,2022022000100175,2022년 2월 20일 15시,일요일,부산광역시 해운대구 중동,경상사고,0,0,3,2,차대차 - 추돌,안전거리미확보,건조,맑음,단일로 - 기타,화물,남,72세,상해없음,화물,남,76세,상해없음
노인운전자사고,2022022000100217,2022년 2월 20일 17시,일요일,부산광역시 동구 초량동,중상사고,0,1,0,0,차대사람 - 보도통행중,보행자보호의무위반,건조,맑음,단일로 - 기타,승용,여,65세,상해없음,보행자,남,39세,중상
노인운전자사고,2022022100100043,2022년 2월 21일 07시,월요일,부산광역시 서구 충무동1가,경상사고,0,0,1,0,차대사람 - 기타,안전운전불이행,건조,맑음,단일로 - 기타,승용,남,65세,상해없음,보행자,남,49세,경상
노인운전자사고,2022022100100214,2022년 2월 21일 13시,월요일,부산광역시 북구 덕천동,경상사고,0,0,1,0,차대차 - 측면충돌,신호위반,건조,맑음,교차로 - 교차로안,승용,남,82세,상해없음,승용,남,68세,경상
노인운전자사고,2022022100100284,2022년 2월 21일 15시,월요일,부산광역시 동래구 사직동,중상사고,0,1,0,0,차대차 - 기타,안전운전불이행,건조,맑음,교차로 - 교차로안,승합,남,71세,상해없음,승합,남,58세,기타불명
노인운전자사고,2022022100100325,2022년 2월 21일 16시,월요일,부산광역시 사하구 신평동,경상사고,0,0,1,0,차대차 - 추돌,교차로운행방법위반,건조,맑음,교차로 - 교차로안,승용,남,71세,상해없음,화물,남,24세,경상
노인운전자사고,2.02202E+15,2022년 2월 21일 17시,월요일,부산광역시 부산진구 범천동,경상사고,0,0,1,0,차대차 - 추돌,안전운전불이행,건조,맑음,단일로 - 기타,승합,남,73세,상해없음,승용,남,40세,경상
노인운전자사고,2022022200100023,2022년 2월 22일 06시,화요일,부산광역시 사하구 괴정동,중상사고,0,1,0,0,차대차 - 추돌,안전운전불이행,건조,맑음,단일로 - 기타,승용,여,65세,상해없음,자전거,남,60세,중상
노인운전자사고,2022022200100059,2022년 2월 22일 08시,화요일,부산광역시 중구 부평동1가,부상신고사고,0,0,0,1,차대차 - 측면충돌,중앙선침범,건조,맑음,교차로 - 교차로부근,이륜,남,66세,부상신고,승용,남,31세,상해없음
노인운전자사고,2.02202E+15,2022년 2월 22일 08시,화요일,부산광역시 영도구 청학동,경상사고,0,0,1,0,차대차 - 측면충돌,신호위반,건조,맑음,교차로 - 교차로부근,승용,남,68세,상해없음,승합,남,56세,상해없음
노인운전자사고,2022022200100166,2022년 2월 22일 12시,화요일,부산광역시 동구 초량동,경상사고,0,0,1,0,차대사람 - 차도통행중,안전운전불이행,건조,맑음,교차로 - 교차로부근,승용,남,66세,기타불명,보행자,여,32세,경상
노인운전자사고,2022022200100317,2022년 2월 22일 17시,화요일,부산광역시 동래구 명륜동,경상사고,0,0,1,0,차대차 - 측면충돌,안전운전불이행,건조,맑음,단일로 - 기타,승용,남,67세,상해없음,승용,남,67세,경상
노인운전자사고,2022022200100393,2022년 2월 22일 19시,화요일,부산광역시 영도구 남항동3가,경상사고,0,0,2,0,차대차 - 추돌,안전운전불이행,건조,맑음,교차로 - 교차로안,승용,남,69세,상해없음,화물,남,64세,경상
노인운전자사고,2022022200100425,2022년 2월 22일 20시,화요일,부산광역시 부산진구 부전동,경상사고,0,0,1,0,차대사람 - 기타,안전운전불이행,건조,맑음,단일로 - 기타,승용,남,71세,상해없음,보행자,남,49세,경상
노인운전자사고,2022022300100086,2022년 2월 23일 10시,수요일,부산광역시 부산진구 전포동,중상사고,0,2,0,0,차대차 - 측면충돌,안전거리미확보,건조,맑음,단일로 - 기타,승용,남,65세,상해없음,승용,남,36세,중상
노인운전자사고,2022022300100117,2022년 2월 23일 11시,수요일,부산광역시 남구 문현동,중상사고,0,1,0,0,차대사람 - 기타,안전운전불이행,건조,맑음,기타 - 기타,화물,남,66세,상해없음,보행자,여,73세,중상
노인운전자사고,2022022300100178,2022년 2월 23일 13시,수요일,부산광역시 사하구 장림동,중상사고,0,1,0,0,차대사람 - 기타,안전운전불이행,건조,맑음,기타 - 기타,화물,남,65세,상해없음,보행자,여,60세,중상
노인운전자사고,2022022300100204,2022년 2월 23일 14시,수요일,부산광역시 해운대구 재송동,경상사고,0,0,1,0,차대차 - 추돌,안전운전불이행,건조,맑음,단일로 - 기타,승용,여,65세,상해없음,승합,남,57세,경상
노인운전자사고,2022022300100402,2022년 2월 23일 20시,수요일,부산광역시 수영구 수영동,경상사고,0,0,2,0,차대차 - 측면충돌,안전운전불이행,건조,맑음,교차로 - 교차로안,승용,여,73세,상해없음,승용,남,33세,경상
노인운전자사고,2022022300100421,2022년 2월 23일 21시,수요일,부산광역시 남구 대연동,중상사고,0,1,0,0,차대사람 - 보도통행중,안전운전불이행,건조,맑음,교차로 - 교차로안,승용,남,73세,상해없음,보행자,남,67세,중상
노인운전자사고,2022022400100099,2022년 2월 24일 09시,목요일,부산광역시 부산진구 부암동,중상사고,0,1,0,0,차대차 - 측면충돌,안전거리미확보,건조,맑음,기타 - 기타,승용,남,79세,상해없음,승용,여,67세,중상
노인운전자사고,2022022400100101,2022년 2월 24일 09시,목요일,부산광역시 강서구 대저2동,중상사고,0,2,0,0,차대차 - 기타,신호위반,건조,맑음,교차로 - 교차로안,승용,남,78세,상해없음,승용,남,57세,상해없음
노인운전자사고,2.02202E+15,2022년 2월 24일 10시,목요일,부산광역시 남구 대연동,중상사고,0,1,0,0,차대차 - 추돌,기타,건조,맑음,교차로 - 교차로안,승용,여,66세,상해없음,이륜,남,33세,중상
노인운전자사고,2022022400100275,2022년 2월 24일 15시,목요일,부산광역시 수영구 망미동,경상사고,0,0,1,0,차대차 - 측면충돌,교차로운행방법위반,건조,맑음,교차로 - 교차로부근,승용,여,65세,상해없음,승용,남,41세,경상
노인운전자사고,2022022400100345,2022년 2월 24일 17시,목요일,부산광역시 해운대구 재송동,경상사고,0,0,1,0,차대사람 - 횡단중,보행자보호의무위반,건조,맑음,교차로 - 교차로안,승합,남,67세,상해없음,보행자,여,21세,경상
노인운전자사고,2022022400100346,2022년 2월 24일 17시,목요일,부산광역시 금정구 노포동,경상사고,0,0,1,0,차대차 - 측면충돌,안전운전불이행,건조,맑음,단일로 - 기타,원동기,남,68세,경상,승용,여,46세,상해없음
노인운전자사고,2022022400100424,2022년 2월 24일 19시,목요일,부산광역시 수영구 광안동,경상사고,0,0,2,0,차대차 - 측면충돌,안전운전불이행,건조,맑음,교차로 - 교차로부근,승용,여,70세,상해없음,승용,남,28세,경상
노인운전자사고,2022022400100508,2022년 2월 24일 22시,목요일,부산광역시 사하구 하단동,중상사고,0,1,0,0,차대사람 - 횡단중,보행자보호의무위반,건조,맑음,교차로 - 교차로안,화물,남,70세,기타불명,보행자,여,57세,중상
노인운전자사고,2022022500100044,2022년 2월 25일 07시,금요일,부산광역시 사하구 장림동,경상사고,0,0,1,0,차대차 - 후진중충돌,안전운전불이행,건조,맑음,기타 - 기타,승용,남,70세,상해없음,승용,남,27세,경상
노인운전자사고,2022022500100302,2022년 2월 25일 15시,금요일,부산광역시 연제구 연산동,중상사고,0,1,0,0,차대사람 - 횡단중,신호위반,건조,맑음,단일로 - 기타,승합,남,67세,상해없음,보행자,여,62세,중상
노인운전자사고,2022022500100539,2022년 2월 25일 22시,금요일,부산광역시 영도구 봉래동4가,경상사고,0,0,2,0,차대차 - 정면충돌,교차로운행방법위반,건조,맑음,교차로 - 교차로횡단보도내,승용,남,70세,기타불명,승용,남,36세,경상
노인운전자사고,2022022600100059,2022년 2월 26일 07시,토요일,부산광역시 기장군 정관읍,중상사고,0,1,0,0,차대차 - 측면충돌,신호위반,건조,맑음,교차로 - 교차로안,승용,남,65세,상해없음,승용,여,60세,중상
노인운전자사고,2022022600100417,2022년 2월 26일 20시,토요일,부산광역시 연제구 연산동,경상사고,0,0,1,0,차대차 - 기타,교차로운행방법위반,건조,맑음,교차로 - 교차로횡단보도내,승용,남,76세,상해없음,자전거,남,62세,경상
노인운전자사고,2022022700100034,2022년 2월 27일 08시,일요일,부산광역시 부산진구 연지동,중상사고,0,1,0,0,차대사람 - 횡단중,보행자보호의무위반,건조,맑음,단일로 - 기타,승합,여,68세,상해없음,보행자,여,58세,중상
노인운전자사고,2022022700100334,2022년 2월 27일 21시,일요일,부산광역시 부산진구 부전동,경상사고,0,0,1,0,차대차 - 측면충돌,안전운전불이행,건조,맑음,교차로 - 교차로안,승용,남,67세,상해없음,승용,남,24세,경상
노인운전자사고,2022022800100061,2022년 2월 28일 08시,월요일,부산광역시 연제구 거제동,경상사고,0,0,1,0,차대차 - 기타,교차로운행방법위반,건조,맑음,교차로 - 교차로안,화물,남,65세,상해없음,화물,남,44세,경상
노인운전자사고,2.02202E+15,2022년 2월 28일 10시,월요일,부산광역시 연제구 연산동,중상사고,0,2,0,0,차대사람 - 횡단중,안전운전불이행,건조,맑음,단일로 - 기타,이륜,남,81세,상해없음,보행자,여,83세,중상
노인운전자사고,2022022800100209,2022년 2월 28일 13시,월요일,부산광역시 서구 암남동,중상사고,0,1,0,0,차대사람 - 기타,안전운전불이행,건조,맑음,교차로 - 교차로안,화물,남,75세,상해없음,보행자,여,83세,중상
노인운전자사고,2.02202E+15,2022년 2월 28일 13시,월요일,부산광역시 남구 대연동,중상사고,0,1,0,0,차대사람 - 길가장자리구역통행중,안전운전불이행,건조,맑음,교차로 - 교차로부근,화물,남,75세,상해없음,보행자,여,90세,중상
노인운전자사고,2022022800100211,2022년 2월 28일 13시,월요일,부산광역시 남구 용호동,중상사고,0,1,0,0,차대사람 - 기타,기타,건조,맑음,단일로 - 기타,승용,남,70세,상해없음,보행자,여,63세,중상
노인운전자사고,2.02202E+15,2022년 2월 28일 17시,월요일,부산광역시 강서구 대저1동,중상사고,0,1,0,0,차대차 - 측면충돌,안전운전불이행,건조,맑음,단일로 - 기타,화물,남,71세,상해없음,이륜,남,64세,중상
노인운전자사고,2022022800100392,2022년 2월 28일 18시,월요일,부산광역시 사상구 모라동,경상사고,0,0,2,0,차대차 - 기타,안전운전불이행,건조,맑음,단일로 - 기타,특수,남,65세,상해없음,승용,남,55세,경상
노인운전자사고,2022022800100514,2022년 2월 28일 22시,월요일,부산광역시 금정구 남산동,경상사고,0,0,1,0,차대사람 - 기타,안전운전불이행,건조,맑음,교차로 - 교차로부근,승용,남,72세,상해없음,보행자,남,44세,경상
노인운전자사고,2022030100100037,2022년 3월 1일 08시,화요일,부산광역시 해운대구 우동,중상사고,0,1,0,0,차대차 - 측면충돌,신호위반,건조,맑음,교차로 - 교차로부근,승용,남,66세,상해없음,이륜,남,22세,중상
노인운전자사고,2022030100100062,2022년 3월 1일 10시,화요일,부산광역시 북구 금곡동,경상사고,0,0,1,0,차대차 - 기타,안전운전불이행,젖음/습기,비,단일로 - 기타,승용,남,76세,상해없음,이륜,여,19세,경상
노인운전자사고,2.02203E+15,2022년 3월 1일 11시,화요일,부산광역시 동래구 명장동,경상사고,0,0,3,0,차대차 - 측면충돌,신호위반,건조,맑음,교차로 - 교차로안,승용,남,84세,상해없음,승용,여,52세,경상
노인운전자사고,2022030100100152,2022년 3월 1일 14시,화요일,부산광역시 해운대구 중동,중상사고,0,1,0,0,차대차 - 기타,안전운전불이행,건조,맑음,단일로 - 기타,승용,남,68세,상해없음,이륜,남,35세,중상
노인운전자사고,2022030100100262,2022년 3월 1일 18시,화요일,부산광역시 부산진구 범천동,경상사고,0,0,1,0,차대차 - 측면충돌,안전거리미확보,건조,맑음,교차로 - 교차로부근,승용,남,69세,상해없음,이륜,남,33세,경상
노인운전자사고,2022030200100057,2022년 3월 2일 08시,수요일,부산광역시 부산진구 개금동,중상사고,0,1,0,1,차대차 - 기타,교차로운행방법위반,건조,기타,교차로 - 교차로부근,이륜,남,69세,부상신고,승용,남,48세,상해없음
노인운전자사고,2022030200100058,2022년 3월 2일 08시,수요일,부산광역시 부산진구 범천동,경상사고,0,0,1,0,차대차 - 기타,차로위반,건조,맑음,단일로 - 기타,승용,남,73세,상해없음,승용,남,51세,경상
노인운전자사고,2022030200100283,2022년 3월 2일 15시,수요일,부산광역시 중구 대청동1가,경상사고,0,0,1,0,차대사람 - 기타,안전운전불이행,건조,맑음,단일로 - 기타,승용,여,65세,상해없음,보행자,여,30세,경상
노인운전자사고,2022030200100284,2022년 3월 2일 15시,수요일,부산광역시 서구 부용동1가,중상사고,0,1,0,0,차대차 - 측면충돌,교차로운행방법위반,건조,맑음,교차로 - 교차로안,승용,남,66세,상해없음,원동기,남,54세,중상
노인운전자사고,2022030200100285,2022년 3월 2일 15시,수요일,부산광역시 금정구 금사동,경상사고,0,0,1,0,차대차 - 측면충돌,신호위반,건조,맑음,교차로 - 교차로안,승용,남,73세,상해없음,승용,여,73세,경상
노인운전자사고,2022030200100395,2022년 3월 2일 18시,수요일,부산광역시 중구 부평동2가,경상사고,0,0,2,0,차대차 - 측면충돌,안전운전불이행,건조,맑음,단일로 - 기타,승용,남,65세,상해없음,승용,여,38세,경상