사고부문,사고번호,사고일시,요일,시군구,사고내용,사망자수,중상자수,경상자수,부상신고자수,사고유형,법규위반,노면상태,기상상태,도로형태,가해운전자 차종,가해운전자 성별,가해운전자 연령,가해운전자 상해정도,피해운전자 차종,피해운전자 성별,피해운전자 연령,피해운전자 상해정도
노인운전자사고,2022030200100398,2022년 3월 2일 18시,수요일,부산광역시 남구 문현동,경상사고,0,0,1,0,차대차 - 측면충돌,차로위반,건조,맑음,단일로 - 기타,승용,남,66세,기타불명,승용,여,37세,경상
노인운전자사고,2022030300100042,2022년 3월 3일 07시,목요일,부산광역시 사하구 괴정동,경상사고,0,0,1,0,차대사람 - 횡단중,신호위반,건조,맑음,단일로 - 기타,승용,남,79세,상해없음,보행자,여,18세,경상
노인운전자사고,2022030300100142,2022년 3월 3일 10시,목요일,부산광역시 해운대구 반송동,중상사고,0,1,0,0,차대사람 - 횡단중,보행자보호의무위반,건조,맑음,교차로 - 교차로안,승용,남,68세,상해없음,보행자,남,49세,중상
노인운전자사고,2022030300100196,2022년 3월 3일 12시,목요일,부산광역시 금정구 장전동,경상사고,0,0,1,0,차대차 - 기타,안전거리미확보,건조,맑음,단일로 - 기타,승용,남,71세,상해없음,승합,남,41세,상해없음
노인운전자사고,2.02203E+15,2022년 3월 3일 13시,목요일,부산광역시 사하구 하단동,경상사고,0,0,2,0,차대차 - 기타,교차로운행방법위반,건조,맑음,교차로 - 교차로안,승용,남,74세,상해없음,승용,남,58세,상해없음
노인운전자사고,2022030300100279,2022년 3월 3일 15시,목요일,부산광역시 동구 초량동,경상사고,0,0,1,0,차대차 - 측면충돌,신호위반,건조,맑음,교차로 - 교차로안,승용,남,68세,상해없음,승용,여,24세,경상
노인운전자사고,2022030300100491,2022년 3월 3일 22시,목요일,부산광역시 동래구 사직동,경상사고,0,0,1,0,차대차 - 측면충돌,신호위반,건조,맑음,단일로 - 지하차도(도로)내,승용,남,66세,상해없음,개인형이동수단(PM),남,22세,경상
노인운전자사고,2022030400100031,2022년 3월 4일 07시,금요일,부산광역시 사하구 신평동,경상사고,0,0,1,0,차대차 - 측면충돌,안전운전불이행,건조,맑음,단일로 - 기타,승합,남,65세,상해없음,승용,남,69세,경상
노인운전자사고,2022030400100221,2022년 3월 4일 15시,금요일,부산광역시 동구 좌천동,중상사고,0,1,0,0,차대차 - 정면충돌,신호위반,건조,맑음,단일로 - 기타,자전거,남,66세,중상,승용,남,27세,상해없음
노인운전자사고,2022030500100019,2022년 3월 5일 02시,토요일,부산광역시 부산진구 개금동,경상사고,0,0,1,0,차대차 - 측면충돌,신호위반,건조,맑음,교차로 - 교차로안,승용,남,66세,상해없음,승용,남,27세,경상
노인운전자사고,2022030500100069,2022년 3월 5일 09시,토요일,부산광역시 부산진구 개금동,경상사고,0,0,1,0,차대사람 - 기타,안전운전불이행,건조,맑음,기타 - 기타,승용,남,65세,상해없음,보행자,여,80세,경상
노인운전자사고,2022030500100089,2022년 3월 5일 10시,토요일,부산광역시 사하구 장림동,경상사고,0,0,1,0,차대차 - 기타,안전운전불이행,건조,맑음,교차로 - 교차로안,승용,남,72세,상해없음,이륜,남,42세,경상
노인운전자사고,2022030500100231,2022년 3월 5일 14시,토요일,부산광역시 부산진구 양정동,경상사고,0,0,1,0,차대차 - 추돌,안전운전불이행,건조,맑음,교차로 - 교차로안,승용,여,65세,기타불명,승용,남,42세,경상
노인운전자사고,2022030500100315,2022년 3월 5일 17시,토요일,부산광역시 동래구 온천동,경상사고,0,0,1,0,차대차 - 기타,신호위반,건조,맑음,교차로 - 교차로안,승용,남,78세,상해없음,승용,남,64세,경상
노인운전자사고,2022030600100001,2022년 3월 6일 00시,일요일,부산광역시 수영구 민락동,경상사고,0,0,1,0,차대사람 - 차도통행중,안전운전불이행,건조,맑음,단일로 - 기타,승용,남,73세,상해없음,보행자,남,22세,경상
노인운전자사고,2022030600100029,2022년 3월 6일 05시,일요일,부산광역시 부산진구 양정동,중상사고,0,1,0,0,차대사람 - 횡단중,안전운전불이행,건조,맑음,단일로 - 기타,승용,남,67세,상해없음,보행자,여,53세,중상
노인운전자사고,2022030600100132,2022년 3월 6일 14시,일요일,부산광역시 남구 대연동,경상사고,0,0,2,0,차대차 - 추돌,기타,건조,맑음,교차로 - 교차로안,승용,남,66세,상해없음,승용,남,42세,경상
노인운전자사고,2.02203E+15,2022년 3월 7일 09시,월요일,부산광역시 동래구 수안동,경상사고,0,0,1,0,차대차 - 추돌,안전운전불이행,건조,맑음,단일로 - 기타,승용,남,69세,기타불명,승용,남,52세,경상
노인운전자사고,2022030700100101,2022년 3월 7일 09시,월요일,부산광역시 사상구 감전동,경상사고,0,0,1,0,차대차 - 추돌,안전운전불이행,건조,맑음,단일로 - 기타,화물,남,65세,상해없음,화물,남,57세,경상
노인운전자사고,2022030700100222,2022년 3월 7일 14시,월요일,부산광역시 사상구 주례동,경상사고,0,0,1,0,차대차 - 측면충돌,차로위반,건조,맑음,단일로 - 기타,승용,남,69세,상해없음,승용,남,48세,경상
노인운전자사고,2022030700100346,2022년 3월 7일 19시,월요일,부산광역시 연제구 연산동,경상사고,0,0,1,0,차대차 - 기타,안전운전불이행,건조,맑음,교차로 - 교차로부근,승용,남,72세,상해없음,자전거,남,28세,경상
노인운전자사고,2022030700100397,2022년 3월 7일 22시,월요일,부산광역시 남구 대연동,중상사고,0,1,0,0,차대사람 - 기타,안전운전불이행,건조,맑음,단일로 - 기타,승용,남,68세,상해없음,보행자,남,32세,중상
노인운전자사고,2022030700100418,2022년 3월 7일 23시,월요일,부산광역시 연제구 연산동,중상사고,0,1,2,0,차대차 - 정면충돌,안전운전불이행,건조,맑음,교차로 - 교차로안,승용,남,65세,기타불명,승용,남,59세,경상
노인운전자사고,2022030800100001,2022년 3월 8일 00시,화요일,부산광역시 부산진구 양정동,경상사고,0,0,1,0,차대차 - 추돌,안전거리미확보,건조,맑음,단일로 - 기타,승용,남,72세,상해없음,승용,남,29세,경상
노인운전자사고,2022030800100044,2022년 3월 8일 08시,화요일,부산광역시 사상구 덕포동,경상사고,0,0,1,0,차대차 - 측면충돌,안전운전불이행,건조,맑음,교차로 - 교차로안,원동기,남,75세,경상,승합,여,50세,상해없음
노인운전자사고,2.02203E+15,2022년 3월 8일 09시,화요일,부산광역시 사하구 구평동,중상사고,0,1,0,0,차대차 - 정면충돌,안전운전불이행,건조,맑음,교차로 - 교차로안,화물,남,75세,상해없음,이륜,남,40세,중상
노인운전자사고,2022030800100181,2022년 3월 8일 13시,화요일,부산광역시 남구 대연동,부상신고사고,0,0,0,1,차대차 - 측면충돌,기타,건조,맑음,단일로 - 기타,승용,남,68세,상해없음,이륜,남,52세,부상신고
노인운전자사고,2022030800100241,2022년 3월 8일 15시,화요일,부산광역시 연제구 거제동,경상사고,0,0,2,0,차대차 - 측면충돌,안전거리미확보,건조,맑음,단일로 - 기타,승용,남,65세,경상,승용,여,31세,경상
노인운전자사고,2.02203E+15,2022년 3월 8일 17시,화요일,부산광역시 금정구 구서동,경상사고,0,0,1,0,차대차 - 측면충돌,기타,건조,맑음,교차로 - 교차로안,승용,여,66세,상해없음,승용,여,38세,경상
노인운전자사고,2022030900100061,2022년 3월 9일 08시,수요일,부산광역시 강서구 강동동,중상사고,0,1,2,0,차대차 - 기타,안전거리미확보,건조,맑음,단일로 - 기타,화물,남,69세,중상,승용,남,30세,경상
노인운전자사고,2022030900100301,2022년 3월 9일 18시,수요일,부산광역시 해운대구 재송동,경상사고,0,0,1,0,차대차 - 추돌,안전운전불이행,건조,맑음,단일로 - 기타,승용,여,67세,상해없음,승용,여,54세,경상
노인운전자사고,2022031000100016,2022년 3월 10일 03시,목요일,부산광역시 남구 용당동,경상사고,0,0,1,0,차대사람 - 기타,보행자보호의무위반,건조,맑음,교차로 - 교차로안,승용,남,68세,상해없음,보행자,남,42세,경상
노인운전자사고,2022031000100168,2022년 3월 10일 12시,목요일,부산광역시 수영구 광안동,경상사고,0,0,2,0,차대차 - 측면충돌,신호위반,건조,맑음,교차로 - 교차로안,화물,남,66세,상해없음,화물,남,29세,경상
노인운전자사고,2022031000100251,2022년 3월 10일 15시,목요일,부산광역시 부산진구 연지동,중상사고,0,1,0,0,차대차 - 기타,안전운전불이행,건조,맑음,교차로 - 교차로안,승용,남,72세,상해없음,이륜,남,51세,중상
노인운전자사고,2022031000100271,2022년 3월 10일 16시,목요일,부산광역시 동구 수정동,경상사고,0,0,1,0,차대차 - 정면충돌,안전운전불이행,건조,맑음,단일로 - 기타,승용,남,69세,상해없음,자전거,남,12세,경상
노인운전자사고,2022031000100307,2022년 3월 10일 17시,목요일,부산광역시 금정구 장전동,경상사고,0,0,1,0,차대차 - 추돌,안전운전불이행,건조,맑음,단일로 - 지하차도(도로)내,승용,남,70세,상해없음,승용,여,38세,경상
노인운전자사고,2022031000100329,2022년 3월 10일 18시,목요일,부산광역시 동래구 사직동,경상사고,0,0,1,0,차대차 - 측면충돌,교차로운행방법위반,건조,맑음,교차로 - 교차로안,화물,남,65세,상해없음,승용,여,51세,경상
노인운전자사고,2022031000100378,2022년 3월 10일 20시,목요일,부산광역시 남구 우암동,경상사고,0,0,1,0,차대차 - 정면충돌,신호위반,건조,맑음,교차로 - 교차로안,승용,남,66세,상해없음,자전거,남,30세,경상
노인운전자사고,2022031100100062,2022년 3월 11일 08시,금요일,부산광역시 기장군 일광읍,경상사고,0,0,1,0,차대차 - 기타,안전운전불이행,건조,맑음,교차로 - 교차로부근,승용,남,82세,상해없음,이륜,남,33세,경상
노인운전자사고,2022031100100144,2022년 3월 11일 11시,금요일,부산광역시 수영구 망미동,경상사고,0,0,1,0,차대차 - 기타,신호위반,건조,맑음,교차로 - 교차로부근,승용,남,66세,상해없음,이륜,남,29세,경상
노인운전자사고,2022031100100175,2022년 3월 11일 12시,금요일,부산광역시 부산진구 가야동,경상사고,0,0,5,0,차대차 - 측면충돌,안전운전불이행,건조,맑음,단일로 - 기타,승용,남,67세,상해없음,승용,남,52세,경상
노인운전자사고,2022031200100053,2022년 3월 12일 09시,토요일,부산광역시 동래구 온천동,경상사고,0,0,1,0,차대사람 - 기타,안전운전불이행,건조,맑음,단일로 - 기타,승용,남,68세,상해없음,보행자,여,19세,경상
노인운전자사고,2022031300100223,2022년 3월 13일 18시,일요일,부산광역시 부산진구 범천동,부상신고사고,0,0,0,1,차대사람 - 기타,안전운전불이행,건조,맑음,단일로 - 기타,승합,남,67세,부상신고,보행자,여,67세,기타불명
노인운전자사고,2022031400100049,2022년 3월 14일 08시,월요일,부산광역시 사상구 덕포동,중상사고,0,1,0,0,차대사람 - 차도통행중,안전운전불이행,건조,맑음,주차장 - 주차장,승용,남,67세,상해없음,보행자,여,56세,중상
노인운전자사고,2022031400100164,2022년 3월 14일 12시,월요일,부산광역시 남구 용호동,경상사고,0,0,1,0,차대차 - 측면충돌,안전운전불이행,건조,맑음,교차로 - 교차로안,승용,남,69세,상해없음,승용,여,57세,경상
노인운전자사고,2.02203E+15,2022년 3월 14일 14시,월요일,부산광역시 부산진구 연지동,경상사고,0,0,1,0,차대차 - 추돌,안전운전불이행,건조,흐림,단일로 - 기타,건설기계,남,66세,상해없음,승용,여,38세,경상
노인운전자사고,2022031400100355,2022년 3월 14일 19시,월요일,부산광역시 동구 초량동,중상사고,0,1,0,0,차대사람 - 기타,안전운전불이행,건조,맑음,단일로 - 기타,승용,남,67세,상해없음,보행자,여,67세,중상
노인운전자사고,2022031500100152,2022년 3월 15일 11시,화요일,부산광역시 부산진구 전포동,경상사고,0,0,1,0,차대차 - 측면충돌,안전운전불이행,건조,맑음,교차로 - 교차로부근,화물,남,68세,기타불명,이륜,남,34세,경상
노인운전자사고,2022031500100183,2022년 3월 15일 12시,화요일,부산광역시 수영구 광안동,중상사고,0,1,0,0,차대사람 - 기타,안전운전불이행,건조,맑음,단일로 - 기타,승용,남,68세,상해없음,보행자,여,78세,중상
노인운전자사고,2022031500100258,2022년 3월 15일 15시,화요일,부산광역시 사하구 괴정동,경상사고,0,0,1,0,차대사람 - 기타,안전운전불이행,건조,맑음,단일로 - 기타,승용,남,67세,상해없음,보행자,여,43세,경상
노인운전자사고,2022031500100404,2022년 3월 15일 20시,화요일,부산광역시 부산진구 전포동,경상사고,0,0,1,0,차대차 - 기타,안전운전불이행,건조,맑음,단일로 - 기타,승용,남,66세,상해없음,이륜,남,25세,경상
노인운전자사고,2022031500100439,2022년 3월 15일 22시,화요일,부산광역시 부산진구 범천동,중상사고,0,1,0,0,차대차 - 기타,안전운전불이행,건조,맑음,단일로 - 기타,승용,남,67세,상해없음,이륜,남,35세,중상
노인운전자사고,2022031600100019,2022년 3월 16일 05시,수요일,부산광역시 부산진구 범천동,경상사고,0,0,2,0,차대차 - 기타,신호위반,건조,맑음,교차로 - 교차로안,승용,남,66세,상해없음,승용,남,65세,경상
노인운전자사고,2022031600100178,2022년 3월 16일 12시,수요일,부산광역시 금정구 서동,경상사고,0,0,1,0,차대차 - 측면충돌,직진우회전진행방해,건조,맑음,교차로 - 교차로부근,승용,남,72세,상해없음,승용,여,38세,경상
노인운전자사고,2022031700100147,2022년 3월 17일 12시,목요일,부산광역시 사하구 신평동,중상사고,0,1,0,0,차대차 - 기타,신호위반,건조,맑음,교차로 - 교차로안,이륜,남,67세,중상,승용,남,79세,상해없음
노인운전자사고,2022031700100411,2022년 3월 17일 21시,목요일,부산광역시 동래구 안락동,경상사고,0,0,2,0,차량단독 - 공작물충돌,안전운전불이행,젖음/습기,맑음,단일로 - 터널,승용,남,68세,상해없음,,,,
노인운전자사고,2022031800100105,2022년 3월 18일 11시,금요일,부산광역시 사하구 당리동,경상사고,0,0,1,0,차대차 - 추돌,안전운전불이행,건조,맑음,단일로 - 기타,승용,남,75세,상해없음,승용,남,34세,경상
노인운전자사고,2022031900100104,2022년 3월 19일 11시,토요일,부산광역시 금정구 부곡동,경상사고,0,0,2,0,차대차 - 추돌,안전운전불이행,젖음/습기,비,단일로 - 기타,화물,남,65세,상해없음,승용,남,41세,상해없음
노인운전자사고,2022031900100272,2022년 3월 19일 17시,토요일,부산광역시 기장군 장안읍,경상사고,0,0,2,0,차대차 - 후진중충돌,안전운전불이행,건조,맑음,단일로 - 기타,승용,여,67세,상해없음,승용,남,53세,경상
노인운전자사고,2022032000100168,2022년 3월 20일 16시,일요일,부산광역시 사하구 당리동,경상사고,0,0,1,0,차대차 - 추돌,교차로운행방법위반,건조,맑음,교차로 - 교차로안,승용,남,71세,상해없음,원동기,남,57세,경상
노인운전자사고,2022032100100162,2022년 3월 21일 12시,월요일,부산광역시 강서구 대저2동,경상사고,0,0,1,0,차대사람 - 차도통행중,안전운전불이행,건조,맑음,단일로 - 기타,승용,남,65세,상해없음,보행자,여,18세,경상
노인운전자사고,2022032100100294,2022년 3월 21일 17시,월요일,부산광역시 동래구 온천동,경상사고,0,0,1,0,차대사람 - 기타,안전운전불이행,건조,맑음,교차로 - 교차로부근,승합,남,79세,상해없음,보행자,남,24세,경상
노인운전자사고,2022032100100422,2022년 3월 21일 23시,월요일,부산광역시 사하구 당리동,중상사고,0,1,1,0,차대차 - 추돌,신호위반,젖음/습기,비,교차로 - 교차로안,승용,남,66세,상해없음,승용,남,30세,경상
노인운전자사고,2022032200100057,2022년 3월 22일 09시,화요일,부산광역시 기장군 기장읍,경상사고,0,0,2,0,차대사람 - 기타,안전운전불이행,건조,맑음,단일로 - 기타,승용,여,65세,상해없음,보행자,남,66세,경상
노인운전자사고,2022032200100113,2022년 3월 22일 11시,화요일,부산광역시 북구 만덕동,중상사고,0,1,0,0,차대차 - 측면충돌,교차로운행방법위반,건조,맑음,교차로 - 교차로안,승용,남,66세,상해없음,원동기,남,27세,중상
노인운전자사고,2022032200100286,2022년 3월 22일 17시,화요일,부산광역시 사하구 하단동,중상사고,0,1,0,0,차대차 - 기타,차로위반,건조,맑음,단일로 - 기타,승용,남,71세,상해없음,이륜,남,46세,중상
노인운전자사고,2022032200100378,2022년 3월 22일 20시,화요일,부산광역시 동구 좌천동,중상사고,0,1,0,0,차대사람 - 횡단중,안전운전불이행,건조,맑음,단일로 - 기타,승용,남,74세,상해없음,보행자,여,61세,중상
노인운전자사고,2022032300100045,2022년 3월 23일 07시,수요일,부산광역시 강서구 녹산동,부상신고사고,0,0,0,1,차대차 - 추돌,안전거리미확보,건조,맑음,단일로 - 기타,이륜,남,71세,상해없음,승용,남,58세,부상신고
노인운전자사고,2022032300100102,2022년 3월 23일 10시,수요일,부산광역시 해운대구 우동,중상사고,0,1,0,0,차대사람 - 횡단중,보행자보호의무위반,건조,맑음,교차로 - 교차로부근,화물,남,69세,상해없음,보행자,남,54세,중상
노인운전자사고,2022032300100129,2022년 3월 23일 11시,수요일,부산광역시 기장군 일광읍,중상사고,0,1,2,0,차대차 - 추돌,안전운전불이행,건조,맑음,교차로 - 교차로부근,건설기계,남,66세,상해없음,승용,남,46세,중상
노인운전자사고,2022032300100225,2022년 3월 23일 15시,수요일,부산광역시 남구 문현동,경상사고,0,0,4,0,차대차 - 정면충돌,교차로운행방법위반,건조,맑음,교차로 - 교차로안,승용,남,73세,기타불명,승용,여,37세,경상
노인운전자사고,2022032300100278,2022년 3월 23일 17시,수요일,부산광역시 연제구 연산동,중상사고,0,1,0,0,차대차 - 측면충돌,신호위반,건조,맑음,교차로 - 교차로안,승용,남,77세,상해없음,이륜,남,36세,중상
노인운전자사고,2022032300100279,2022년 3월 23일 17시,수요일,부산광역시 기장군 정관읍,경상사고,0,0,1,0,차대차 - 기타,중앙선침범,건조,맑음,교차로 - 교차로부근,승용,남,71세,상해없음,이륜,남,40세,경상
노인운전자사고,2022032300100343,2022년 3월 23일 19시,수요일,부산광역시 중구 대청동3가,중상사고,0,1,0,0,차대차 - 측면충돌,신호위반,건조,맑음,단일로 - 기타,승용,남,68세,상해없음,이륜,여,26세,중상
노인운전자사고,2.02203E+15,2022년 3월 24일 11시,목요일,부산광역시 사상구 모라동,경상사고,0,0,1,1,차대차 - 추돌,안전운전불이행,건조,맑음,단일로 - 터널,승용,남,81세,상해없음,승용,남,78세,부상신고
노인운전자사고,2022032400100152,2022년 3월 24일 12시,목요일,부산광역시 남구 문현동,중상사고,0,1,0,0,차대차 - 기타,신호위반,건조,맑음,교차로 - 교차로안,승용,남,71세,상해없음,이륜,남,75세,중상
노인운전자사고,2.02203E+15,2022년 3월 24일 15시,목요일,부산광역시 강서구 명지동,경상사고,0,0,2,0,차대차 - 추돌,안전운전불이행,건조,맑음,단일로 - 기타,승용,여,66세,상해없음,승용,남,32세,경상
노인운전자사고,2022032500100037,2022년 3월 25일 07시,금요일,부산광역시 금정구 회동동,중상사고,0,1,2,0,차대차 - 추돌,직진우회전진행방해,건조,맑음,교차로 - 교차로안,건설기계,남,69세,경상,화물,남,40세,경상
노인운전자사고,2022032500100038,2022년 3월 25일 07시,금요일,부산광역시 사상구 괘법동,중상사고,0,1,0,0,차대차 - 추돌,안전거리미확보,건조,맑음,단일로 - 지하차도(도로)내,승용,남,68세,기타불명,승합,남,47세,상해없음
노인운전자사고,2022032500100091,2022년 3월 25일 09시,금요일,부산광역시 동래구 명장동,경상사고,0,0,1,0,차대차 - 기타,안전운전불이행,건조,맑음,단일로 - 기타,승합,남,74세,상해없음,승용,남,35세,경상
노인운전자사고,2022032500100092,2022년 3월 25일 09시,금요일,부산광역시 연제구 거제동,경상사고,0,0,1,0,차대차 - 측면충돌,교차로운행방법위반,건조,맑음,교차로 - 교차로안,승용,남,70세,상해없음,원동기,남,75세,경상
노인운전자사고,2022032500100218,2022년 3월 25일 14시,금요일,부산광역시 북구 화명동,경상사고,0,0,1,0,차량단독 - 기타,기타,건조,맑음,단일로 - 지하차도(도로)내,승합,남,69세,상해없음,,,,
노인운전자사고,2022032500100249,2022년 3월 25일 15시,금요일,부산광역시 서구 서대신동3가,경상사고,0,0,1,0,차대사람 - 횡단중,신호위반,건조,맑음,교차로 - 교차로안,승용,남,85세,상해없음,보행자,여,73세,경상
노인운전자사고,2022032500100278,2022년 3월 25일 16시,금요일,부산광역시 서구 서대신동3가,경상사고,0,0,1,0,차대차 - 측면충돌,안전운전불이행,건조,맑음,교차로 - 교차로안,승용,남,65세,상해없음,승용,남,64세,경상
노인운전자사고,2022032600100183,2022년 3월 26일 13시,토요일,부산광역시 강서구 명지동,경상사고,0,0,5,0,차대차 - 추돌,안전거리미확보,건조,맑음,단일로 - 기타,승합,남,77세,상해없음,승용,여,28세,경상
노인운전자사고,2022032600100237,2022년 3월 26일 15시,토요일,부산광역시 연제구 연산동,경상사고,0,0,4,0,차대차 - 추돌,안전운전불이행,건조,맑음,단일로 - 기타,승용,여,65세,상해없음,승용,남,66세,경상
노인운전자사고,2022032700100309,2022년 3월 27일 20시,일요일,부산광역시 해운대구 중동,경상사고,0,0,1,0,차대차 - 추돌,안전운전불이행,건조,맑음,단일로 - 기타,승용,남,71세,상해없음,승용,여,50세,상해없음
노인운전자사고,2022032800100191,2022년 3월 28일 12시,월요일,부산광역시 북구 만덕동,중상사고,0,1,1,0,차대차 - 측면충돌,교차로운행방법위반,건조,맑음,교차로 - 교차로안,승용,남,68세,상해없음,승용,남,29세,경상
노인운전자사고,2022032800100241,2022년 3월 28일 14시,월요일,부산광역시 동구 초량동,경상사고,0,0,1,0,차대사람 - 보도통행중,기타,건조,맑음,기타 - 기타,자전거,남,74세,상해없음,보행자,여,36세,경상
노인운전자사고,2022032800100406,2022년 3월 28일 19시,월요일,부산광역시 연제구 연산동,경상사고,0,0,1,0,차대차 - 측면충돌,안전운전불이행,건조,맑음,단일로 - 기타,승용,남,68세,상해없음,승용,여,70세,경상
노인운전자사고,2022032800100465,2022년 3월 28일 22시,월요일,부산광역시 동구 좌천동,중상사고,0,2,1,0,차대차 - 추돌,안전운전불이행,건조,맑음,단일로 - 지하차도(도로)내,특수,남,67세,중상,특수,남,30세,중상
노인운전자사고,2.02203E+15,2022년 3월 28일 23시,월요일,부산광역시 수영구 민락동,경상사고,0,0,1,0,차대차 - 기타,안전운전불이행,건조,맑음,교차로 - 교차로안,승용,남,69세,상해없음,승용,남,44세,경상
노인운전자사고,2022032900100031,2022년 3월 29일 07시,화요일,부산광역시 동래구 안락동,경상사고,0,0,1,1,차대차 - 기타,안전운전불이행,건조,맑음,교차로 - 교차로안,자전거,남,75세,부상신고,승용,여,46세,경상
노인운전자사고,2022032900100108,2022년 3월 29일 10시,화요일,부산광역시 영도구 신선동2가,중상사고,0,1,0,0,차대사람 - 횡단중,안전운전불이행,건조,맑음,기타 - 기타,승용,남,77세,상해없음,보행자,여,72세,중상
노인운전자사고,2022032900100141,2022년 3월 29일 11시,화요일,부산광역시 수영구 남천동,부상신고사고,0,0,0,1,차대차 - 측면충돌,안전운전불이행,건조,맑음,단일로 - 기타,승용,남,71세,상해없음,승용,여,29세,부상신고
노인운전자사고,2022032900100159,2022년 3월 29일 12시,화요일,부산광역시 남구 용호동,중상사고,0,1,0,0,차대사람 - 횡단중,보행자보호의무위반,건조,맑음,단일로 - 기타,승용,남,74세,상해없음,보행자,여,68세,중상
노인운전자사고,2022032900100231,2022년 3월 29일 14시,화요일,부산광역시 영도구 동삼동,경상사고,0,0,1,0,차대차 - 정면충돌,안전거리미확보,건조,맑음,교차로 - 교차로부근,승용,여,71세,상해없음,승용,여,24세,경상
노인운전자사고,2022032900100289,2022년 3월 29일 16시,화요일,부산광역시 금정구 남산동,경상사고,0,0,1,0,차대차 - 추돌,안전운전불이행,건조,맑음,교차로 - 교차로부근,승용,남,65세,상해없음,이륜,남,41세,경상
노인운전자사고,2022032900100416,2022년 3월 29일 19시,화요일,부산광역시 동래구 사직동,경상사고,0,0,2,0,차대차 - 측면충돌,안전운전불이행,건조,맑음,단일로 - 기타,승용,남,72세,상해없음,승합,남,53세,경상
노인운전자사고,2022033000100114,2022년 3월 30일 10시,수요일,부산광역시 중구 남포동5가,중상사고,0,1,0,0,차대사람 - 차도통행중,교차로운행방법위반,건조,맑음,교차로 - 교차로부근,승용,남,82세,상해없음,보행자,여,76세,중상
노인운전자사고,2022033000100115,2022년 3월 30일 10시,수요일,부산광역시 중구 대청동3가,경상사고,0,0,1,0,차대차 - 측면충돌,중앙선침범,건조,맑음,교차로 - 교차로부근,이륜,남,68세,경상,승용,남,68세,상해없음
노인운전자사고,2022033000100135,2022년 3월 30일 11시,수요일,부산광역시 강서구 명지동,경상사고,0,0,2,0,차대차 - 측면충돌,안전운전불이행,건조,맑음,단일로 - 기타,승용,남,66세,상해없음,승용,남,67세,경상
노인운전자사고,2.02203E+15,2022년 3월 30일 14시,수요일,부산광역시 서구 암남동,사망사고,1,1,0,0,차대사람 - 기타,기타,건조,흐림,단일로 - 지하차도(도로)내,승용,남,78세,상해없음,보행자,여,64세,중상
노인운전자사고,2022033000100221,2022년 3월 30일 14시,수요일,부산광역시 부산진구 부전동,중상사고,0,1,0,0,차대차 - 측면충돌,기타,건조,맑음,단일로 - 기타,승용,남,74세,상해없음,이륜,남,58세,중상
노인운전자사고,2022033000100222,2022년 3월 30일 14시,수요일,부산광역시 수영구 수영동,중상사고,0,1,0,0,차대차 - 기타,안전운전불이행,건조,맑음,단일로 - 기타,자전거,남,70세,기타불명,자전거,여,66세,중상
노인운전자사고,2022033000100261,2022년 3월 30일 15시,수요일,부산광역시 부산진구 양정동,경상사고,0,0,1,0,차대차 - 측면충돌,안전거리미확보,건조,맑음,교차로 - 교차로안,승용,남,82세,상해없음,승용,남,28세,경상
노인운전자사고,2022033000100287,2022년 3월 30일 16시,수요일,부산광역시 동래구 안락동,경상사고,0,0,1,0,차대차 - 추돌,안전운전불이행,건조,맑음,단일로 - 지하차도(도로)내,승용,여,70세,상해없음,이륜,남,54세,경상
노인운전자사고,2022033000100345,2022년 3월 30일 18시,수요일,부산광역시 부산진구 부전동,경상사고,0,0,1,0,차대사람 - 기타,안전운전불이행,건조,맑음,교차로 - 교차로안,승용,남,65세,상해없음,보행자,여,58세,경상
노인운전자사고,2022033000100438,2022년 3월 30일 21시,수요일,부산광역시 연제구 거제동,중상사고,0,1,0,0,차대사람 - 기타,교차로운행방법위반,건조,맑음,교차로 - 교차로안,승용,남,71세,상해없음,보행자,남,52세,중상
노인운전자사고,2022033000100459,2022년 3월 30일 22시,수요일,부산광역시 수영구 수영동,경상사고,0,0,1,0,차대차 - 측면충돌,안전운전불이행,건조,맑음,교차로 - 교차로안,승용,남,66세,상해없음,승용,여,47세,경상
노인운전자사고,2.02203E+15,2022년 3월 31일 06시,목요일,부산광역시 북구 금곡동,중상사고,0,2,0,0,차대차 - 추돌,기타,건조,맑음,교차로 - 교차로부근,화물,남,66세,중상,승용,남,64세,중상
노인운전자사고,2022033100100064,2022년 3월 31일 08시,목요일,부산광역시 사하구 신평동,경상사고,0,0,1,0,차대차 - 측면충돌,안전운전불이행,건조,맑음,단일로 - 지하차도(도로)내,승용,여,67세,상해없음,승용,여,38세,경상
노인운전자사고,2022033100100104,2022년 3월 31일 10시,목요일,부산광역시 해운대구 중동,경상사고,0,0,1,0,차대사람 - 횡단중,신호위반,건조,맑음,교차로 - 교차로횡단보도내,승용,남,66세,상해없음,보행자,여,31세,경상