사고부문,사고번호,사고일시,요일,시군구,사고내용,사망자수,중상자수,경상자수,부상신고자수,사고유형,법규위반,노면상태,기상상태,도로형태,가해운전자 차종,가해운전자 성별,가해운전자 연령,가해운전자 상해정도,피해운전자 차종,피해운전자 성별,피해운전자 연령,피해운전자 상해정도
노인운전자사고,2022033100100267,2022년 3월 31일 16시,목요일,부산광역시 연제구 연산동,중상사고,0,1,0,1,차대사람 - 보도통행중,안전운전불이행,건조,흐림,단일로 - 기타,자전거,남,65세,부상신고,보행자,여,70세,중상
노인운전자사고,2022033100100304,2022년 3월 31일 17시,목요일,부산광역시 해운대구 재송동,중상사고,0,1,0,0,차대차 - 측면충돌,안전운전불이행,건조,맑음,기타 - 기타,승용,여,70세,상해없음,이륜,남,49세,중상
노인운전자사고,2022040100100059,2022년 4월 1일 08시,금요일,부산광역시 사하구 구평동,중상사고,0,1,0,0,차량단독 - 공작물충돌,안전운전불이행,건조,맑음,단일로 - 기타,승용,남,76세,상해없음,,,,
노인운전자사고,2022040100100225,2022년 4월 1일 14시,금요일,부산광역시 수영구 광안동,경상사고,0,0,1,0,차대차 - 정면충돌,안전운전불이행,건조,맑음,교차로 - 교차로안,승용,남,65세,상해없음,승용,여,47세,상해없음
노인운전자사고,2022040100100366,2022년 4월 1일 18시,금요일,부산광역시 해운대구 우동,경상사고,0,0,1,0,차대차 - 기타,안전운전불이행,건조,맑음,단일로 - 기타,이륜,남,69세,경상,승용,여,48세,상해없음
노인운전자사고,2022040100100407,2022년 4월 1일 19시,금요일,부산광역시 동구 초량동,경상사고,0,0,1,0,차대사람 - 차도통행중,보행자보호의무위반,건조,맑음,교차로 - 교차로안,승용,남,69세,상해없음,보행자,여,57세,경상
노인운전자사고,2022040100100448,2022년 4월 1일 20시,금요일,부산광역시 금정구 회동동,중상사고,0,1,0,0,차대차 - 기타,신호위반,건조,맑음,교차로 - 교차로안,승합,남,66세,상해없음,이륜,남,29세,중상
노인운전자사고,2.02204E+15,2022년 4월 1일 21시,금요일,부산광역시 북구 구포동,경상사고,0,0,1,0,차대사람 - 횡단중,보행자보호의무위반,건조,맑음,교차로 - 교차로부근,승합,남,66세,상해없음,보행자,여,48세,경상
노인운전자사고,2022040200100369,2022년 4월 2일 17시,토요일,부산광역시 동래구 수안동,경상사고,0,0,1,0,차대사람 - 기타,안전운전불이행,건조,맑음,단일로 - 기타,승용,남,81세,상해없음,보행자,여,80세,경상
노인운전자사고,2022040200100439,2022년 4월 2일 19시,토요일,부산광역시 북구 덕천동,부상신고사고,0,0,0,1,차대차 - 기타,안전운전불이행,건조,맑음,단일로 - 기타,승용,남,67세,상해없음,이륜,남,51세,부상신고
노인운전자사고,2022040200100474,2022년 4월 2일 20시,토요일,부산광역시 연제구 연산동,경상사고,0,0,1,0,차대차 - 기타,안전운전불이행,건조,맑음,교차로 - 교차로부근,승용,남,68세,상해없음,이륜,남,43세,경상
노인운전자사고,2022040300100038,2022년 4월 3일 07시,일요일,부산광역시 수영구 민락동,중상사고,0,1,0,0,차대사람 - 횡단중,보행자보호의무위반,건조,맑음,기타 - 기타,승용,남,73세,상해없음,보행자,남,78세,중상
노인운전자사고,2022040300100124,2022년 4월 3일 13시,일요일,부산광역시 동구 좌천동,경상사고,0,0,1,0,차대차 - 측면충돌,안전거리미확보,건조,맑음,단일로 - 기타,승용,남,72세,상해없음,승용,남,43세,경상
노인운전자사고,2022040300100399,2022년 4월 3일 22시,일요일,부산광역시 금정구 서동,중상사고,0,1,0,0,차대사람 - 횡단중,안전운전불이행,건조,맑음,단일로 - 기타,승용,남,72세,상해없음,보행자,남,64세,중상
노인운전자사고,2022040400100037,2022년 4월 4일 06시,월요일,부산광역시 부산진구 부전동,중상사고,0,1,1,0,차대차 - 측면충돌,신호위반,건조,맑음,교차로 - 교차로안,승용,남,71세,경상,이륜,남,33세,중상
노인운전자사고,2022040400100126,2022년 4월 4일 09시,월요일,부산광역시 기장군 정관읍,경상사고,0,0,2,0,차대차 - 기타,교차로운행방법위반,건조,맑음,교차로 - 교차로부근,승용,여,69세,상해없음,승용,남,31세,경상
노인운전자사고,2022040400100161,2022년 4월 4일 10시,월요일,부산광역시 사상구 주례동,중상사고,0,1,0,0,차대차 - 기타,안전거리미확보,건조,맑음,단일로 - 기타,화물,남,69세,기타불명,이륜,남,64세,중상
노인운전자사고,2022040400100162,2022년 4월 4일 10시,월요일,부산광역시 사상구 주례동,경상사고,0,0,1,0,차대사람 - 기타,안전운전불이행,건조,맑음,교차로 - 교차로부근,화물,남,74세,상해없음,보행자,남,39세,경상
노인운전자사고,2022040400100186,2022년 4월 4일 11시,월요일,부산광역시 수영구 망미동,중상사고,0,1,0,0,차대사람 - 횡단중,보행자보호의무위반,건조,맑음,교차로 - 교차로부근,승용,남,67세,상해없음,보행자,남,22세,중상
노인운전자사고,2022040400100267,2022년 4월 4일 14시,월요일,부산광역시 남구 감만동,경상사고,0,0,1,0,차대차 - 측면충돌,안전운전불이행,건조,맑음,단일로 - 기타,특수,남,67세,상해없음,승용,남,49세,경상
노인운전자사고,2022040500100037,2022년 4월 5일 06시,화요일,부산광역시 강서구 범방동,중상사고,0,1,2,1,차대차 - 추돌,안전운전불이행,건조,맑음,단일로 - 기타,화물,남,66세,중상,화물,남,40세,경상
노인운전자사고,2022040500100115,2022년 4월 5일 09시,화요일,부산광역시 강서구 송정동,중상사고,0,1,0,0,차대차 - 기타,신호위반,건조,맑음,교차로 - 교차로안,특수,남,66세,상해없음,승용,남,48세,중상
노인운전자사고,2022040500100141,2022년 4월 5일 10시,화요일,부산광역시 부산진구 개금동,경상사고,0,0,1,0,차대사람 - 길가장자리구역통행중,안전운전불이행,건조,맑음,단일로 - 기타,승용,남,71세,상해없음,보행자,여,37세,경상
노인운전자사고,2022040500100208,2022년 4월 5일 12시,화요일,부산광역시 서구 서대신동2가,경상사고,0,0,1,0,차대사람 - 보도통행중,안전운전불이행,건조,맑음,기타 - 기타,화물,남,68세,상해없음,보행자,여,68세,경상
노인운전자사고,2.02204E+15,2022년 4월 5일 12시,화요일,부산광역시 수영구 망미동,경상사고,0,0,4,0,차대차 - 측면충돌,중앙선침범,건조,맑음,단일로 - 기타,승용,여,75세,상해없음,이륜,남,46세,경상
노인운전자사고,2022040500100211,2022년 4월 5일 12시,화요일,부산광역시 기장군 기장읍,경상사고,0,0,1,0,차대차 - 기타,교차로운행방법위반,건조,맑음,교차로 - 교차로안,승용,남,70세,상해없음,승용,여,39세,경상
노인운전자사고,2022040500100309,2022년 4월 5일 15시,화요일,부산광역시 중구 중앙동2가,경상사고,0,0,1,0,차대사람 - 기타,안전운전불이행,건조,맑음,단일로 - 기타,승용,남,67세,상해없음,보행자,남,22세,경상
노인운전자사고,2022040500100549,2022년 4월 5일 23시,화요일,부산광역시 북구 만덕동,경상사고,0,0,1,0,차량단독 - 기타,안전운전불이행,건조,맑음,교차로 - 교차로부근,이륜,남,67세,경상,,,,
노인운전자사고,2022040600100039,2022년 4월 6일 06시,수요일,부산광역시 부산진구 범천동,중상사고,0,1,0,2,차대차 - 측면충돌,안전거리미확보,건조,맑음,단일로 - 기타,승용,남,66세,상해없음,이륜,남,18세,부상신고
노인운전자사고,2022040600100105,2022년 4월 6일 09시,수요일,부산광역시 사하구 하단동,경상사고,0,0,2,0,차대차 - 추돌,안전거리미확보,건조,맑음,단일로 - 기타,건설기계,남,65세,경상,화물,남,35세,경상
노인운전자사고,2022040600100529,2022년 4월 6일 23시,수요일,부산광역시 부산진구 부전동,경상사고,0,0,1,0,차대사람 - 차도통행중,안전운전불이행,건조,맑음,단일로 - 기타,승용,남,72세,상해없음,보행자,남,22세,경상
노인운전자사고,2022040700100136,2022년 4월 7일 10시,목요일,부산광역시 사하구 하단동,중상사고,0,1,0,0,차대사람 - 길가장자리구역통행중,안전운전불이행,건조,맑음,단일로 - 기타,승용,여,75세,상해없음,보행자,여,59세,중상
노인운전자사고,2022040700100228,2022년 4월 7일 13시,목요일,부산광역시 사상구 감전동,중상사고,0,1,0,0,차대사람 - 기타,안전운전불이행,건조,맑음,기타 - 기타,승용,남,69세,상해없음,보행자,남,57세,중상
노인운전자사고,2022040700100254,2022년 4월 7일 14시,목요일,부산광역시 사상구 엄궁동,경상사고,0,0,1,0,차대사람 - 기타,안전운전불이행,건조,맑음,단일로 - 기타,승용,남,68세,상해없음,보행자,남,12세,경상
노인운전자사고,2022040700100454,2022년 4월 7일 19시,목요일,부산광역시 금정구 구서동,경상사고,0,0,1,0,차대사람 - 횡단중,보행자보호의무위반,건조,맑음,교차로 - 교차로횡단보도내,화물,남,69세,상해없음,보행자,여,63세,경상
노인운전자사고,2022040700100455,2022년 4월 7일 19시,목요일,부산광역시 연제구 거제동,중상사고,0,1,0,0,차대사람 - 기타,안전운전불이행,건조,맑음,단일로 - 기타,화물,남,72세,상해없음,보행자,남,60세,중상
노인운전자사고,2022040800100042,2022년 4월 8일 06시,금요일,부산광역시 해운대구 반송동,중상사고,0,1,0,1,차대차 - 추돌,신호위반,건조,맑음,교차로 - 교차로안,승용,남,70세,상해없음,승용,남,44세,중상
노인운전자사고,2022040800100082,2022년 4월 8일 08시,금요일,부산광역시 남구 대연동,경상사고,0,0,1,0,차대사람 - 횡단중,보행자보호의무위반,건조,맑음,단일로 - 기타,승용,남,80세,상해없음,보행자,여,13세,경상
노인운전자사고,2022040800100083,2022년 4월 8일 08시,금요일,부산광역시 남구 대연동,경상사고,0,0,1,0,차대차 - 기타,안전운전불이행,건조,맑음,단일로 - 기타,승용,남,70세,상해없음,승용,여,47세,상해없음
노인운전자사고,2022040800100128,2022년 4월 8일 09시,금요일,부산광역시 중구 대청동4가,부상신고사고,0,0,0,1,차대차 - 기타,안전운전불이행,건조,맑음,교차로 - 교차로부근,이륜,남,65세,부상신고,화물,남,74세,상해없음
노인운전자사고,2.02204E+15,2022년 4월 8일 09시,금요일,부산광역시 사하구 구평동,경상사고,0,0,2,0,차대차 - 측면충돌,안전운전불이행,건조,맑음,단일로 - 기타,승용,남,72세,상해없음,승용,남,55세,경상
노인운전자사고,2022040800100317,2022년 4월 8일 15시,금요일,부산광역시 수영구 남천동,경상사고,0,0,1,0,차대차 - 측면충돌,안전운전불이행,건조,맑음,단일로 - 기타,승용,남,67세,상해없음,승용,여,70세,경상
노인운전자사고,2022040800100321,2022년 4월 8일 15시,금요일,부산광역시 강서구 명지동,중상사고,0,1,0,0,차대사람 - 횡단중,신호위반,건조,맑음,단일로 - 기타,승합,남,70세,상해없음,보행자,남,7세,중상
노인운전자사고,2022040900100072,2022년 4월 9일 07시,토요일,부산광역시 기장군 기장읍,경상사고,0,0,1,0,차대차 - 추돌,안전거리미확보,건조,맑음,교차로 - 교차로부근,승용,남,72세,상해없음,승용,남,58세,경상
노인운전자사고,2022040900100189,2022년 4월 9일 12시,토요일,부산광역시 북구 금곡동,경상사고,0,0,2,0,차대차 - 기타,안전운전불이행,건조,맑음,단일로 - 기타,승용,남,69세,상해없음,승용,남,37세,경상
노인운전자사고,2022040900100418,2022년 4월 9일 17시,토요일,부산광역시 서구 남부민동,경상사고,0,0,2,0,차대차 - 측면충돌,안전거리미확보,건조,맑음,단일로 - 기타,승용,남,67세,기타불명,승용,남,44세,경상
노인운전자사고,2022040900100494,2022년 4월 9일 19시,토요일,부산광역시 부산진구 당감동,경상사고,0,0,2,0,차대차 - 기타,안전거리미확보,건조,맑음,기타 - 기타,승용,남,66세,상해없음,이륜,남,26세,상해없음
노인운전자사고,2022040900100577,2022년 4월 9일 22시,토요일,부산광역시 동구 범일동,경상사고,0,0,1,0,차대차 - 측면충돌,교차로운행방법위반,건조,맑음,교차로 - 교차로부근,승용,남,73세,상해없음,자전거,남,13세,경상
노인운전자사고,2022040900100602,2022년 4월 9일 23시,토요일,부산광역시 부산진구 전포동,경상사고,0,0,2,0,차대차 - 기타,교차로운행방법위반,건조,맑음,교차로 - 교차로안,승용,남,65세,상해없음,승용,남,64세,상해없음
노인운전자사고,2022041000100032,2022년 4월 10일 02시,일요일,부산광역시 사하구 장림동,중상사고,0,1,0,0,차량단독 - 기타,안전거리미확보,건조,맑음,교차로 - 교차로부근,승용,남,66세,상해없음,,,,
노인운전자사고,2022041000100038,2022년 4월 10일 03시,일요일,부산광역시 사하구 하단동,중상사고,0,1,1,0,차대차 - 측면충돌,직진우회전진행방해,건조,맑음,교차로 - 교차로안,승용,남,68세,경상,승용,남,66세,중상
노인운전자사고,2022041000100092,2022년 4월 10일 10시,일요일,부산광역시 사하구 장림동,경상사고,0,0,1,0,차대차 - 추돌,안전거리미확보,건조,맑음,단일로 - 기타,승합,남,68세,상해없음,승용,여,54세,상해없음
노인운전자사고,2022041000100133,2022년 4월 10일 12시,일요일,부산광역시 부산진구 전포동,경상사고,0,0,2,0,차대차 - 측면충돌,안전거리미확보,건조,맑음,교차로 - 교차로부근,승용,남,65세,경상,승용,여,44세,경상
노인운전자사고,2022041000100236,2022년 4월 10일 15시,일요일,부산광역시 중구 부평동1가,경상사고,0,0,1,0,차대사람 - 차도통행중,안전운전불이행,건조,맑음,단일로 - 기타,승용,남,76세,상해없음,보행자,남,50세,경상
노인운전자사고,2.02204E+15,2022년 4월 10일 19시,일요일,부산광역시 금정구 부곡동,경상사고,0,0,1,0,차대차 - 기타,안전운전불이행,건조,맑음,기타 - 기타,승합,남,67세,상해없음,승용,남,30세,경상
노인운전자사고,2022041000100407,2022년 4월 10일 21시,일요일,부산광역시 금정구 부곡동,중상사고,0,2,0,0,차대차 - 측면충돌,안전거리미확보,건조,맑음,단일로 - 기타,승용,남,71세,상해없음,승용,여,30세,중상
노인운전자사고,2.02204E+15,2022년 4월 11일 13시,월요일,부산광역시 동래구 수안동,중상사고,0,1,0,0,차대차 - 측면충돌,안전운전불이행,건조,맑음,단일로 - 기타,이륜,남,68세,중상,승합,남,41세,상해없음
노인운전자사고,2022041100100451,2022년 4월 11일 18시,월요일,부산광역시 부산진구 초읍동,경상사고,0,0,1,0,차대사람 - 기타,안전운전불이행,건조,기타,단일로 - 기타,승용,남,69세,상해없음,보행자,여,11세,경상
노인운전자사고,2022041100100594,2022년 4월 11일 23시,월요일,부산광역시 부산진구 부전동,경상사고,0,0,2,0,차대차 - 추돌,안전거리미확보,건조,맑음,단일로 - 기타,승용,남,68세,상해없음,승용,남,72세,경상
노인운전자사고,2.02204E+15,2022년 4월 12일 11시,화요일,부산광역시 부산진구 부암동,중상사고,0,1,0,0,차대차 - 기타,중앙선침범,건조,맑음,단일로 - 기타,자전거,남,88세,중상,화물,남,47세,상해없음
노인운전자사고,2022041200100449,2022년 4월 12일 19시,화요일,부산광역시 북구 덕천동,중상사고,0,1,0,0,차대차 - 기타,중앙선침범,건조,맑음,단일로 - 기타,기타불명,남,70세,중상,승용,남,55세,상해없음
노인운전자사고,2022041200100537,2022년 4월 12일 22시,화요일,부산광역시 사상구 모라동,중상사고,0,1,0,0,차대사람 - 보도통행중,보행자보호의무위반,건조,맑음,교차로 - 교차로횡단보도내,승용,여,66세,상해없음,보행자,남,46세,중상
노인운전자사고,2022041200100562,2022년 4월 12일 23시,화요일,부산광역시 동래구 온천동,경상사고,0,0,2,0,차량단독 - 공작물충돌,안전운전불이행,건조,맑음,단일로 - 기타,승용,남,65세,상해없음,,,,
노인운전자사고,2022041300100053,2022년 4월 13일 07시,수요일,부산광역시 부산진구 개금동,경상사고,0,0,1,0,차대사람 - 횡단중,보행자보호의무위반,건조,맑음,교차로 - 교차로횡단보도내,승용,남,69세,상해없음,보행자,남,34세,경상
노인운전자사고,2022041300100116,2022년 4월 13일 09시,수요일,부산광역시 수영구 망미동,경상사고,0,0,1,0,차대차 - 측면충돌,신호위반,건조,맑음,교차로 - 교차로안,승용,여,78세,상해없음,승용,남,41세,경상
노인운전자사고,2022041300100142,2022년 4월 13일 10시,수요일,부산광역시 동래구 온천동,경상사고,0,0,1,0,차대사람 - 횡단중,보행자보호의무위반,건조,맑음,교차로 - 교차로횡단보도내,승용,남,79세,상해없음,보행자,남,81세,경상
노인운전자사고,2022041300100162,2022년 4월 13일 11시,수요일,부산광역시 기장군 일광읍,경상사고,0,0,1,0,차대사람 - 횡단중,보행자보호의무위반,건조,맑음,교차로 - 교차로횡단보도내,승용,남,67세,상해없음,보행자,여,43세,경상
노인운전자사고,2022041300100386,2022년 4월 13일 18시,수요일,부산광역시 강서구 대저1동,사망사고,1,0,0,0,차량단독 - 공작물충돌,안전운전불이행,건조,맑음,단일로 - 기타,화물,남,68세,사망,,,,
노인운전자사고,2022041300100431,2022년 4월 13일 19시,수요일,부산광역시 연제구 연산동,중상사고,0,1,0,0,차대차 - 기타,신호위반,건조,맑음,교차로 - 교차로안,승용,남,70세,상해없음,이륜,남,24세,중상
노인운전자사고,2022041300100458,2022년 4월 13일 20시,수요일,부산광역시 부산진구 전포동,경상사고,0,0,1,0,차대차 - 측면충돌,기타,건조,맑음,교차로 - 교차로안,승용,남,69세,상해없음,이륜,여,26세,경상
노인운전자사고,2022041400100127,2022년 4월 14일 09시,목요일,부산광역시 북구 만덕동,경상사고,0,0,1,0,차대차 - 측면충돌,안전거리미확보,건조,맑음,단일로 - 기타,승용,남,73세,상해없음,승용,남,50세,경상
노인운전자사고,2022041400100236,2022년 4월 14일 13시,목요일,부산광역시 부산진구 초읍동,중상사고,0,1,0,0,차량단독 - 전도전복 - 전도,기타,건조,맑음,기타 - 기타,승합,남,65세,상해없음,,,,
노인운전자사고,2.02204E+15,2022년 4월 14일 15시,목요일,부산광역시 동래구 온천동,경상사고,0,0,1,0,차대차 - 측면충돌,안전거리미확보,건조,맑음,단일로 - 기타,승용,남,72세,상해없음,승용,남,66세,상해없음
노인운전자사고,2022041400100359,2022년 4월 14일 17시,목요일,부산광역시 동구 초량동,경상사고,0,0,2,0,차대차 - 측면충돌,불법유턴,건조,흐림,단일로 - 기타,승용,남,70세,상해없음,승용,여,35세,경상
노인운전자사고,2022041400100492,2022년 4월 14일 22시,목요일,부산광역시 사하구 괴정동,중상사고,0,1,0,0,차대차 - 추돌,중앙선침범,건조,맑음,단일로 - 기타,승용,남,71세,상해없음,원동기,남,30세,중상
노인운전자사고,2022041500100003,2022년 4월 15일 00시,금요일,부산광역시 금정구 부곡동,중상사고,0,1,0,0,차대사람 - 기타,보행자보호의무위반,건조,맑음,단일로 - 기타,화물,남,66세,상해없음,보행자,남,50세,중상
노인운전자사고,2022041500100035,2022년 4월 15일 06시,금요일,부산광역시 중구 중앙동4가,경상사고,0,0,3,0,차대차 - 측면충돌,안전운전불이행,건조,맑음,교차로 - 교차로부근,승용,남,75세,상해없음,승용,남,39세,상해없음
노인운전자사고,2.02204E+15,2022년 4월 15일 07시,금요일,부산광역시 해운대구 반여동,경상사고,0,0,1,0,차대사람 - 횡단중,안전운전불이행,건조,맑음,교차로 - 교차로안,승용,남,68세,상해없음,보행자,남,68세,경상
노인운전자사고,2.02204E+15,2022년 4월 15일 10시,금요일,부산광역시 영도구 대교동1가,중상사고,0,1,0,0,차대차 - 측면충돌,직진우회전진행방해,건조,맑음,교차로 - 교차로안,승용,남,76세,상해없음,이륜,남,23세,중상
노인운전자사고,2022041500100247,2022년 4월 15일 13시,금요일,부산광역시 연제구 연산동,경상사고,0,0,1,0,차대차 - 추돌,안전거리미확보,건조,맑음,단일로 - 기타,승용,남,74세,상해없음,이륜,남,40세,경상
노인운전자사고,2.02204E+15,2022년 4월 15일 16시,금요일,부산광역시 강서구 강동동,경상사고,0,0,1,0,차대차 - 측면충돌,안전운전불이행,건조,맑음,단일로 - 기타,승용,남,76세,상해없음,화물,남,38세,경상
노인운전자사고,2022041500100452,2022년 4월 15일 18시,금요일,부산광역시 해운대구 재송동,경상사고,0,0,1,0,차대차 - 측면충돌,안전운전불이행,건조,맑음,단일로 - 지하차도(도로)내,화물,남,76세,상해없음,승용,남,44세,경상
노인운전자사고,2022041500100576,2022년 4월 15일 21시,금요일,부산광역시 기장군 정관읍,경상사고,0,0,1,0,차대차 - 측면충돌,안전운전불이행,건조,맑음,교차로 - 교차로안,승용,여,72세,상해없음,이륜,남,22세,경상
노인운전자사고,2022041600100054,2022년 4월 16일 06시,토요일,부산광역시 동래구 사직동,경상사고,0,0,1,0,차대차 - 측면충돌,안전운전불이행,건조,맑음,단일로 - 기타,화물,남,67세,상해없음,승용,여,25세,경상
노인운전자사고,2022041600100125,2022년 4월 16일 10시,토요일,부산광역시 부산진구 전포동,경상사고,0,0,1,0,차대차 - 정면충돌,중앙선침범,건조,맑음,단일로 - 기타,이륜,남,74세,경상,승용,남,42세,상해없음
노인운전자사고,2022041600100251,2022년 4월 16일 13시,토요일,부산광역시 금정구 부곡동,경상사고,0,0,1,0,차대사람 - 횡단중,신호위반,건조,맑음,단일로 - 기타,승용,남,65세,상해없음,보행자,남,33세,경상
노인운전자사고,2022041600100306,2022년 4월 16일 14시,토요일,부산광역시 강서구 신호동,경상사고,0,0,1,0,차대차 - 측면충돌,안전운전불이행,건조,맑음,단일로 - 기타,화물,남,69세,상해없음,자전거,여,27세,경상
노인운전자사고,2022041600100345,2022년 4월 16일 15시,토요일,부산광역시 동구 초량동,경상사고,0,0,1,0,차대사람 - 횡단중,보행자보호의무위반,건조,맑음,교차로 - 교차로부근,승용,남,67세,상해없음,보행자,남,24세,경상
노인운전자사고,2022041600100393,2022년 4월 16일 16시,토요일,부산광역시 부산진구 당감동,경상사고,0,0,4,0,차대차 - 추돌,안전운전불이행,건조,맑음,단일로 - 기타,승용,남,66세,상해없음,승합,남,29세,경상
노인운전자사고,2022041700100032,2022년 4월 17일 01시,일요일,부산광역시 금정구 남산동,중상사고,0,1,1,0,차대차 - 측면충돌,안전운전불이행,건조,맑음,단일로 - 기타,승용,남,70세,경상,이륜,남,34세,중상
노인운전자사고,2022041700100113,2022년 4월 17일 10시,일요일,부산광역시 부산진구 가야동,경상사고,0,0,1,0,차대차 - 기타,교차로운행방법위반,건조,맑음,교차로 - 교차로안,승용,남,68세,상해없음,이륜,남,75세,경상
노인운전자사고,2022041700100294,2022년 4월 17일 16시,일요일,부산광역시 북구 화명동,경상사고,0,0,1,0,차대차 - 기타,교차로운행방법위반,건조,맑음,교차로 - 교차로부근,승용,남,68세,상해없음,승용,여,29세,경상
노인운전자사고,2022041700100459,2022년 4월 17일 22시,일요일,부산광역시 동구 좌천동,경상사고,0,0,2,0,차대차 - 측면충돌,안전운전불이행,건조,맑음,단일로 - 기타,승용,남,71세,상해없음,승용,여,30세,경상
노인운전자사고,2022041800100122,2022년 4월 18일 09시,월요일,부산광역시 연제구 연산동,경상사고,0,0,1,0,차대차 - 측면충돌,교차로운행방법위반,건조,맑음,교차로 - 교차로안,승합,남,67세,상해없음,승합,남,65세,상해없음
노인운전자사고,2022041800100239,2022년 4월 18일 13시,월요일,부산광역시 부산진구 개금동,부상신고사고,0,0,0,1,차대차 - 기타,안전운전불이행,건조,맑음,교차로 - 교차로안,승용,남,67세,상해없음,원동기,남,46세,부상신고
노인운전자사고,2.02204E+15,2022년 4월 18일 13시,월요일,부산광역시 금정구 구서동,경상사고,0,0,2,0,차대차 - 후진중충돌,안전운전불이행,건조,맑음,교차로 - 교차로안,승용,남,66세,상해없음,승용,남,31세,경상
노인운전자사고,2022041800100349,2022년 4월 18일 16시,월요일,부산광역시 부산진구 전포동,부상신고사고,0,0,0,1,차대사람 - 보도통행중,기타,건조,맑음,단일로 - 기타,이륜,남,68세,상해없음,보행자,여,26세,부상신고
노인운전자사고,2022041800100351,2022년 4월 18일 16시,월요일,부산광역시 강서구 대저1동,경상사고,0,0,1,0,차량단독 - 공작물충돌,안전운전불이행,건조,맑음,단일로 - 기타,승용,남,66세,경상,,,,
노인운전자사고,2022041800100391,2022년 4월 18일 17시,월요일,부산광역시 영도구 영선동3가,중상사고,0,1,0,0,차대사람 - 기타,안전운전불이행,건조,맑음,단일로 - 기타,승용,남,65세,상해없음,보행자,여,72세,중상
노인운전자사고,2022041800100555,2022년 4월 18일 23시,월요일,부산광역시 연제구 연산동,중상사고,0,1,0,0,차대사람 - 횡단중,안전운전불이행,건조,맑음,교차로 - 교차로횡단보도내,승용,남,69세,상해없음,보행자,남,61세,중상
노인운전자사고,2022041900100051,2022년 4월 19일 06시,화요일,부산광역시 동래구 온천동,경상사고,0,0,1,0,차대차 - 측면충돌,차로위반,건조,맑음,교차로 - 교차로안,화물,남,76세,상해없음,승용,여,31세,경상
노인운전자사고,2022041900100178,2022년 4월 19일 10시,화요일,부산광역시 부산진구 부전동,부상신고사고,0,0,0,1,차대차 - 측면충돌,불법유턴,건조,맑음,단일로 - 기타,자전거,남,77세,부상신고,승용,남,33세,상해없음
노인운전자사고,2022041900100213,2022년 4월 19일 11시,화요일,부산광역시 남구 문현동,경상사고,0,0,1,0,차대차 - 측면충돌,안전운전불이행,건조,맑음,교차로 - 교차로부근,승용,여,79세,상해없음,승용,남,59세,경상
노인운전자사고,2022041900100215,2022년 4월 19일 11시,화요일,부산광역시 사하구 장림동,경상사고,0,0,2,0,차대차 - 기타,안전운전불이행,건조,맑음,단일로 - 지하차도(도로)내,승용,남,65세,기타불명,화물,남,57세,경상
노인운전자사고,2022041900100435,2022년 4월 19일 17시,화요일,부산광역시 금정구 노포동,경상사고,0,0,1,0,차대차 - 측면충돌,차로위반,건조,맑음,단일로 - 기타,승합,남,71세,상해없음,승용,여,50세,경상
노인운전자사고,2022041900100483,2022년 4월 19일 18시,화요일,부산광역시 사상구 괘법동,경상사고,0,0,1,0,차대차 - 측면충돌,안전운전불이행,건조,맑음,단일로 - 기타,승합,남,66세,상해없음,화물,남,59세,경상
노인운전자사고,2022042000100094,2022년 4월 20일 08시,수요일,부산광역시 동래구 온천동,경상사고,0,0,1,0,차대차 - 측면충돌,안전운전불이행,건조,맑음,단일로 - 기타,건설기계,남,69세,상해없음,승용,여,45세,경상
노인운전자사고,2022042000100097,2022년 4월 20일 08시,수요일,부산광역시 사하구 구평동,중상사고,0,1,0,0,차대사람 - 기타,안전운전불이행,건조,맑음,단일로 - 기타,화물,남,68세,상해없음,보행자,남,53세,중상
노인운전자사고,2022042000100217,2022년 4월 20일 11시,수요일,부산광역시 수영구 남천동,경상사고,0,0,1,0,차대사람 - 기타,기타,건조,맑음,단일로 - 기타,화물,남,65세,상해없음,보행자,여,25세,경상
노인운전자사고,2022042000100247,2022년 4월 20일 12시,수요일,부산광역시 동구 수정동,중상사고,0,1,0,0,차대사람 - 횡단중,보행자보호의무위반,건조,맑음,교차로 - 교차로안,승용,남,80세,상해없음,보행자,여,82세,중상
노인운전자사고,2022042000100282,2022년 4월 20일 13시,수요일,부산광역시 사하구 괴정동,중상사고,0,1,0,0,차대사람 - 횡단중,보행자보호의무위반,건조,맑음,단일로 - 기타,승용,남,65세,상해없음,보행자,여,63세,중상
노인운전자사고,2022042100100118,2022년 4월 21일 09시,목요일,부산광역시 사상구 감전동,중상사고,0,1,0,0,차대사람 - 기타,안전운전불이행,건조,맑음,단일로 - 기타,승용,남,67세,상해없음,보행자,여,30세,중상
노인운전자사고,2022042100100145,2022년 4월 21일 10시,목요일,부산광역시 해운대구 반여동,중상사고,0,1,0,0,차대사람 - 기타,안전운전불이행,건조,맑음,단일로 - 기타,승용,남,72세,상해없음,보행자,여,39세,중상
노인운전자사고,2022042100100173,2022년 4월 21일 11시,목요일,부산광역시 해운대구 우동,중상사고,0,3,0,0,차대차 - 추돌,기타,건조,맑음,단일로 - 기타,승용,남,67세,중상,특수,남,67세,상해없음