사고부문,사고번호,사고일시,요일,시군구,사고내용,사망자수,중상자수,경상자수,부상신고자수,사고유형,법규위반,노면상태,기상상태,도로형태,가해운전자 차종,가해운전자 성별,가해운전자 연령,가해운전자 상해정도,피해운전자 차종,피해운전자 성별,피해운전자 연령,피해운전자 상해정도
노인운전자사고,2022042100100204,2022년 4월 21일 12시,목요일,부산광역시 북구 구포동,경상사고,0,0,1,0,차대사람 - 차도통행중,안전운전불이행,건조,맑음,교차로 - 교차로안,승용,남,68세,상해없음,보행자,남,48세,경상
노인운전자사고,2022042100100205,2022년 4월 21일 12시,목요일,부산광역시 부산진구 범천동,경상사고,0,0,1,0,차대사람 - 기타,안전운전불이행,젖음/습기,비,단일로 - 기타,화물,남,65세,상해없음,보행자,남,31세,경상
노인운전자사고,2022042100100281,2022년 4월 21일 15시,목요일,부산광역시 부산진구 부전동,경상사고,0,0,1,0,차대사람 - 길가장자리구역통행중,안전운전불이행,젖음/습기,비,단일로 - 기타,승용,남,69세,상해없음,보행자,남,34세,경상
노인운전자사고,2022042100100358,2022년 4월 21일 17시,목요일,부산광역시 사하구 당리동,경상사고,0,0,1,0,차대차 - 기타,기타,젖음/습기,비,단일로 - 기타,승용,남,74세,상해없음,승용,여,39세,경상
노인운전자사고,2.02204E+15,2022년 4월 21일 18시,목요일,부산광역시 사하구 신평동,경상사고,0,0,1,0,차대차 - 추돌,안전운전불이행,건조,맑음,교차로 - 교차로부근,승용,남,74세,상해없음,승용,여,30세,경상
노인운전자사고,2022042100100463,2022년 4월 21일 20시,목요일,부산광역시 연제구 연산동,경상사고,0,0,1,0,차대차 - 측면충돌,안전운전불이행,기타,흐림,교차로 - 교차로안,승용,남,75세,상해없음,이륜,남,53세,경상
노인운전자사고,2022042100100501,2022년 4월 21일 21시,목요일,부산광역시 강서구 대저1동,사망사고,1,0,0,0,차대사람 - 차도통행중,안전운전불이행,건조,맑음,단일로 - 기타,화물,남,76세,상해없음,보행자,남,64세,사망
노인운전자사고,2022042200100087,2022년 4월 22일 08시,금요일,부산광역시 영도구 봉래동3가,경상사고,0,0,1,0,차대차 - 측면충돌,교차로운행방법위반,건조,맑음,교차로 - 교차로안,승용,남,70세,기타불명,건설기계,남,58세,경상
노인운전자사고,2022042200100196,2022년 4월 22일 12시,금요일,부산광역시 서구 서대신동3가,경상사고,0,0,1,0,차대차 - 측면충돌,안전거리미확보,건조,맑음,단일로 - 기타,건설기계,남,68세,상해없음,승용,여,60세,경상
노인운전자사고,2022042200100332,2022년 4월 22일 16시,금요일,부산광역시 남구 감만동,경상사고,0,0,1,0,차대차 - 기타,기타,건조,맑음,단일로 - 기타,화물,남,67세,상해없음,화물,남,67세,경상
노인운전자사고,2022042200100333,2022년 4월 22일 16시,금요일,부산광역시 동래구 사직동,경상사고,0,0,1,0,차대사람 - 기타,안전운전불이행,건조,맑음,단일로 - 기타,승용,남,71세,상해없음,보행자,여,80세,경상
노인운전자사고,2022042300100063,2022년 4월 23일 06시,토요일,부산광역시 부산진구 초읍동,부상신고사고,0,0,0,1,차대차 - 추돌,안전거리미확보,건조,맑음,기타 - 기타,이륜,남,74세,부상신고,승용,남,61세,상해없음
노인운전자사고,2022042300100445,2022년 4월 23일 19시,토요일,부산광역시 수영구 광안동,경상사고,0,0,1,0,차대사람 - 횡단중,안전운전불이행,건조,맑음,교차로 - 교차로안,승용,남,71세,상해없음,보행자,여,61세,경상
노인운전자사고,2.02204E+15,2022년 4월 24일 20시,일요일,부산광역시 해운대구 우동,경상사고,0,0,2,0,차대차 - 측면충돌,안전운전불이행,건조,맑음,교차로 - 교차로부근,승용,남,71세,경상,승용,여,38세,상해없음
노인운전자사고,2022042500100086,2022년 4월 25일 08시,월요일,부산광역시 중구 중앙동4가,중상사고,0,1,0,0,차대차 - 정면충돌,교차로운행방법위반,건조,맑음,교차로 - 교차로안,화물,남,69세,상해없음,이륜,남,39세,중상
노인운전자사고,2022042500100087,2022년 4월 25일 08시,월요일,부산광역시 남구 용호동,중상사고,0,1,0,0,차대차 - 기타,안전운전불이행,건조,맑음,교차로 - 교차로부근,승용,남,72세,상해없음,자전거,남,46세,중상
노인운전자사고,2022042500100089,2022년 4월 25일 08시,월요일,부산광역시 사하구 괴정동,중상사고,0,1,0,0,차대사람 - 횡단중,안전운전불이행,건조,맑음,단일로 - 기타,승용,여,66세,상해없음,보행자,남,84세,중상
노인운전자사고,2022042500100128,2022년 4월 25일 09시,월요일,부산광역시 강서구 생곡동,경상사고,0,0,2,0,차대차 - 추돌,안전운전불이행,건조,맑음,단일로 - 기타,승용,남,74세,상해없음,승용,남,38세,경상
노인운전자사고,2022042500100184,2022년 4월 25일 11시,월요일,부산광역시 사상구 모라동,경상사고,0,0,1,0,차대사람 - 횡단중,안전운전불이행,건조,맑음,단일로 - 기타,화물,남,65세,기타불명,보행자,여,79세,경상
노인운전자사고,2022042500100249,2022년 4월 25일 13시,월요일,부산광역시 사하구 신평동,중상사고,0,1,0,0,차대차 - 측면충돌,신호위반,건조,맑음,단일로 - 기타,승합,남,79세,상해없음,이륜,남,21세,중상
노인운전자사고,2022042500100322,2022년 4월 25일 15시,월요일,부산광역시 서구 동대신동3가,중상사고,0,1,0,0,차대사람 - 기타,안전운전불이행,건조,맑음,기타 - 기타,원동기,남,71세,상해없음,보행자,여,70세,중상
노인운전자사고,2022042500100376,2022년 4월 25일 16시,월요일,부산광역시 영도구 청학동,경상사고,0,0,2,0,차대차 - 추돌,안전운전불이행,건조,맑음,교차로 - 교차로안,승용,남,65세,기타불명,승용,남,63세,경상
노인운전자사고,2022042500100463,2022년 4월 25일 18시,월요일,부산광역시 해운대구 반여동,경상사고,0,0,1,0,차대사람 - 보도통행중,안전운전불이행,건조,맑음,교차로 - 교차로부근,화물,남,74세,상해없음,보행자,남,51세,경상
노인운전자사고,2.02204E+15,2022년 4월 25일 19시,월요일,부산광역시 기장군 기장읍,경상사고,0,0,1,0,차대차 - 기타,안전운전불이행,건조,맑음,교차로 - 교차로안,승용,남,71세,상해없음,자전거,남,16세,경상
노인운전자사고,2022042500100563,2022년 4월 25일 21시,월요일,부산광역시 금정구 구서동,경상사고,0,0,1,0,차대차 - 기타,교차로운행방법위반,건조,맑음,교차로 - 교차로안,승합,남,73세,상해없음,승용,여,37세,경상
노인운전자사고,2022042600100103,2022년 4월 26일 08시,화요일,부산광역시 부산진구 양정동,중상사고,0,2,0,0,차대차 - 기타,중앙선침범,젖음/습기,흐림,교차로 - 교차로부근,승용,남,71세,상해없음,승용,남,30세,중상
노인운전자사고,2022042600100104,2022년 4월 26일 08시,화요일,부산광역시 금정구 장전동,경상사고,0,0,1,0,차대차 - 측면충돌,안전운전불이행,건조,맑음,교차로 - 교차로안,승용,남,65세,상해없음,승용,여,63세,경상
노인운전자사고,2022042600100189,2022년 4월 26일 10시,화요일,부산광역시 영도구 청학동,중상사고,0,1,0,0,차대사람 - 횡단중,안전운전불이행,건조,맑음,교차로 - 교차로안,승용,남,66세,상해없음,보행자,여,75세,중상
노인운전자사고,2022042600100224,2022년 4월 26일 11시,화요일,부산광역시 사상구 모라동,경상사고,0,0,1,0,차대차 - 정면충돌,안전운전불이행,건조,맑음,교차로 - 교차로안,화물,남,68세,상해없음,이륜,남,42세,경상
노인운전자사고,2022042700100029,2022년 4월 27일 04시,수요일,부산광역시 부산진구 범전동,중상사고,0,1,0,0,차대사람 - 횡단중,신호위반,건조,맑음,기타 - 기타,승용,남,65세,상해없음,보행자,남,84세,중상
노인운전자사고,2022042700100061,2022년 4월 27일 07시,수요일,부산광역시 강서구 미음동,경상사고,0,0,1,0,차대차 - 측면충돌,신호위반,건조,맑음,교차로 - 교차로안,승용,남,69세,상해없음,승용,남,50세,경상
노인운전자사고,2022042700100256,2022년 4월 27일 13시,수요일,부산광역시 부산진구 당감동,경상사고,0,0,1,0,차대차 - 기타,차로위반,건조,맑음,단일로 - 기타,승용,남,75세,상해없음,이륜,남,42세,경상
노인운전자사고,2022042700100295,2022년 4월 27일 14시,수요일,부산광역시 중구 광복동2가,경상사고,0,0,1,0,차대사람 - 차도통행중,안전운전불이행,건조,맑음,단일로 - 기타,승용,남,73세,상해없음,보행자,여,24세,경상
노인운전자사고,2022042700100494,2022년 4월 27일 19시,수요일,부산광역시 남구 우암동,중상사고,0,1,0,0,차량단독 - 기타,기타,건조,맑음,단일로 - 기타,승합,남,71세,상해없음,,,,
노인운전자사고,2022042700100527,2022년 4월 27일 20시,수요일,부산광역시 사하구 하단동,중상사고,0,1,0,0,차대차 - 기타,교차로운행방법위반,건조,맑음,교차로 - 교차로안,승합,남,65세,상해없음,이륜,남,51세,중상
노인운전자사고,2022042800100292,2022년 4월 28일 14시,목요일,부산광역시 남구 대연동,경상사고,0,0,1,0,차대차 - 기타,안전거리미확보,건조,맑음,단일로 - 기타,승용,남,68세,상해없음,승용,남,72세,경상
노인운전자사고,2.02204E+15,2022년 4월 28일 15시,목요일,부산광역시 동구 초량동,경상사고,0,0,1,0,차대사람 - 차도통행중,안전운전불이행,건조,맑음,교차로 - 교차로부근,승용,남,71세,상해없음,보행자,남,61세,경상
노인운전자사고,2022042800100331,2022년 4월 28일 15시,목요일,부산광역시 기장군 장안읍,경상사고,0,0,1,0,차대차 - 측면충돌,안전운전불이행,건조,맑음,단일로 - 기타,승용,남,65세,상해없음,승용,여,65세,경상
노인운전자사고,2022042800100407,2022년 4월 28일 17시,목요일,부산광역시 부산진구 부암동,경상사고,0,0,1,0,차대차 - 추돌,안전운전불이행,건조,맑음,단일로 - 고가도로위,승용,남,67세,상해없음,승용,남,42세,경상
노인운전자사고,2022042800100573,2022년 4월 28일 22시,목요일,부산광역시 동래구 칠산동,경상사고,0,0,1,0,차대차 - 측면충돌,안전거리미확보,건조,맑음,교차로 - 교차로부근,승합,남,71세,상해없음,승용,남,26세,경상
노인운전자사고,2022042900100016,2022년 4월 29일 01시,금요일,부산광역시 동래구 온천동,경상사고,0,0,1,0,차대사람 - 횡단중,안전운전불이행,건조,맑음,단일로 - 기타,승용,남,65세,상해없음,보행자,여,61세,경상
노인운전자사고,2.02204E+15,2022년 4월 29일 09시,금요일,부산광역시 부산진구 가야동,경상사고,0,0,1,0,차대차 - 기타,안전거리미확보,젖음/습기,비,단일로 - 기타,승용,남,65세,상해없음,승합,남,60세,기타불명
노인운전자사고,2022042900100199,2022년 4월 29일 10시,금요일,부산광역시 기장군 기장읍,경상사고,0,0,3,0,차대차 - 추돌,안전운전불이행,침수,비,교차로 - 교차로부근,승합,남,69세,상해없음,승용,여,48세,경상
노인운전자사고,2022042900100333,2022년 4월 29일 14시,금요일,부산광역시 북구 구포동,경상사고,0,0,1,0,차대차 - 기타,교차로운행방법위반,건조,맑음,교차로 - 교차로안,승용,남,70세,상해없음,이륜,남,49세,경상
노인운전자사고,2022042900100437,2022년 4월 29일 17시,금요일,부산광역시 금정구 남산동,경상사고,0,0,1,0,차대차 - 측면충돌,기타,건조,맑음,교차로 - 교차로안,승용,남,67세,상해없음,승용,여,26세,경상
노인운전자사고,2022043000100218,2022년 4월 30일 13시,토요일,부산광역시 남구 용호동,중상사고,0,1,0,0,차대차 - 기타,안전운전불이행,건조,맑음,단일로 - 기타,자전거,남,69세,중상,승용,여,44세,상해없음
노인운전자사고,2022043000100222,2022년 4월 30일 13시,토요일,부산광역시 강서구 대저1동,부상신고사고,0,0,0,1,차대차 - 측면충돌,신호위반,건조,맑음,교차로 - 교차로안,자전거,남,73세,부상신고,승용,여,60세,상해없음
노인운전자사고,2022043000100408,2022년 4월 30일 18시,토요일,부산광역시 사상구 감전동,경상사고,0,0,2,0,차대차 - 측면충돌,안전운전불이행,건조,맑음,교차로 - 교차로안,승용,남,82세,상해없음,승용,남,71세,경상
노인운전자사고,2022043000100497,2022년 4월 30일 21시,토요일,부산광역시 부산진구 범천동,중상사고,0,1,2,0,차대차 - 추돌,중앙선침범,건조,맑음,단일로 - 기타,이륜,남,67세,중상,승용,남,58세,경상
노인운전자사고,2.02205E+15,2022년 5월 1일 04시,일요일,부산광역시 연제구 거제동,중상사고,0,1,0,0,차대사람 - 차도통행중,안전운전불이행,건조,맑음,단일로 - 기타,승용,남,77세,상해없음,보행자,남,24세,중상
노인운전자사고,2022050100100113,2022년 5월 1일 10시,일요일,부산광역시 부산진구 부암동,경상사고,0,0,2,2,차대차 - 기타,교차로운행방법위반,건조,맑음,교차로 - 교차로부근,승용,남,81세,기타불명,승합,남,55세,경상
노인운전자사고,2022050100100114,2022년 5월 1일 10시,일요일,부산광역시 수영구 수영동,중상사고,0,1,0,0,차대차 - 측면충돌,신호위반,건조,맑음,교차로 - 교차로안,승용,남,70세,상해없음,이륜,남,54세,중상
노인운전자사고,2022050100100179,2022년 5월 1일 13시,일요일,부산광역시 남구 대연동,중상사고,0,1,0,0,차대차 - 기타,안전운전불이행,건조,맑음,기타 - 기타,승용,남,71세,상해없음,자전거,남,67세,중상
노인운전자사고,2022050100100181,2022년 5월 1일 13시,일요일,부산광역시 연제구 연산동,경상사고,0,0,2,0,차대차 - 기타,신호위반,건조,맑음,교차로 - 교차로안,승용,남,69세,상해없음,승용,남,66세,경상
노인운전자사고,2022050100100402,2022년 5월 1일 20시,일요일,부산광역시 서구 암남동,경상사고,0,0,1,0,차대차 - 추돌,기타,건조,맑음,교차로 - 교차로부근,승합,남,72세,상해없음,승용,남,43세,경상
노인운전자사고,2022050200100165,2022년 5월 2일 10시,월요일,부산광역시 동구 초량동,중상사고,0,1,0,0,차대차 - 측면충돌,안전운전불이행,건조,맑음,교차로 - 교차로부근,이륜,남,66세,중상,화물,남,55세,상해없음
노인운전자사고,2022050200100193,2022년 5월 2일 11시,월요일,부산광역시 금정구 두구동,경상사고,0,0,1,0,차대차 - 기타,기타,건조,맑음,교차로 - 교차로부근,승용,여,68세,상해없음,승용,여,32세,경상
노인운전자사고,2022050200100194,2022년 5월 2일 11시,월요일,부산광역시 사하구 구평동,중상사고,0,1,0,0,차대사람 - 횡단중,안전운전불이행,건조,맑음,단일로 - 기타,승용,남,76세,상해없음,보행자,여,32세,중상
노인운전자사고,2022050200100232,2022년 5월 2일 12시,월요일,부산광역시 연제구 연산동,중상사고,0,1,0,0,차대사람 - 횡단중,보행자보호의무위반,건조,맑음,교차로 - 교차로횡단보도내,승용,남,68세,상해없음,보행자,남,84세,중상
노인운전자사고,2022050200100326,2022년 5월 2일 15시,월요일,부산광역시 중구 중앙동6가,경상사고,0,0,1,0,차대차 - 기타,교차로운행방법위반,건조,맑음,교차로 - 교차로안,승용,남,65세,상해없음,승합,남,58세,상해없음
노인운전자사고,2022050200100329,2022년 5월 2일 15시,월요일,부산광역시 사하구 신평동,경상사고,0,0,2,0,차대차 - 기타,신호위반,건조,맑음,교차로 - 교차로안,승합,남,72세,상해없음,승용,남,61세,경상
노인운전자사고,2022050200100418,2022년 5월 2일 17시,월요일,부산광역시 서구 토성동2가,부상신고사고,0,0,0,1,차대차 - 기타,신호위반,젖음/습기,비,단일로 - 기타,승용,남,76세,상해없음,이륜,남,25세,부상신고
노인운전자사고,2.02205E+15,2022년 5월 2일 17시,월요일,부산광역시 동래구 온천동,경상사고,0,0,1,0,차대차 - 기타,안전운전불이행,건조,맑음,단일로 - 기타,승용,남,69세,상해없음,원동기,남,40세,경상
노인운전자사고,2022050200100565,2022년 5월 2일 21시,월요일,부산광역시 부산진구 전포동,경상사고,0,0,2,0,차대차 - 측면충돌,안전거리미확보,젖음/습기,비,교차로 - 교차로부근,승용,남,65세,상해없음,승용,남,24세,경상
노인운전자사고,2022050300100199,2022년 5월 3일 11시,화요일,부산광역시 사하구 괴정동,경상사고,0,0,1,0,차대차 - 추돌,안전거리미확보,건조,맑음,단일로 - 기타,승용,남,65세,상해없음,승용,남,64세,경상
노인운전자사고,2022050300100234,2022년 5월 3일 12시,화요일,부산광역시 동구 수정동,경상사고,0,0,1,0,차대사람 - 기타,안전운전불이행,건조,맑음,단일로 - 기타,승용,여,72세,상해없음,보행자,여,56세,경상
노인운전자사고,2022050300100237,2022년 5월 3일 12시,화요일,부산광역시 사하구 괴정동,경상사고,0,0,1,0,차대차 - 측면충돌,직진우회전진행방해,건조,맑음,교차로 - 교차로안,건설기계,남,72세,상해없음,승용,여,46세,경상
노인운전자사고,2022050300100238,2022년 5월 3일 12시,화요일,부산광역시 사상구 학장동,경상사고,0,0,1,0,차대차 - 추돌,안전운전불이행,건조,맑음,교차로 - 교차로부근,승용,여,67세,기타불명,화물,남,36세,경상
노인운전자사고,2022050300100264,2022년 5월 3일 13시,화요일,부산광역시 동래구 안락동,중상사고,0,1,0,0,차대사람 - 기타,안전운전불이행,건조,맑음,단일로 - 기타,승용,남,67세,상해없음,보행자,남,69세,중상
노인운전자사고,2022050300100265,2022년 5월 3일 13시,화요일,부산광역시 해운대구 반송동,부상신고사고,0,0,0,1,차대사람 - 횡단중,보행자보호의무위반,건조,맑음,단일로 - 기타,승용,여,65세,상해없음,보행자,남,7세,부상신고
노인운전자사고,2022050300100295,2022년 5월 3일 14시,화요일,부산광역시 부산진구 양정동,중상사고,0,1,0,0,차대사람 - 횡단중,보행자보호의무위반,건조,맑음,교차로 - 교차로안,승용,남,65세,상해없음,보행자,여,84세,중상
노인운전자사고,2022050300100377,2022년 5월 3일 16시,화요일,부산광역시 강서구 식만동,중상사고,0,1,0,0,차대차 - 측면충돌,안전거리미확보,건조,맑음,단일로 - 기타,승용,남,72세,상해없음,승용,남,66세,중상
노인운전자사고,2022050300100417,2022년 5월 3일 17시,화요일,부산광역시 동구 범일동,경상사고,0,0,1,0,차대차 - 측면충돌,교차로운행방법위반,건조,맑음,교차로 - 교차로안,승용,남,66세,상해없음,이륜,남,27세,경상
노인운전자사고,2022050300100544,2022년 5월 3일 20시,화요일,부산광역시 수영구 남천동,중상사고,0,1,0,0,차대차 - 기타,기타,건조,맑음,교차로 - 교차로부근,승용,남,70세,상해없음,이륜,남,34세,중상
노인운전자사고,2022050300100592,2022년 5월 3일 22시,화요일,부산광역시 사하구 장림동,경상사고,0,0,1,0,차대차 - 기타,안전운전불이행,건조,맑음,교차로 - 교차로부근,승용,여,65세,상해없음,승용,남,64세,경상
노인운전자사고,2022050400100003,2022년 5월 4일 00시,수요일,부산광역시 중구 중앙동6가,경상사고,0,0,5,0,차대차 - 측면충돌,신호위반,건조,맑음,교차로 - 교차로부근,승용,남,67세,상해없음,승용,남,66세,경상
노인운전자사고,2.02205E+15,2022년 5월 4일 05시,수요일,부산광역시 사하구 괴정동,경상사고,0,0,1,0,차대차 - 기타,기타,건조,맑음,단일로 - 지하차도(도로)내,승용,남,67세,기타불명,승용,남,62세,상해없음
노인운전자사고,2022050400100057,2022년 5월 4일 06시,수요일,부산광역시 사하구 하단동,중상사고,0,1,0,0,차대차 - 기타,신호위반,건조,맑음,교차로 - 교차로안,화물,남,65세,기타불명,승용,남,63세,중상
노인운전자사고,2022050400100105,2022년 5월 4일 08시,수요일,부산광역시 해운대구 우동,중상사고,0,1,1,0,차대차 - 정면충돌,안전운전불이행,건조,맑음,단일로 - 기타,승용,남,67세,상해없음,승용,남,31세,중상
노인운전자사고,2022050400100214,2022년 5월 4일 10시,수요일,부산광역시 강서구 대저1동,중상사고,0,1,0,0,차대차 - 측면충돌,중앙선침범,건조,맑음,단일로 - 기타,승용,남,69세,상해없음,화물,남,55세,중상
노인운전자사고,2022050400100286,2022년 5월 4일 12시,수요일,부산광역시 동래구 명장동,중상사고,0,1,0,0,차대차 - 측면충돌,안전운전불이행,건조,맑음,교차로 - 교차로안,승용,남,71세,상해없음,원동기,남,32세,중상
노인운전자사고,2022050400100287,2022년 5월 4일 12시,수요일,부산광역시 사하구 괴정동,중상사고,0,1,0,0,차대차 - 기타,안전운전불이행,건조,맑음,교차로 - 교차로부근,화물,남,66세,상해없음,이륜,남,33세,중상
노인운전자사고,2022050400100319,2022년 5월 4일 13시,수요일,부산광역시 부산진구 범천동,중상사고,0,1,0,0,차대차 - 기타,신호위반,건조,맑음,교차로 - 교차로안,승용,남,69세,상해없음,승용,남,56세,중상
노인운전자사고,2022050400100529,2022년 5월 4일 18시,수요일,부산광역시 동래구 낙민동,경상사고,0,0,1,0,차대차 - 측면충돌,안전운전불이행,건조,맑음,단일로 - 기타,승용,남,73세,상해없음,승용,남,41세,경상
노인운전자사고,2022050400100594,2022년 5월 4일 19시,수요일,부산광역시 서구 동대신동1가,경상사고,0,0,1,0,차대차 - 기타,신호위반,건조,맑음,교차로 - 교차로안,승용,여,67세,상해없음,이륜,남,28세,경상
노인운전자사고,2022050500100071,2022년 5월 5일 07시,목요일,부산광역시 금정구 서동,경상사고,0,0,1,0,차대차 - 측면충돌,신호위반,건조,맑음,교차로 - 교차로부근,승용,남,70세,상해없음,승용,남,47세,경상
노인운전자사고,2022050500100365,2022년 5월 5일 17시,목요일,부산광역시 영도구 영선동4가,경상사고,0,0,1,0,차대차 - 추돌,안전운전불이행,건조,맑음,단일로 - 기타,승용,남,69세,상해없음,이륜,남,23세,경상
노인운전자사고,2022050600100398,2022년 5월 6일 16시,금요일,부산광역시 동구 수정동,경상사고,0,0,3,0,차대차 - 측면충돌,안전운전불이행,건조,맑음,단일로 - 기타,이륜,남,68세,상해없음,승용,여,50세,경상
노인운전자사고,2022050600100399,2022년 5월 6일 16시,금요일,부산광역시 강서구 녹산동,경상사고,0,0,1,0,차대차 - 추돌,안전운전불이행,건조,맑음,단일로 - 기타,승용,남,67세,상해없음,승용,남,33세,경상
노인운전자사고,2022050600100441,2022년 5월 6일 17시,금요일,부산광역시 수영구 남천동,경상사고,0,0,4,0,차대차 - 측면충돌,안전운전불이행,건조,맑음,단일로 - 교량,승용,남,74세,기타불명,승용,남,53세,경상
노인운전자사고,2022050600100444,2022년 5월 6일 17시,금요일,부산광역시 금정구 장전동,경상사고,0,0,2,0,차대차 - 추돌,안전운전불이행,건조,맑음,기타 - 기타,승용,남,68세,상해없음,승용,남,32세,경상
노인운전자사고,2022050600100502,2022년 5월 6일 18시,금요일,부산광역시 부산진구 전포동,경상사고,0,0,1,1,차대차 - 기타,안전운전불이행,건조,맑음,교차로 - 교차로안,이륜,남,65세,부상신고,승용,남,27세,경상
노인운전자사고,2022050600100548,2022년 5월 6일 19시,금요일,부산광역시 북구 만덕동,경상사고,0,0,1,0,차대차 - 추돌,안전운전불이행,건조,맑음,기타 - 기타,승용,남,66세,상해없음,원동기,남,31세,경상
노인운전자사고,2022050700100068,2022년 5월 7일 08시,토요일,부산광역시 사상구 모라동,경상사고,0,0,1,0,차대차 - 측면충돌,신호위반,건조,맑음,교차로 - 교차로안,승용,남,70세,상해없음,자전거,남,60세,경상
노인운전자사고,2022050700100132,2022년 5월 7일 11시,토요일,부산광역시 동래구 낙민동,경상사고,0,0,2,0,차대차 - 추돌,안전운전불이행,건조,맑음,단일로 - 기타,화물,남,76세,상해없음,승용,남,30세,경상
노인운전자사고,2022050700100296,2022년 5월 7일 15시,토요일,부산광역시 북구 만덕동,경상사고,0,0,2,0,차대차 - 기타,차로위반,건조,맑음,단일로 - 기타,승용,남,68세,상해없음,승용,남,43세,경상
노인운전자사고,2022050700100298,2022년 5월 7일 15시,토요일,부산광역시 금정구 장전동,경상사고,0,0,1,0,차대사람 - 횡단중,안전운전불이행,건조,맑음,단일로 - 지하차도(도로)내,승용,남,79세,상해없음,보행자,여,60세,경상
노인운전자사고,2022050700100329,2022년 5월 7일 16시,토요일,부산광역시 부산진구 개금동,경상사고,0,0,1,0,차대차 - 측면충돌,안전거리미확보,건조,맑음,단일로 - 기타,화물,남,85세,기타불명,승용,여,72세,경상
노인운전자사고,2022050700100369,2022년 5월 7일 17시,토요일,부산광역시 강서구 명지동,경상사고,0,0,1,0,차대차 - 측면충돌,안전거리미확보,건조,맑음,단일로 - 지하차도(도로)내,승용,남,69세,상해없음,승용,남,42세,경상
노인운전자사고,2022050700100469,2022년 5월 7일 20시,토요일,부산광역시 부산진구 부암동,경상사고,0,0,1,0,차대차 - 기타,신호위반,건조,맑음,교차로 - 교차로안,승용,남,76세,상해없음,승용,남,61세,경상
노인운전자사고,2022050700100471,2022년 5월 7일 20시,토요일,부산광역시 기장군 정관읍,경상사고,0,0,5,0,차대차 - 추돌,안전운전불이행,건조,맑음,교차로 - 교차로부근,승용,남,67세,상해없음,승용,남,45세,경상
노인운전자사고,2022050700100502,2022년 5월 7일 21시,토요일,부산광역시 부산진구 부전동,경상사고,0,0,1,0,차대사람 - 기타,안전운전불이행,건조,맑음,단일로 - 기타,승용,남,71세,상해없음,보행자,남,19세,경상
노인운전자사고,2022050800100006,2022년 5월 8일 00시,일요일,부산광역시 동구 초량동,경상사고,0,0,1,0,차대차 - 추돌,안전운전불이행,건조,맑음,단일로 - 기타,승용,남,66세,상해없음,승용,남,62세,경상
노인운전자사고,2022050800100059,2022년 5월 8일 07시,일요일,부산광역시 금정구 청룡동,경상사고,0,0,1,0,차대사람 - 횡단중,안전운전불이행,건조,맑음,단일로 - 기타,승용,남,74세,상해없음,보행자,남,73세,경상
노인운전자사고,2.02205E+15,2022년 5월 8일 10시,일요일,부산광역시 영도구 동삼동,중상사고,0,1,1,0,차대사람 - 횡단중,안전운전불이행,건조,맑음,교차로 - 교차로부근,승용,남,72세,상해없음,보행자,여,68세,경상
노인운전자사고,2022050800100179,2022년 5월 8일 13시,일요일,부산광역시 해운대구 우동,경상사고,0,0,1,2,차대차 - 기타,안전운전불이행,건조,맑음,교차로 - 교차로안,승용,남,66세,부상신고,이륜,남,26세,경상
노인운전자사고,2022050800100371,2022년 5월 8일 19시,일요일,부산광역시 동구 초량동,경상사고,0,0,1,0,차대차 - 측면충돌,안전거리미확보,건조,맑음,교차로 - 교차로부근,승용,남,72세,상해없음,승용,여,54세,경상
노인운전자사고,2022050900100234,2022년 5월 9일 12시,월요일,부산광역시 금정구 노포동,경상사고,0,0,2,0,차대차 - 측면충돌,안전거리미확보,건조,맑음,단일로 - 기타,화물,여,65세,상해없음,화물,남,25세,경상
노인운전자사고,2022050900100388,2022년 5월 9일 16시,월요일,부산광역시 사하구 장림동,중상사고,0,1,0,0,차대사람 - 길가장자리구역통행중,안전운전불이행,건조,맑음,교차로 - 교차로부근,승용,남,67세,상해없음,보행자,남,17세,중상
노인운전자사고,2022050900100523,2022년 5월 9일 19시,월요일,부산광역시 금정구 서동,경상사고,0,0,1,0,차대차 - 측면충돌,중앙선침범,건조,맑음,교차로 - 교차로부근,승용,여,65세,상해없음,이륜,남,38세,경상
노인운전자사고,2022050900100551,2022년 5월 9일 20시,월요일,부산광역시 해운대구 우동,경상사고,0,0,3,0,차대차 - 추돌,안전운전불이행,건조,맑음,교차로 - 교차로부근,승용,남,65세,상해없음,승용,남,58세,경상
노인운전자사고,2022050900100574,2022년 5월 9일 21시,월요일,부산광역시 강서구 송정동,경상사고,0,0,3,0,차대차 - 측면충돌,신호위반,건조,맑음,교차로 - 교차로안,승용,남,68세,상해없음,승용,남,41세,경상
노인운전자사고,2022050900100608,2022년 5월 9일 23시,월요일,부산광역시 부산진구 범천동,경상사고,0,0,1,0,차대사람 - 횡단중,보행자보호의무위반,건조,맑음,단일로 - 기타,화물,남,68세,상해없음,보행자,남,34세,경상