사고부문,사고번호,사고일시,요일,시군구,사고내용,사망자수,중상자수,경상자수,부상신고자수,사고유형,법규위반,노면상태,기상상태,도로형태,가해운전자 차종,가해운전자 성별,가해운전자 연령,가해운전자 상해정도,피해운전자 차종,피해운전자 성별,피해운전자 연령,피해운전자 상해정도
노인운전자사고,2022051000100056,2022년 5월 10일 07시,화요일,부산광역시 사하구 장림동,중상사고,0,1,0,0,차대사람 - 차도통행중,안전운전불이행,건조,맑음,교차로 - 교차로안,승용,남,70세,상해없음,보행자,남,17세,중상
노인운전자사고,2.02205E+15,2022년 5월 10일 09시,화요일,부산광역시 동래구 안락동,중상사고,0,1,0,0,차대차 - 측면충돌,안전운전불이행,건조,맑음,단일로 - 기타,승용,남,66세,상해없음,자전거,남,78세,중상
노인운전자사고,2.02205E+15,2022년 5월 10일 14시,화요일,부산광역시 중구 남포동1가,경상사고,0,0,1,0,차대차 - 기타,안전운전불이행,건조,맑음,교차로 - 교차로안,승용,남,71세,상해없음,승용,남,50세,경상
노인운전자사고,2.02205E+15,2022년 5월 10일 17시,화요일,부산광역시 강서구 명지동,중상사고,0,1,2,0,차대차 - 추돌,기타,건조,맑음,단일로 - 교량,승용,남,68세,상해없음,이륜,남,58세,중상
노인운전자사고,2022051100100079,2022년 5월 11일 08시,수요일,부산광역시 사하구 괴정동,중상사고,0,1,0,0,차대차 - 기타,불법유턴,건조,맑음,단일로 - 기타,자전거,남,71세,중상,승용,남,49세,상해없음
노인운전자사고,2022051100100152,2022년 5월 11일 10시,수요일,부산광역시 동래구 명장동,경상사고,0,0,1,0,차대차 - 측면충돌,안전운전불이행,건조,맑음,교차로 - 교차로안,승용,남,71세,상해없음,승용,남,67세,경상
노인운전자사고,2022051100100153,2022년 5월 11일 10시,수요일,부산광역시 부산진구 개금동,중상사고,0,1,0,0,차대사람 - 기타,안전운전불이행,건조,맑음,단일로 - 기타,승용,남,69세,상해없음,보행자,여,76세,중상
노인운전자사고,2022051100100154,2022년 5월 11일 10시,수요일,부산광역시 금정구 금사동,경상사고,0,0,1,1,차대차 - 측면충돌,교차로운행방법위반,건조,맑음,교차로 - 교차로안,화물,남,73세,부상신고,화물,남,64세,경상
노인운전자사고,2022051100100178,2022년 5월 11일 11시,수요일,부산광역시 중구 신창동4가,중상사고,0,1,0,0,차대사람 - 기타,안전운전불이행,건조,맑음,단일로 - 기타,승용,남,68세,상해없음,보행자,여,84세,중상
노인운전자사고,2022051100100204,2022년 5월 11일 12시,수요일,부산광역시 부산진구 전포동,중상사고,0,1,0,0,차대차 - 측면충돌,기타,건조,맑음,단일로 - 기타,승용,남,74세,상해없음,이륜,남,44세,중상
노인운전자사고,2.02205E+15,2022년 5월 11일 13시,수요일,부산광역시 금정구 부곡동,경상사고,0,0,1,0,차대사람 - 기타,안전운전불이행,건조,맑음,기타 - 기타,화물,남,76세,상해없음,보행자,남,61세,경상
노인운전자사고,2022051100100261,2022년 5월 11일 14시,수요일,부산광역시 서구 충무동1가,중상사고,0,1,0,0,차대사람 - 횡단중,안전운전불이행,건조,맑음,교차로 - 교차로부근,화물,남,67세,상해없음,보행자,여,52세,중상
노인운전자사고,2022051100100336,2022년 5월 11일 16시,수요일,부산광역시 강서구 송정동,중상사고,0,1,0,0,차대차 - 측면충돌,안전운전불이행,건조,맑음,교차로 - 교차로안,특수,남,65세,상해없음,승용,남,34세,중상
노인운전자사고,2022051100100568,2022년 5월 11일 23시,수요일,부산광역시 남구 대연동,경상사고,0,0,1,0,차대사람 - 횡단중,신호위반,건조,맑음,교차로 - 교차로부근,승용,남,71세,상해없음,보행자,여,26세,경상
노인운전자사고,2.02205E+15,2022년 5월 12일 07시,목요일,부산광역시 기장군 기장읍,중상사고,0,1,0,0,차대차 - 기타,안전운전불이행,건조,맑음,교차로 - 교차로안,승용,여,78세,상해없음,이륜,남,59세,중상
노인운전자사고,2022051200100096,2022년 5월 12일 08시,목요일,부산광역시 수영구 망미동,경상사고,0,0,2,0,차대차 - 기타,기타,건조,맑음,단일로 - 기타,승용,남,81세,상해없음,개인형이동수단(PM),남,40세,경상
노인운전자사고,2022051200100192,2022년 5월 12일 11시,목요일,부산광역시 금정구 부곡동,경상사고,0,0,1,0,차대차 - 추돌,안전운전불이행,건조,맑음,단일로 - 기타,화물,남,65세,상해없음,이륜,남,77세,경상
노인운전자사고,2022051200100222,2022년 5월 12일 12시,목요일,부산광역시 남구 대연동,중상사고,0,2,0,0,차대차 - 측면충돌,안전운전불이행,건조,맑음,단일로 - 기타,승용,남,66세,상해없음,승용,남,25세,중상
노인운전자사고,2022051200100224,2022년 5월 12일 12시,목요일,부산광역시 기장군 기장읍,중상사고,0,1,0,0,차대사람 - 횡단중,직진우회전진행방해,건조,맑음,교차로 - 교차로안,승용,남,67세,상해없음,보행자,남,63세,중상
노인운전자사고,2022051200100316,2022년 5월 12일 15시,목요일,부산광역시 중구 남포동5가,경상사고,0,0,1,0,차대사람 - 기타,안전운전불이행,건조,맑음,단일로 - 기타,승용,여,75세,상해없음,보행자,여,67세,경상
노인운전자사고,2022051200100358,2022년 5월 12일 16시,목요일,부산광역시 동래구 안락동,중상사고,0,1,0,0,차대차 - 기타,안전운전불이행,건조,맑음,단일로 - 기타,승용,남,67세,상해없음,화물,남,65세,중상
노인운전자사고,2022051200100489,2022년 5월 12일 19시,목요일,부산광역시 남구 대연동,중상사고,0,2,0,0,차대차 - 추돌,안전거리미확보,건조,맑음,교차로 - 교차로부근,화물,남,69세,기타불명,승용,남,48세,중상
노인운전자사고,2.02205E+15,2022년 5월 12일 19시,목요일,부산광역시 영도구 봉래동4가,경상사고,0,0,1,0,차대차 - 측면충돌,안전운전불이행,건조,맑음,단일로 - 기타,화물,남,69세,상해없음,승용,여,33세,경상
노인운전자사고,2022051300100087,2022년 5월 13일 08시,금요일,부산광역시 영도구 대교동1가,경상사고,0,0,1,0,차대차 - 추돌,안전운전불이행,건조,맑음,단일로 - 지하차도(도로)내,승용,여,70세,기타불명,승용,남,41세,경상
노인운전자사고,2022051300100136,2022년 5월 13일 09시,금요일,부산광역시 동구 초량동,경상사고,0,0,1,0,차대차 - 측면충돌,안전거리미확보,건조,맑음,단일로 - 기타,승용,남,65세,상해없음,승용,여,51세,경상
노인운전자사고,2022051300100164,2022년 5월 13일 10시,금요일,부산광역시 동래구 칠산동,경상사고,0,0,1,0,차대사람 - 횡단중,보행자보호의무위반,건조,맑음,교차로 - 교차로횡단보도내,승용,남,65세,상해없음,보행자,여,41세,경상
노인운전자사고,2022051300100205,2022년 5월 13일 11시,금요일,부산광역시 기장군 기장읍,경상사고,0,0,1,0,차대차 - 기타,안전운전불이행,건조,맑음,교차로 - 교차로부근,승용,남,79세,상해없음,화물,남,50세,경상
노인운전자사고,2.02205E+15,2022년 5월 13일 14시,금요일,부산광역시 남구 대연동,중상사고,0,2,0,0,차대차 - 추돌,안전운전불이행,건조,맑음,단일로 - 터널,화물,남,69세,중상,화물,남,62세,상해없음
노인운전자사고,2022051300100469,2022년 5월 13일 18시,금요일,부산광역시 동래구 복천동,경상사고,0,0,1,0,차대차 - 측면충돌,안전거리미확보,건조,맑음,단일로 - 기타,승용,남,65세,상해없음,승용,남,69세,경상
노인운전자사고,2022051300100575,2022년 5월 13일 20시,금요일,부산광역시 남구 문현동,경상사고,0,0,2,0,차대차 - 측면충돌,안전거리미확보,건조,맑음,교차로 - 교차로부근,승용,남,69세,경상,승용,남,23세,상해없음
노인운전자사고,2022051400100122,2022년 5월 14일 09시,토요일,부산광역시 동구 초량동,부상신고사고,0,0,0,1,차대차 - 추돌,안전운전불이행,건조,맑음,단일로 - 기타,승용,남,74세,상해없음,승용,남,47세,부상신고
노인운전자사고,2022051400100123,2022년 5월 14일 09시,토요일,부산광역시 사하구 장림동,경상사고,0,0,1,0,차대차 - 측면충돌,안전거리미확보,건조,맑음,단일로 - 기타,승용,남,68세,상해없음,승합,여,61세,경상
노인운전자사고,2.02205E+15,2022년 5월 14일 11시,토요일,부산광역시 동래구 안락동,중상사고,0,1,0,0,차대차 - 정면충돌,안전운전불이행,기타,맑음,기타 - 기타,자전거,남,73세,상해없음,자전거,여,35세,중상
노인운전자사고,2022051400100225,2022년 5월 14일 12시,토요일,부산광역시 북구 화명동,경상사고,0,0,1,0,차대차 - 기타,안전운전불이행,건조,맑음,단일로 - 기타,승용,남,66세,상해없음,승합,남,31세,상해없음
노인운전자사고,2022051400100306,2022년 5월 14일 14시,토요일,부산광역시 북구 덕천동,경상사고,0,0,1,0,차대사람 - 기타,안전운전불이행,건조,맑음,기타 - 기타,승용,남,75세,상해없음,보행자,남,82세,경상
노인운전자사고,2022051400100347,2022년 5월 14일 15시,토요일,부산광역시 동래구 온천동,중상사고,0,1,0,0,차대차 - 기타,안전운전불이행,건조,맑음,교차로 - 교차로안,승용,남,72세,상해없음,사륜오토바이(ATV),남,43세,중상
노인운전자사고,2022051500100005,2022년 5월 15일 00시,일요일,부산광역시 부산진구 연지동,중상사고,0,1,3,1,차대차 - 추돌,안전운전불이행,건조,맑음,교차로 - 교차로부근,승용,남,72세,부상신고,승용,여,44세,경상
노인운전자사고,2022051500100191,2022년 5월 15일 12시,일요일,부산광역시 강서구 식만동,중상사고,0,1,1,0,차대차 - 기타,중앙선침범,건조,맑음,단일로 - 기타,승용,남,75세,기타불명,화물,남,30세,경상
노인운전자사고,2022051500100283,2022년 5월 15일 15시,일요일,부산광역시 해운대구 재송동,경상사고,0,0,1,0,차대차 - 기타,교차로운행방법위반,건조,맑음,교차로 - 교차로안,승용,남,71세,상해없음,승용,남,32세,상해없음
노인운전자사고,2022051600100135,2022년 5월 16일 09시,월요일,부산광역시 서구 동대신동2가,경상사고,0,0,2,0,차대차 - 측면충돌,안전운전불이행,건조,맑음,단일로 - 기타,화물,남,71세,경상,승합,남,53세,경상
노인운전자사고,2022051600100181,2022년 5월 16일 10시,월요일,부산광역시 연제구 거제동,경상사고,0,0,1,0,차대차 - 측면충돌,안전거리미확보,건조,맑음,단일로 - 기타,승용,남,72세,상해없음,화물,남,30세,경상
노인운전자사고,2022051600100207,2022년 5월 16일 11시,월요일,부산광역시 동구 범일동,경상사고,0,0,1,0,차대차 - 측면충돌,안전거리미확보,건조,맑음,단일로 - 기타,승용,여,66세,상해없음,승용,남,37세,경상
노인운전자사고,2022051600100241,2022년 5월 16일 12시,월요일,부산광역시 부산진구 개금동,경상사고,0,0,1,0,차대사람 - 기타,안전운전불이행,건조,맑음,단일로 - 기타,승용,남,65세,상해없음,보행자,남,53세,경상
노인운전자사고,2022051600100343,2022년 5월 16일 15시,월요일,부산광역시 수영구 광안동,경상사고,0,0,2,0,차대차 - 추돌,안전운전불이행,건조,맑음,단일로 - 기타,이륜,남,72세,상해없음,승용,남,70세,경상
노인운전자사고,2022051600100381,2022년 5월 16일 16시,월요일,부산광역시 사하구 당리동,경상사고,0,0,1,0,차대사람 - 길가장자리구역통행중,안전운전불이행,건조,맑음,단일로 - 기타,승용,남,71세,상해없음,보행자,여,48세,경상
노인운전자사고,2022051600100423,2022년 5월 16일 17시,월요일,부산광역시 서구 토성동5가,부상신고사고,0,0,0,1,차대사람 - 기타,안전운전불이행,건조,맑음,단일로 - 기타,화물,남,65세,상해없음,보행자,남,74세,부상신고
노인운전자사고,2022051600100424,2022년 5월 16일 17시,월요일,부산광역시 남구 문현동,경상사고,0,0,1,0,차대차 - 측면충돌,안전운전불이행,건조,맑음,기타 - 기타,승합,남,72세,상해없음,승용,여,38세,경상
노인운전자사고,2022051600100426,2022년 5월 16일 17시,월요일,부산광역시 남구 우암동,경상사고,0,0,1,0,차대차 - 측면충돌,안전운전불이행,건조,맑음,단일로 - 기타,특수,남,68세,상해없음,승용,남,49세,경상
노인운전자사고,2022051600100471,2022년 5월 16일 18시,월요일,부산광역시 동래구 명장동,중상사고,0,1,0,0,차대차 - 측면충돌,안전운전불이행,건조,맑음,교차로 - 교차로부근,이륜,여,69세,중상,승용,남,51세,상해없음
노인운전자사고,2022051600100516,2022년 5월 16일 19시,월요일,부산광역시 강서구 명지동,중상사고,0,1,0,0,차대차 - 기타,불법유턴,건조,맑음,교차로 - 교차로횡단보도내,자전거,남,68세,중상,승용,남,27세,상해없음
노인운전자사고,2.02205E+15,2022년 5월 16일 23시,월요일,부산광역시 부산진구 전포동,사망사고,1,0,0,0,차대차 - 추돌,안전운전불이행,건조,맑음,교차로 - 교차로부근,건설기계,남,72세,상해없음,이륜,남,32세,사망
노인운전자사고,2022051700100011,2022년 5월 17일 01시,화요일,부산광역시 금정구 회동동,경상사고,0,0,3,0,차대차 - 추돌,기타,건조,맑음,교차로 - 교차로부근,승용,남,70세,경상,승용,여,64세,경상
노인운전자사고,2022051700100124,2022년 5월 17일 09시,화요일,부산광역시 사하구 하단동,경상사고,0,0,1,0,차대차 - 기타,안전거리미확보,건조,맑음,단일로 - 기타,승용,여,68세,상해없음,승용,남,65세,경상
노인운전자사고,2022051700100187,2022년 5월 17일 11시,화요일,부산광역시 서구 서대신동3가,경상사고,0,0,1,0,차대사람 - 기타,안전운전불이행,건조,맑음,교차로 - 교차로부근,승용,남,67세,상해없음,보행자,여,2세,경상
노인운전자사고,2022051700100221,2022년 5월 17일 12시,화요일,부산광역시 수영구 광안동,중상사고,0,1,0,0,차대차 - 기타,안전운전불이행,건조,맑음,교차로 - 교차로안,승용,남,69세,상해없음,이륜,남,47세,중상
노인운전자사고,2022051700100326,2022년 5월 17일 15시,화요일,부산광역시 북구 덕천동,경상사고,0,0,1,0,차대차 - 기타,안전운전불이행,건조,맑음,단일로 - 기타,승용,남,80세,상해없음,특수,남,41세,경상
노인운전자사고,2.02205E+15,2022년 5월 17일 16시,화요일,부산광역시 기장군 기장읍,중상사고,0,2,0,0,차대사람 - 횡단중,안전운전불이행,건조,맑음,교차로 - 교차로부근,승용,남,68세,상해없음,보행자,여,17세,중상
노인운전자사고,2.02205E+15,2022년 5월 18일 02시,수요일,부산광역시 해운대구 반여동,경상사고,0,0,1,0,차대차 - 추돌,안전거리미확보,건조,맑음,단일로 - 기타,화물,남,65세,상해없음,승용,남,65세,경상
노인운전자사고,2022051800100094,2022년 5월 18일 08시,수요일,부산광역시 부산진구 부전동,부상신고사고,0,0,0,1,차대차 - 기타,차로위반,건조,맑음,단일로 - 기타,승용,남,65세,상해없음,승합,남,59세,상해없음
노인운전자사고,2022051800100173,2022년 5월 18일 10시,수요일,부산광역시 동구 범일동,경상사고,0,0,1,0,차대사람 - 횡단중,신호위반,건조,맑음,단일로 - 기타,승용,남,76세,상해없음,보행자,여,64세,경상
노인운전자사고,2022051800100328,2022년 5월 18일 15시,수요일,부산광역시 연제구 거제동,중상사고,0,1,1,1,차대차 - 기타,안전운전불이행,건조,맑음,단일로 - 기타,승용,여,73세,상해없음,화물,남,49세,중상
노인운전자사고,2.02205E+15,2022년 5월 18일 16시,수요일,부산광역시 해운대구 석대동,경상사고,0,0,3,0,차대차 - 기타,안전거리미확보,건조,맑음,단일로 - 기타,승용,남,74세,경상,승용,여,51세,경상
노인운전자사고,2022051800100465,2022년 5월 18일 18시,수요일,부산광역시 남구 문현동,중상사고,0,1,0,0,차대차 - 기타,안전운전불이행,건조,맑음,기타 - 기타,승용,남,76세,상해없음,이륜,남,52세,중상
노인운전자사고,2022051800100468,2022년 5월 18일 18시,수요일,부산광역시 사상구 주례동,중상사고,0,1,0,0,차량단독 - 공작물충돌,안전운전불이행,건조,맑음,교차로 - 교차로부근,승용,여,70세,중상,,,,
노인운전자사고,2.02205E+15,2022년 5월 19일 07시,목요일,부산광역시 기장군 기장읍,중상사고,0,1,0,0,차대차 - 기타,안전운전불이행,건조,맑음,단일로 - 기타,승용,남,68세,상해없음,이륜,남,74세,중상
노인운전자사고,2022051900100071,2022년 5월 19일 07시,목요일,부산광역시 기장군 일광읍,경상사고,0,0,1,0,차대차 - 기타,중앙선침범,건조,맑음,교차로 - 교차로부근,승용,남,77세,상해없음,승용,남,25세,경상
노인운전자사고,2022051900100205,2022년 5월 19일 11시,목요일,부산광역시 금정구 구서동,경상사고,0,0,1,0,차대차 - 기타,신호위반,건조,맑음,단일로 - 기타,승용,여,66세,상해없음,승용,여,35세,경상
노인운전자사고,2022051900100226,2022년 5월 19일 12시,목요일,부산광역시 동구 초량동,중상사고,0,1,0,0,차대사람 - 기타,안전운전불이행,건조,맑음,단일로 - 기타,화물,남,65세,상해없음,보행자,여,72세,중상
노인운전자사고,2022051900100257,2022년 5월 19일 13시,목요일,부산광역시 서구 초장동,중상사고,0,1,1,0,차대차 - 기타,안전운전불이행,건조,맑음,교차로 - 교차로안,승용,남,66세,경상,승용,남,24세,중상
노인운전자사고,2022051900100381,2022년 5월 19일 17시,목요일,부산광역시 북구 덕천동,경상사고,0,0,2,0,차대차 - 기타,안전운전불이행,건조,맑음,단일로 - 기타,화물,남,71세,상해없음,승용,여,30세,경상
노인운전자사고,2022051900100429,2022년 5월 19일 18시,목요일,부산광역시 중구 중앙동6가,중상사고,0,1,0,0,차대사람 - 횡단중,안전운전불이행,건조,맑음,교차로 - 교차로안,화물,남,73세,상해없음,보행자,남,59세,중상
노인운전자사고,2022051900100523,2022년 5월 19일 21시,목요일,부산광역시 수영구 망미동,중상사고,0,1,0,0,차대차 - 기타,안전운전불이행,건조,맑음,단일로 - 기타,승용,남,70세,기타불명,자전거,여,19세,중상
노인운전자사고,2022052000100299,2022년 5월 20일 14시,금요일,부산광역시 수영구 수영동,중상사고,0,1,0,0,차대차 - 기타,안전운전불이행,건조,맑음,교차로 - 교차로부근,승용,남,75세,상해없음,이륜,남,74세,중상
노인운전자사고,2022052000100333,2022년 5월 20일 15시,금요일,부산광역시 기장군 일광읍,경상사고,0,0,1,0,차대차 - 측면충돌,안전거리미확보,건조,맑음,단일로 - 기타,특수,남,69세,상해없음,승용,여,59세,경상
노인운전자사고,2022052000100434,2022년 5월 20일 17시,금요일,부산광역시 북구 만덕동,경상사고,0,0,1,0,차대차 - 기타,기타,건조,맑음,단일로 - 기타,승용,남,80세,상해없음,이륜,남,35세,경상
노인운전자사고,2022052100100142,2022년 5월 21일 10시,토요일,부산광역시 부산진구 초읍동,중상사고,0,7,3,2,차대차 - 기타,신호위반,건조,맑음,교차로 - 교차로안,승용,남,71세,기타불명,승합,남,38세,경상
노인운전자사고,2.02205E+15,2022년 5월 21일 11시,토요일,부산광역시 중구 부평동2가,경상사고,0,0,1,0,차대사람 - 기타,안전운전불이행,건조,맑음,단일로 - 기타,이륜,남,78세,상해없음,보행자,여,49세,경상
노인운전자사고,2022052100100275,2022년 5월 21일 13시,토요일,부산광역시 사하구 다대동,경상사고,0,0,2,0,차대차 - 기타,안전운전불이행,건조,맑음,단일로 - 지하차도(도로)내,승용,남,65세,경상,승합,남,47세,상해없음
노인운전자사고,2022052100100314,2022년 5월 21일 14시,토요일,부산광역시 부산진구 부전동,중상사고,0,1,0,0,차대차 - 기타,기타,건조,맑음,단일로 - 기타,승용,남,74세,상해없음,이륜,남,64세,중상
노인운전자사고,2022052100100397,2022년 5월 21일 16시,토요일,부산광역시 동래구 명륜동,경상사고,0,0,1,0,차대차 - 추돌,안전운전불이행,건조,맑음,교차로 - 교차로부근,승용,남,69세,상해없음,승용,남,51세,경상
노인운전자사고,2022052100100559,2022년 5월 21일 21시,토요일,부산광역시 부산진구 부전동,경상사고,0,0,1,0,차대사람 - 횡단중,안전운전불이행,건조,맑음,단일로 - 기타,승용,남,68세,상해없음,보행자,남,5세,경상
노인운전자사고,2022052100100576,2022년 5월 21일 22시,토요일,부산광역시 부산진구 전포동,경상사고,0,0,3,0,차대차 - 추돌,안전운전불이행,건조,맑음,단일로 - 기타,승용,남,75세,상해없음,승용,남,49세,경상
노인운전자사고,2022052200100096,2022년 5월 22일 10시,일요일,부산광역시 기장군 정관읍,경상사고,0,0,1,0,차대차 - 기타,안전운전불이행,건조,맑음,교차로 - 교차로안,승용,여,65세,상해없음,승용,남,32세,경상
노인운전자사고,2.02205E+15,2022년 5월 22일 13시,일요일,부산광역시 해운대구 송정동,경상사고,0,0,1,0,차대차 - 기타,중앙선침범,건조,맑음,단일로 - 기타,특수,남,67세,상해없음,이륜,남,23세,경상
노인운전자사고,2022052200100225,2022년 5월 22일 14시,일요일,부산광역시 사상구 삼락동,중상사고,0,1,0,0,차대차 - 추돌,안전운전불이행,건조,맑음,단일로 - 기타,승용,남,71세,상해없음,승용,남,53세,중상
노인운전자사고,2022052200100289,2022년 5월 22일 16시,일요일,부산광역시 서구 남부민동,중상사고,0,2,0,1,차대차 - 기타,안전운전불이행,건조,맑음,교차로 - 교차로부근,화물,남,81세,중상,승용,여,44세,기타불명
노인운전자사고,2022052300100039,2022년 5월 23일 06시,월요일,부산광역시 동래구 온천동,경상사고,0,0,1,0,차대차 - 기타,신호위반,건조,맑음,단일로 - 기타,승용,남,66세,상해없음,이륜,남,58세,경상
노인운전자사고,2022052300100136,2022년 5월 23일 09시,월요일,부산광역시 영도구 청학동,경상사고,0,0,1,0,차대차 - 기타,안전거리미확보,건조,맑음,단일로 - 기타,승용,남,67세,상해없음,승용,남,72세,상해없음
노인운전자사고,2022052300100273,2022년 5월 23일 13시,월요일,부산광역시 부산진구 전포동,경상사고,0,0,1,0,차대차 - 기타,불법유턴,건조,맑음,기타 - 기타,이륜,남,69세,상해없음,승용,남,74세,경상
노인운전자사고,2022052300100308,2022년 5월 23일 14시,월요일,부산광역시 금정구 구서동,경상사고,0,0,1,0,차대사람 - 보도통행중,기타,건조,맑음,단일로 - 기타,승합,남,65세,상해없음,보행자,여,27세,경상
노인운전자사고,2022052300100384,2022년 5월 23일 16시,월요일,부산광역시 동래구 사직동,경상사고,0,0,1,0,차대사람 - 기타,안전운전불이행,건조,맑음,교차로 - 교차로부근,승용,남,72세,상해없음,보행자,남,38세,경상
노인운전자사고,2022052300100616,2022년 5월 23일 23시,월요일,부산광역시 해운대구 우동,경상사고,0,0,1,0,차대차 - 측면충돌,안전운전불이행,건조,맑음,단일로 - 기타,승용,남,75세,상해없음,승용,남,27세,경상
노인운전자사고,2022052400100029,2022년 5월 24일 05시,화요일,부산광역시 북구 만덕동,경상사고,0,0,1,0,차대차 - 후진중충돌,안전운전불이행,건조,맑음,단일로 - 기타,승용,남,66세,상해없음,승용,남,52세,경상
노인운전자사고,2022052400100069,2022년 5월 24일 08시,화요일,부산광역시 동구 초량동,경상사고,0,0,1,0,차대사람 - 차도통행중,안전운전불이행,건조,맑음,단일로 - 기타,승용,남,68세,상해없음,보행자,여,25세,경상
노인운전자사고,2022052400100125,2022년 5월 24일 09시,화요일,부산광역시 수영구 광안동,중상사고,0,1,0,0,차대차 - 기타,중앙선침범,건조,맑음,기타 - 기타,승용,남,69세,상해없음,이륜,남,25세,중상
노인운전자사고,2022052400100126,2022년 5월 24일 09시,화요일,부산광역시 부산진구 부전동,경상사고,0,0,1,0,차대사람 - 횡단중,보행자보호의무위반,건조,맑음,단일로 - 기타,화물,남,67세,상해없음,보행자,여,64세,경상
노인운전자사고,2022052400100237,2022년 5월 24일 12시,화요일,부산광역시 수영구 수영동,경상사고,0,0,2,0,차대차 - 측면충돌,교차로운행방법위반,건조,맑음,교차로 - 교차로안,승용,여,67세,상해없음,승용,남,50세,경상
노인운전자사고,2022052400100376,2022년 5월 24일 16시,화요일,부산광역시 동구 범일동,경상사고,0,0,1,0,차대차 - 측면충돌,안전운전불이행,건조,맑음,교차로 - 교차로부근,화물,남,66세,상해없음,화물,남,58세,경상
노인운전자사고,2022052500100026,2022년 5월 25일 04시,수요일,부산광역시 금정구 노포동,경상사고,0,0,1,0,차대차 - 측면충돌,안전거리미확보,건조,맑음,단일로 - 기타,승용,남,65세,상해없음,승용,남,60세,경상
노인운전자사고,2022052500100082,2022년 5월 25일 08시,수요일,부산광역시 북구 금곡동,경상사고,0,0,1,1,차대차 - 기타,기타,건조,맑음,교차로 - 교차로안,승용,남,69세,상해없음,승용,남,56세,경상
노인운전자사고,2022052500100131,2022년 5월 25일 09시,수요일,부산광역시 수영구 수영동,중상사고,0,1,0,0,차대차 - 추돌,안전운전불이행,건조,맑음,단일로 - 기타,승용,남,74세,기타불명,승용,남,25세,중상
노인운전자사고,2022052500100169,2022년 5월 25일 10시,수요일,부산광역시 영도구 동삼동,중상사고,0,1,0,0,차대사람 - 횡단중,보행자보호의무위반,건조,맑음,교차로 - 교차로횡단보도내,승합,여,66세,상해없음,보행자,남,72세,중상
노인운전자사고,2022052500100197,2022년 5월 25일 11시,수요일,부산광역시 동래구 온천동,경상사고,0,0,1,0,차대사람 - 횡단중,안전운전불이행,건조,맑음,교차로 - 교차로안,승용,여,69세,상해없음,보행자,남,42세,경상
노인운전자사고,2022052500100271,2022년 5월 25일 13시,수요일,부산광역시 중구 대청동4가,경상사고,0,0,1,0,차대사람 - 차도통행중,안전운전불이행,건조,맑음,교차로 - 교차로부근,승용,남,67세,상해없음,보행자,여,22세,경상
노인운전자사고,2.02205E+15,2022년 5월 25일 14시,수요일,부산광역시 수영구 광안동,경상사고,0,0,1,0,차대차 - 측면충돌,안전운전불이행,건조,맑음,교차로 - 교차로안,승용,남,66세,상해없음,화물,남,49세,경상
노인운전자사고,2022052500100354,2022년 5월 25일 15시,수요일,부산광역시 강서구 성북동,경상사고,0,0,1,0,차대차 - 기타,안전운전불이행,건조,맑음,단일로 - 기타,이륜,여,65세,경상,승용,여,63세,상해없음
노인운전자사고,2022052500100527,2022년 5월 25일 19시,수요일,부산광역시 금정구 장전동,경상사고,0,0,1,0,차대사람 - 기타,안전운전불이행,건조,맑음,단일로 - 기타,승용,여,75세,상해없음,보행자,남,31세,경상
노인운전자사고,2022052500100563,2022년 5월 25일 20시,수요일,부산광역시 서구 동대신동1가,경상사고,0,0,1,0,차대사람 - 차도통행중,안전운전불이행,건조,맑음,단일로 - 기타,승용,남,65세,상해없음,보행자,남,41세,경상
노인운전자사고,2022052600100216,2022년 5월 26일 11시,목요일,부산광역시 강서구 성북동,경상사고,0,0,1,0,차대차 - 기타,안전운전불이행,건조,맑음,교차로 - 교차로안,특수,남,69세,상해없음,특수,남,54세,경상
노인운전자사고,2022052600100275,2022년 5월 26일 13시,목요일,부산광역시 부산진구 가야동,경상사고,0,0,1,0,차대차 - 추돌,안전운전불이행,건조,맑음,단일로 - 터널,승용,남,72세,상해없음,승용,남,62세,경상
노인운전자사고,2022052600100309,2022년 5월 26일 14시,목요일,부산광역시 강서구 대저1동,경상사고,0,0,1,0,차대차 - 기타,안전거리미확보,건조,맑음,단일로 - 기타,승용,남,70세,상해없음,승합,남,57세,상해없음
노인운전자사고,2022052600100338,2022년 5월 26일 15시,목요일,부산광역시 부산진구 전포동,부상신고사고,0,0,0,1,차대사람 - 횡단중,보행자보호의무위반,건조,맑음,단일로 - 기타,화물,남,70세,상해없음,보행자,여,84세,부상신고
노인운전자사고,2022052600100495,2022년 5월 26일 18시,목요일,부산광역시 사상구 감전동,경상사고,0,0,2,0,차대차 - 추돌,안전운전불이행,건조,맑음,단일로 - 기타,승용,남,69세,상해없음,특수,남,43세,경상
노인운전자사고,2022052600100606,2022년 5월 26일 21시,목요일,부산광역시 남구 우암동,경상사고,0,0,1,0,차대차 - 기타,안전운전불이행,건조,맑음,단일로 - 기타,승용,남,72세,상해없음,승합,남,39세,상해없음