사고부문,사고번호,사고일시,요일,시군구,사고내용,사망자수,중상자수,경상자수,부상신고자수,사고유형,법규위반,노면상태,기상상태,도로형태,가해운전자 차종,가해운전자 성별,가해운전자 연령,가해운전자 상해정도,피해운전자 차종,피해운전자 성별,피해운전자 연령,피해운전자 상해정도
노인운전자사고,2022052600100607,2022년 5월 26일 21시,목요일,부산광역시 남구 대연동,중상사고,0,1,0,0,차대차 - 기타,안전거리미확보,건조,맑음,단일로 - 기타,승용,남,72세,상해없음,승합,남,51세,상해없음
노인운전자사고,2.02205E+15,2022년 5월 27일 01시,금요일,부산광역시 수영구 망미동,경상사고,0,0,2,0,차대차 - 측면충돌,신호위반,건조,맑음,교차로 - 교차로안,승용,남,73세,상해없음,승용,남,29세,경상
노인운전자사고,2022052700100106,2022년 5월 27일 08시,금요일,부산광역시 수영구 망미동,경상사고,0,0,1,0,차대차 - 측면충돌,직진우회전진행방해,건조,맑음,교차로 - 교차로안,화물,남,76세,상해없음,승용,남,59세,경상
노인운전자사고,2022052700100144,2022년 5월 27일 09시,금요일,부산광역시 부산진구 부전동,경상사고,0,0,1,0,차대사람 - 횡단중,보행자보호의무위반,건조,맑음,단일로 - 기타,승용,여,82세,상해없음,보행자,여,48세,경상
노인운전자사고,2022052700100233,2022년 5월 27일 12시,금요일,부산광역시 해운대구 중동,경상사고,0,0,1,0,차대차 - 측면충돌,안전운전불이행,건조,맑음,단일로 - 기타,승용,남,78세,상해없음,원동기,남,39세,경상
노인운전자사고,2022052700100234,2022년 5월 27일 12시,금요일,부산광역시 강서구 송정동,경상사고,0,0,1,0,차대차 - 측면충돌,안전운전불이행,건조,맑음,교차로 - 교차로부근,승용,남,73세,경상,승용,남,48세,상해없음
노인운전자사고,2022052700100297,2022년 5월 27일 14시,금요일,부산광역시 수영구 광안동,경상사고,0,0,1,0,차대차 - 측면충돌,신호위반,건조,맑음,교차로 - 교차로부근,승용,여,71세,상해없음,이륜,여,26세,경상
노인운전자사고,2022052700100298,2022년 5월 27일 14시,금요일,부산광역시 수영구 광안동,경상사고,0,0,1,0,차대차 - 측면충돌,안전거리미확보,건조,맑음,교차로 - 교차로부근,승용,남,82세,상해없음,승용,남,79세,경상
노인운전자사고,2022052700100378,2022년 5월 27일 16시,금요일,부산광역시 동래구 온천동,경상사고,0,0,1,0,차대차 - 측면충돌,안전운전불이행,건조,맑음,교차로 - 교차로안,승용,남,77세,기타불명,승용,남,35세,경상
노인운전자사고,2022052700100447,2022년 5월 27일 17시,금요일,부산광역시 동래구 사직동,경상사고,0,0,1,0,차대사람 - 횡단중,보행자보호의무위반,건조,맑음,교차로 - 교차로횡단보도내,이륜,남,67세,상해없음,보행자,여,9세,경상
노인운전자사고,2022052800100008,2022년 5월 28일 01시,토요일,부산광역시 수영구 광안동,경상사고,0,0,1,0,차대차 - 측면충돌,안전운전불이행,건조,맑음,교차로 - 교차로안,승용,남,66세,상해없음,화물,남,28세,경상
노인운전자사고,2022052800100081,2022년 5월 28일 08시,토요일,부산광역시 해운대구 우동,경상사고,0,0,1,1,차대차 - 기타,안전운전불이행,건조,맑음,단일로 - 기타,승용,여,70세,상해없음,승용,남,40세,경상
노인운전자사고,2022052800100145,2022년 5월 28일 10시,토요일,부산광역시 금정구 남산동,경상사고,0,0,1,0,차대사람 - 기타,기타,건조,맑음,단일로 - 기타,승합,남,77세,상해없음,보행자,여,64세,경상
노인운전자사고,2.02205E+15,2022년 5월 28일 11시,토요일,부산광역시 사상구 모라동,중상사고,0,2,0,0,차대차 - 기타,안전운전불이행,건조,맑음,단일로 - 기타,승용,남,68세,상해없음,승용,남,31세,상해없음
노인운전자사고,2022052800100223,2022년 5월 28일 12시,토요일,부산광역시 강서구 녹산동,경상사고,0,0,2,0,차대차 - 추돌,안전운전불이행,건조,맑음,단일로 - 기타,승용,남,75세,상해없음,승용,남,31세,경상
노인운전자사고,2022052800100381,2022년 5월 28일 16시,토요일,부산광역시 동구 좌천동,경상사고,0,0,1,0,차대사람 - 보도통행중,기타,건조,맑음,단일로 - 기타,화물,남,71세,상해없음,보행자,여,63세,경상
노인운전자사고,2022052800100589,2022년 5월 28일 22시,토요일,부산광역시 영도구 영선동2가,중상사고,0,1,0,0,차대사람 - 기타,안전운전불이행,건조,맑음,교차로 - 교차로안,승용,남,77세,상해없음,보행자,남,53세,중상
노인운전자사고,2022052900100138,2022년 5월 29일 11시,일요일,부산광역시 동구 초량동,경상사고,0,0,1,0,차량단독 - 기타,안전운전불이행,건조,맑음,단일로 - 기타,승용,남,69세,상해없음,,,,
노인운전자사고,2022052900100475,2022년 5월 29일 23시,일요일,부산광역시 부산진구 전포동,경상사고,0,0,1,0,차대차 - 기타,신호위반,건조,맑음,교차로 - 교차로안,화물,남,72세,상해없음,승용,남,52세,경상
노인운전자사고,2022053000100058,2022년 5월 30일 08시,월요일,부산광역시 부산진구 부암동,경상사고,0,0,1,0,차대차 - 측면충돌,교차로운행방법위반,건조,맑음,교차로 - 교차로안,승용,여,66세,상해없음,승용,여,43세,경상
노인운전자사고,2022053000100185,2022년 5월 30일 12시,월요일,부산광역시 중구 부평동1가,경상사고,0,0,1,0,차대사람 - 차도통행중,안전운전불이행,건조,맑음,단일로 - 기타,승용,여,73세,상해없음,보행자,남,43세,경상
노인운전자사고,2022053000100188,2022년 5월 30일 12시,월요일,부산광역시 부산진구 범전동,경상사고,0,0,1,0,차대사람 - 횡단중,신호위반,건조,맑음,교차로 - 교차로안,화물,남,70세,상해없음,보행자,여,42세,경상
노인운전자사고,2022053000100214,2022년 5월 30일 13시,월요일,부산광역시 동구 초량동,중상사고,0,1,0,0,차대사람 - 보도통행중,보행자보호의무위반,건조,맑음,교차로 - 교차로안,승용,남,69세,상해없음,보행자,여,52세,중상
노인운전자사고,2022053000100215,2022년 5월 30일 13시,월요일,부산광역시 동래구 낙민동,중상사고,0,1,0,0,차대사람 - 보도통행중,보행자보호의무위반,건조,맑음,교차로 - 교차로안,화물,남,67세,상해없음,보행자,여,58세,중상
노인운전자사고,2022053000100256,2022년 5월 30일 14시,월요일,부산광역시 동래구 수안동,경상사고,0,0,1,0,차대차 - 후진중충돌,안전운전불이행,건조,맑음,단일로 - 기타,화물,남,71세,기타불명,승용,남,44세,경상
노인운전자사고,2022053000100259,2022년 5월 30일 14시,월요일,부산광역시 금정구 서동,중상사고,0,1,0,0,차대사람 - 횡단중,보행자보호의무위반,건조,맑음,교차로 - 교차로횡단보도내,승용,남,67세,상해없음,보행자,여,64세,중상
노인운전자사고,2022053000100522,2022년 5월 30일 22시,월요일,부산광역시 기장군 철마면,중상사고,0,1,0,0,차대차 - 기타,신호위반,건조,맑음,교차로 - 교차로부근,승용,남,69세,상해없음,승용,남,34세,중상
노인운전자사고,2022053100100054,2022년 5월 31일 07시,화요일,부산광역시 동구 수정동,경상사고,0,0,1,0,차대사람 - 횡단중,보행자보호의무위반,건조,맑음,교차로 - 교차로횡단보도내,화물,남,68세,상해없음,보행자,여,36세,경상
노인운전자사고,2022053100100055,2022년 5월 31일 07시,화요일,부산광역시 사하구 구평동,경상사고,0,0,1,0,차대차 - 측면충돌,안전운전불이행,건조,맑음,교차로 - 교차로안,특수,남,66세,기타불명,승용,남,33세,경상
노인운전자사고,2022053100100183,2022년 5월 31일 10시,화요일,부산광역시 서구 토성동4가,부상신고사고,0,0,0,1,차대차 - 측면충돌,안전운전불이행,건조,맑음,단일로 - 기타,자전거,남,74세,부상신고,승용,남,52세,상해없음
노인운전자사고,2022053100100184,2022년 5월 31일 10시,화요일,부산광역시 남구 용호동,경상사고,0,0,1,0,차대사람 - 차도통행중,안전운전불이행,건조,맑음,교차로 - 교차로안,승용,여,70세,상해없음,보행자,남,72세,경상
노인운전자사고,2022053100100185,2022년 5월 31일 10시,화요일,부산광역시 부산진구 부전동,중상사고,0,1,0,0,차대차 - 기타,안전운전불이행,건조,맑음,교차로 - 교차로안,승용,남,66세,상해없음,이륜,남,71세,중상
노인운전자사고,2022053100100186,2022년 5월 31일 10시,화요일,부산광역시 연제구 거제동,경상사고,0,0,1,0,차대차 - 기타,안전운전불이행,건조,맑음,단일로 - 기타,화물,남,72세,상해없음,자전거,남,46세,경상
노인운전자사고,2022053100100217,2022년 5월 31일 11시,화요일,부산광역시 금정구 장전동,경상사고,0,0,2,0,차대차 - 정면충돌,중앙선침범,건조,맑음,기타 - 기타,승용,여,67세,상해없음,승용,여,39세,경상
노인운전자사고,2022053100100265,2022년 5월 31일 12시,화요일,부산광역시 영도구 동삼동,경상사고,0,0,1,0,차대차 - 추돌,안전운전불이행,건조,맑음,단일로 - 지하차도(도로)내,화물,남,74세,기타불명,개인형이동수단(PM),남,25세,경상
노인운전자사고,2022053100100371,2022년 5월 31일 15시,화요일,부산광역시 서구 동대신동3가,경상사고,0,0,1,0,차대사람 - 횡단중,보행자보호의무위반,건조,맑음,단일로 - 기타,화물,남,65세,상해없음,보행자,남,24세,경상
노인운전자사고,2022053100100372,2022년 5월 31일 15시,화요일,부산광역시 동래구 낙민동,중상사고,0,1,0,0,차대차 - 측면충돌,안전운전불이행,건조,맑음,교차로 - 교차로안,이륜,여,67세,중상,건설기계,남,61세,상해없음
노인운전자사고,2022053100100376,2022년 5월 31일 15시,화요일,부산광역시 사상구 주례동,경상사고,0,0,1,0,차대사람 - 횡단중,안전운전불이행,건조,맑음,단일로 - 기타,승용,남,73세,상해없음,보행자,남,7세,경상
노인운전자사고,2022053100100418,2022년 5월 31일 16시,화요일,부산광역시 사상구 모라동,중상사고,0,1,0,0,차대차 - 측면충돌,안전거리미확보,건조,맑음,단일로 - 기타,승용,남,66세,상해없음,승용,남,34세,중상
노인운전자사고,2022053100100521,2022년 5월 31일 18시,화요일,부산광역시 동구 수정동,경상사고,0,0,1,0,차대사람 - 차도통행중,안전운전불이행,건조,맑음,단일로 - 지하차도(도로)내,승용,남,65세,상해없음,보행자,남,42세,경상
노인운전자사고,2022053100100578,2022년 5월 31일 19시,화요일,부산광역시 해운대구 재송동,경상사고,0,0,1,0,차대차 - 추돌,안전운전불이행,건조,맑음,교차로 - 교차로부근,승용,남,67세,상해없음,승용,남,34세,경상
노인운전자사고,2022053100100642,2022년 5월 31일 21시,화요일,부산광역시 북구 덕천동,경상사고,0,0,3,0,차대차 - 추돌,안전운전불이행,건조,맑음,단일로 - 지하차도(도로)내,승용,남,70세,상해없음,승용,남,63세,경상
노인운전자사고,2022060100100162,2022년 6월 1일 10시,수요일,부산광역시 수영구 망미동,경상사고,0,0,1,0,차대차 - 기타,안전운전불이행,건조,맑음,단일로 - 기타,화물,남,69세,상해없음,승용,남,62세,경상
노인운전자사고,2022060100100325,2022년 6월 1일 15시,수요일,부산광역시 연제구 연산동,경상사고,0,0,3,1,차대차 - 추돌,교차로운행방법위반,건조,맑음,교차로 - 교차로부근,화물,남,67세,상해없음,승용,남,69세,경상
노인운전자사고,2022060100100364,2022년 6월 1일 16시,수요일,부산광역시 부산진구 전포동,경상사고,0,0,1,0,차대차 - 후진중충돌,안전운전불이행,건조,맑음,단일로 - 기타,화물,남,65세,상해없음,이륜,남,25세,경상
노인운전자사고,2022060200100031,2022년 6월 2일 06시,목요일,부산광역시 금정구 선동,부상신고사고,0,0,0,1,차대차 - 측면충돌,안전운전불이행,건조,맑음,단일로 - 기타,자전거,남,74세,부상신고,승용,남,72세,상해없음
노인운전자사고,2.02206E+15,2022년 6월 2일 07시,목요일,부산광역시 연제구 연산동,중상사고,0,1,0,0,차대사람 - 기타,안전운전불이행,건조,맑음,단일로 - 기타,승합,남,66세,상해없음,보행자,남,68세,중상
노인운전자사고,2022060200100076,2022년 6월 2일 08시,목요일,부산광역시 사하구 당리동,중상사고,0,1,0,0,차대사람 - 횡단중,안전운전불이행,건조,맑음,단일로 - 기타,승용,남,66세,상해없음,보행자,여,63세,중상
노인운전자사고,2.02206E+15,2022년 6월 2일 10시,목요일,부산광역시 금정구 장전동,경상사고,0,0,2,0,차대차 - 추돌,안전운전불이행,건조,맑음,단일로 - 지하차도(도로)내,승용,남,78세,상해없음,승용,남,38세,경상
노인운전자사고,2022060200100204,2022년 6월 2일 12시,목요일,부산광역시 수영구 민락동,경상사고,0,0,1,0,차대차 - 측면충돌,안전거리미확보,건조,맑음,단일로 - 기타,승용,여,73세,기타불명,승용,남,51세,경상
노인운전자사고,2022060200100237,2022년 6월 2일 13시,목요일,부산광역시 부산진구 가야동,경상사고,0,0,1,0,차대차 - 측면충돌,차로위반,건조,맑음,단일로 - 기타,화물,남,66세,상해없음,이륜,남,27세,경상
노인운전자사고,2.02206E+15,2022년 6월 2일 15시,목요일,부산광역시 부산진구 가야동,중상사고,0,4,0,1,차대차 - 추돌,안전거리미확보,건조,맑음,기타 - 기타,화물,남,66세,부상신고,승용,여,52세,중상
노인운전자사고,2022060200100342,2022년 6월 2일 16시,목요일,부산광역시 연제구 연산동,중상사고,0,1,0,0,차대사람 - 기타,안전운전불이행,건조,맑음,교차로 - 교차로안,승용,여,65세,상해없음,보행자,남,12세,중상
노인운전자사고,2.02206E+15,2022년 6월 2일 20시,목요일,부산광역시 금정구 구서동,경상사고,0,0,1,0,차대차 - 측면충돌,안전운전불이행,건조,맑음,단일로 - 기타,승용,남,79세,상해없음,이륜,남,26세,경상
노인운전자사고,2022060200100547,2022년 6월 2일 21시,목요일,부산광역시 부산진구 부전동,경상사고,0,0,4,0,차대차 - 기타,안전거리미확보,건조,기타,교차로 - 교차로안,승용,남,66세,상해없음,승용,남,24세,경상
노인운전자사고,2022060300100013,2022년 6월 3일 01시,금요일,부산광역시 해운대구 석대동,경상사고,0,0,1,0,차대차 - 기타,안전운전불이행,건조,맑음,단일로 - 기타,승용,남,65세,상해없음,승용,남,47세,경상
노인운전자사고,2022060300100014,2022년 6월 3일 01시,금요일,부산광역시 연제구 연산동,중상사고,0,1,0,0,차대차 - 기타,기타,건조,맑음,단일로 - 기타,승용,남,70세,상해없음,승용,남,52세,상해없음
노인운전자사고,2.02206E+15,2022년 6월 3일 16시,금요일,부산광역시 동래구 낙민동,경상사고,0,0,1,0,차대차 - 기타,기타,건조,맑음,단일로 - 기타,승용,남,67세,상해없음,자전거,남,17세,경상
노인운전자사고,2022060300100511,2022년 6월 3일 19시,금요일,부산광역시 수영구 광안동,중상사고,0,1,0,0,차대사람 - 기타,기타,기타,맑음,기타 - 기타,원동기,남,71세,상해없음,보행자,남,40세,중상
노인운전자사고,2022060300100636,2022년 6월 3일 23시,금요일,부산광역시 동래구 명륜동,중상사고,0,1,0,0,차대사람 - 횡단중,신호위반,건조,맑음,교차로 - 교차로횡단보도내,승합,남,72세,상해없음,보행자,남,60세,중상
노인운전자사고,2022060400100105,2022년 6월 4일 08시,토요일,부산광역시 동구 초량동,경상사고,0,0,2,0,차대차 - 측면충돌,신호위반,건조,맑음,단일로 - 기타,화물,남,65세,상해없음,승합,남,55세,경상
노인운전자사고,2022060400100351,2022년 6월 4일 15시,토요일,부산광역시 동래구 온천동,중상사고,0,1,2,0,차대차 - 측면충돌,안전거리미확보,건조,맑음,단일로 - 기타,승용,남,72세,상해없음,화물,남,28세,경상
노인운전자사고,2.02206E+15,2022년 6월 4일 17시,토요일,부산광역시 수영구 수영동,경상사고,0,0,1,0,차대사람 - 기타,안전운전불이행,건조,맑음,단일로 - 기타,승용,남,65세,상해없음,보행자,남,44세,경상
노인운전자사고,2022060500100168,2022년 6월 5일 13시,일요일,부산광역시 동구 수정동,경상사고,0,0,1,0,차대차 - 기타,신호위반,젖음/습기,비,교차로 - 교차로부근,승용,여,65세,상해없음,이륜,남,59세,경상
노인운전자사고,2022060600100055,2022년 6월 6일 05시,월요일,부산광역시 수영구 광안동,경상사고,0,0,1,0,차대사람 - 횡단중,신호위반,젖음/습기,맑음,단일로 - 기타,승용,남,74세,상해없음,보행자,여,73세,경상
노인운전자사고,2022060600100095,2022년 6월 6일 09시,월요일,부산광역시 사하구 신평동,경상사고,0,0,1,0,차대차 - 측면충돌,안전거리미확보,건조,맑음,단일로 - 기타,화물,남,65세,상해없음,승용,남,65세,경상
노인운전자사고,2.02206E+15,2022년 6월 6일 13시,월요일,부산광역시 해운대구 좌동,경상사고,0,0,1,0,차대사람 - 횡단중,신호위반,젖음/습기,비,교차로 - 교차로횡단보도내,승용,남,67세,상해없음,보행자,여,9세,경상
노인운전자사고,2022060600100207,2022년 6월 6일 14시,월요일,부산광역시 수영구 남천동,경상사고,0,0,1,0,차대차 - 추돌,안전운전불이행,건조,맑음,교차로 - 교차로부근,승용,남,71세,상해없음,승용,남,30세,경상
노인운전자사고,2022060600100209,2022년 6월 6일 14시,월요일,부산광역시 해운대구 좌동,경상사고,0,0,2,0,차대차 - 추돌,안전운전불이행,건조,맑음,교차로 - 교차로부근,승용,남,74세,상해없음,승용,남,52세,경상
노인운전자사고,2022060600100318,2022년 6월 6일 17시,월요일,부산광역시 강서구 대저2동,경상사고,0,0,1,0,차대차 - 측면충돌,신호위반,건조,맑음,교차로 - 교차로안,화물,남,65세,상해없음,특수,남,53세,경상
노인운전자사고,2022060600100348,2022년 6월 6일 18시,월요일,부산광역시 남구 감만동,경상사고,0,0,1,0,차대차 - 측면충돌,안전운전불이행,건조,맑음,교차로 - 교차로안,승용,남,73세,상해없음,승용,남,52세,경상
노인운전자사고,2022060700100048,2022년 6월 7일 07시,화요일,부산광역시 부산진구 연지동,중상사고,0,1,0,0,차대사람 - 횡단중,보행자보호의무위반,건조,맑음,교차로 - 교차로부근,자전거,남,68세,상해없음,보행자,여,75세,중상
노인운전자사고,2022060700100078,2022년 6월 7일 08시,화요일,부산광역시 수영구 남천동,경상사고,0,0,1,0,차대차 - 기타,기타,건조,맑음,단일로 - 기타,화물,남,65세,상해없음,승용,여,52세,경상
노인운전자사고,2022060700100081,2022년 6월 7일 08시,화요일,부산광역시 수영구 망미동,부상신고사고,0,0,0,1,차대차 - 기타,안전운전불이행,건조,맑음,단일로 - 기타,자전거,남,77세,부상신고,승용,남,58세,상해없음
노인운전자사고,2022060700100131,2022년 6월 7일 09시,화요일,부산광역시 남구 대연동,부상신고사고,0,0,0,2,차대차 - 추돌,안전거리미확보,건조,맑음,교차로 - 교차로부근,승용,남,70세,기타불명,승용,남,69세,부상신고
노인운전자사고,2022060700100309,2022년 6월 7일 15시,화요일,부산광역시 동래구 온천동,경상사고,0,0,1,0,차대차 - 측면충돌,안전거리미확보,건조,맑음,단일로 - 기타,승용,여,67세,상해없음,승용,남,30세,경상
노인운전자사고,2022060700100382,2022년 6월 7일 17시,화요일,부산광역시 사하구 다대동,중상사고,0,1,0,0,차대차 - 측면충돌,안전운전불이행,건조,맑음,단일로 - 기타,승용,여,67세,상해없음,이륜,남,58세,중상
노인운전자사고,2022060700100487,2022년 6월 7일 20시,화요일,부산광역시 연제구 거제동,경상사고,0,0,1,0,차대차 - 측면충돌,안전거리미확보,건조,맑음,교차로 - 교차로부근,승용,남,70세,상해없음,승용,남,38세,경상
노인운전자사고,2022060800100085,2022년 6월 8일 08시,수요일,부산광역시 북구 덕천동,중상사고,0,1,0,0,차대차 - 추돌,중앙선침범,건조,맑음,단일로 - 기타,승용,남,79세,상해없음,자전거,남,62세,중상
노인운전자사고,2022060800100163,2022년 6월 8일 10시,수요일,부산광역시 사상구 감전동,경상사고,0,0,1,0,차대사람 - 횡단중,안전운전불이행,건조,맑음,단일로 - 기타,화물,남,75세,상해없음,보행자,남,72세,경상
노인운전자사고,2022060800100189,2022년 6월 8일 11시,수요일,부산광역시 영도구 대평동1가,경상사고,0,0,2,0,차대사람 - 보도통행중,안전운전불이행,젖음/습기,흐림,단일로 - 지하차도(도로)내,승용,남,73세,경상,보행자,여,63세,경상
노인운전자사고,2022060800100423,2022년 6월 8일 18시,수요일,부산광역시 중구 광복동1가,경상사고,0,0,1,0,차대차 - 측면충돌,신호위반,건조,맑음,교차로 - 교차로안,승용,남,66세,상해없음,승합,남,59세,경상
노인운전자사고,2022060800100492,2022년 6월 8일 20시,수요일,부산광역시 해운대구 재송동,중상사고,0,1,1,0,차대차 - 기타,안전거리미확보,건조,맑음,단일로 - 기타,승용,남,72세,상해없음,승용,남,24세,경상
노인운전자사고,2.02206E+15,2022년 6월 9일 08시,목요일,부산광역시 사하구 당리동,경상사고,0,0,1,0,차대차 - 기타,교차로운행방법위반,건조,맑음,단일로 - 기타,승용,여,65세,상해없음,이륜,남,36세,경상
노인운전자사고,2022060900100132,2022년 6월 9일 09시,목요일,부산광역시 강서구 대저1동,경상사고,0,0,1,0,차대차 - 측면충돌,안전운전불이행,건조,맑음,단일로 - 지하차도(도로)내,자전거,남,67세,경상,승용,남,69세,상해없음
노인운전자사고,2022060900100185,2022년 6월 9일 11시,목요일,부산광역시 연제구 연산동,경상사고,0,0,2,0,차대차 - 기타,안전운전불이행,건조,맑음,단일로 - 기타,건설기계,남,75세,상해없음,화물,남,63세,경상
노인운전자사고,2022060900100239,2022년 6월 9일 13시,목요일,부산광역시 부산진구 연지동,경상사고,0,0,1,0,차대차 - 기타,신호위반,건조,맑음,교차로 - 교차로안,승용,여,74세,상해없음,승용,남,55세,경상
노인운전자사고,2.02206E+15,2022년 6월 9일 15시,목요일,부산광역시 강서구 천성동,경상사고,0,0,1,0,차대차 - 기타,안전운전불이행,건조,맑음,주차장 - 주차장,특수,남,75세,상해없음,승용,여,26세,경상
노인운전자사고,2022060900100325,2022년 6월 9일 16시,목요일,부산광역시 부산진구 연지동,중상사고,0,1,1,0,차대사람 - 횡단중,보행자보호의무위반,건조,맑음,단일로 - 기타,승용,남,67세,상해없음,보행자,여,8세,중상
노인운전자사고,2022060900100326,2022년 6월 9일 16시,목요일,부산광역시 강서구 녹산동,경상사고,0,0,1,0,차대차 - 측면충돌,안전운전불이행,건조,맑음,단일로 - 기타,승용,여,67세,상해없음,건설기계,남,51세,경상
노인운전자사고,2022061000100005,2022년 6월 10일 00시,금요일,부산광역시 수영구 민락동,경상사고,0,0,1,0,차대차 - 추돌,안전거리미확보,건조,맑음,교차로 - 교차로안,승용,남,65세,상해없음,이륜,남,40세,경상
노인운전자사고,2022061000100134,2022년 6월 10일 09시,금요일,부산광역시 동래구 온천동,경상사고,0,0,1,0,차대차 - 기타,안전운전불이행,건조,맑음,교차로 - 교차로부근,승용,여,65세,상해없음,승용,여,58세,경상
노인운전자사고,2022061000100225,2022년 6월 10일 12시,금요일,부산광역시 해운대구 우동,경상사고,0,0,2,0,차대차 - 측면충돌,신호위반,건조,맑음,교차로 - 교차로안,승용,남,70세,상해없음,승용,남,40세,경상
노인운전자사고,2022061000100286,2022년 6월 10일 14시,금요일,부산광역시 수영구 민락동,중상사고,0,1,0,0,차대사람 - 횡단중,안전운전불이행,건조,맑음,단일로 - 기타,승용,남,80세,상해없음,보행자,남,69세,중상
노인운전자사고,2022061000100322,2022년 6월 10일 15시,금요일,부산광역시 동래구 온천동,경상사고,0,0,1,0,차대사람 - 횡단중,보행자보호의무위반,건조,맑음,교차로 - 교차로안,승합,남,67세,상해없음,보행자,남,9세,경상
노인운전자사고,2022061000100411,2022년 6월 10일 17시,금요일,부산광역시 수영구 남천동,경상사고,0,0,1,0,차대차 - 측면충돌,안전운전불이행,건조,맑음,교차로 - 교차로부근,승용,남,70세,상해없음,승용,남,39세,경상
노인운전자사고,2022061000100501,2022년 6월 10일 19시,금요일,부산광역시 해운대구 반여동,경상사고,0,0,1,0,차대차 - 측면충돌,교차로운행방법위반,건조,맑음,교차로 - 교차로안,승용,남,72세,상해없음,이륜,남,32세,경상
노인운전자사고,2022061000100576,2022년 6월 10일 22시,금요일,부산광역시 사하구 당리동,경상사고,0,0,1,0,차대차 - 기타,안전거리미확보,건조,맑음,단일로 - 기타,승용,남,69세,상해없음,이륜,남,35세,경상
노인운전자사고,2.02206E+15,2022년 6월 11일 06시,토요일,부산광역시 서구 동대신동3가,경상사고,0,0,1,0,차대사람 - 차도통행중,안전운전불이행,건조,맑음,단일로 - 기타,승용,남,66세,상해없음,보행자,남,81세,경상
노인운전자사고,2022061100100447,2022년 6월 11일 18시,토요일,부산광역시 강서구 명지동,경상사고,0,0,1,0,차대차 - 추돌,안전운전불이행,건조,맑음,단일로 - 기타,화물,남,67세,상해없음,승용,남,31세,경상
노인운전자사고,2022061100100503,2022년 6월 11일 20시,토요일,부산광역시 연제구 연산동,중상사고,0,1,0,0,차대사람 - 기타,교차로운행방법위반,건조,맑음,단일로 - 기타,승용,여,65세,상해없음,보행자,남,72세,중상
노인운전자사고,2022061100100547,2022년 6월 11일 22시,토요일,부산광역시 부산진구 범천동,중상사고,0,1,0,0,차대차 - 측면충돌,안전운전불이행,건조,맑음,기타 - 기타,승합,남,65세,상해없음,이륜,남,18세,중상
노인운전자사고,2022061200100241,2022년 6월 12일 16시,일요일,부산광역시 사상구 학장동,경상사고,0,0,3,0,차대차 - 측면충돌,안전거리미확보,건조,맑음,단일로 - 기타,승용,남,70세,상해없음,승용,남,42세,경상
노인운전자사고,2022061200100292,2022년 6월 12일 18시,일요일,부산광역시 사하구 당리동,경상사고,0,0,1,0,차대사람 - 기타,안전운전불이행,건조,맑음,단일로 - 지하차도(도로)내,승용,남,79세,상해없음,보행자,여,72세,경상
노인운전자사고,2022061200100318,2022년 6월 12일 19시,일요일,부산광역시 동래구 수안동,경상사고,0,0,1,0,차대차 - 추돌,안전운전불이행,건조,맑음,단일로 - 기타,승용,남,69세,상해없음,승용,여,40세,경상
노인운전자사고,2022061300100325,2022년 6월 13일 16시,월요일,부산광역시 금정구 서동,중상사고,0,1,0,0,차대사람 - 기타,교차로운행방법위반,건조,맑음,교차로 - 교차로안,승용,남,71세,상해없음,보행자,여,78세,중상
노인운전자사고,2.02206E+15,2022년 6월 13일 17시,월요일,부산광역시 사하구 신평동,경상사고,0,0,1,0,차대사람 - 차도통행중,신호위반,건조,맑음,교차로 - 교차로안,승용,남,71세,상해없음,보행자,남,68세,경상
노인운전자사고,2022061300100412,2022년 6월 13일 18시,월요일,부산광역시 남구 문현동,경상사고,0,0,1,0,차대사람 - 기타,안전운전불이행,건조,맑음,단일로 - 기타,승용,남,73세,상해없음,보행자,여,22세,경상
노인운전자사고,2022061300100415,2022년 6월 13일 18시,월요일,부산광역시 연제구 연산동,경상사고,0,0,1,0,차대사람 - 기타,안전운전불이행,건조,맑음,단일로 - 기타,승합,남,67세,상해없음,보행자,여,67세,경상
노인운전자사고,2022061300100508,2022년 6월 13일 21시,월요일,부산광역시 사상구 학장동,중상사고,0,1,0,0,차대차 - 정면충돌,신호위반,건조,맑음,교차로 - 교차로안,승용,남,65세,기타불명,승용,남,69세,중상
노인운전자사고,2022061300100527,2022년 6월 13일 22시,월요일,부산광역시 서구 토성동5가,부상신고사고,0,0,0,1,차대사람 - 차도통행중,안전운전불이행,젖음/습기,맑음,단일로 - 기타,승용,남,75세,상해없음,보행자,남,55세,부상신고
노인운전자사고,2022061400100177,2022년 6월 14일 10시,화요일,부산광역시 동래구 안락동,경상사고,0,0,1,0,차대차 - 기타,불법유턴,젖음/습기,비,단일로 - 기타,승용,남,66세,상해없음,승용,남,71세,상해없음
노인운전자사고,2022061400100178,2022년 6월 14일 10시,화요일,부산광역시 부산진구 부전동,경상사고,0,0,1,0,차대차 - 측면충돌,안전운전불이행,젖음/습기,비,교차로 - 교차로안,승용,남,73세,상해없음,승용,남,59세,상해없음