사고부문,사고번호,사고일시,요일,시군구,사고내용,사망자수,중상자수,경상자수,부상신고자수,사고유형,법규위반,노면상태,기상상태,도로형태,가해운전자 차종,가해운전자 성별,가해운전자 연령,가해운전자 상해정도,피해운전자 차종,피해운전자 성별,피해운전자 연령,피해운전자 상해정도
노인운전자사고,2022061400100238,2022년 6월 14일 12시,화요일,부산광역시 사하구 장림동,경상사고,0,0,1,0,차대차 - 측면충돌,안전운전불이행,건조,맑음,교차로 - 교차로부근,승용,남,70세,상해없음,특수,남,50세,경상
노인운전자사고,2022061400100377,2022년 6월 14일 16시,화요일,부산광역시 부산진구 초읍동,경상사고,0,0,1,0,차대차 - 측면충돌,안전운전불이행,건조,맑음,기타 - 기타,승용,여,67세,상해없음,승합,남,57세,상해없음
노인운전자사고,2.02206E+15,2022년 6월 14일 16시,화요일,부산광역시 사상구 주례동,경상사고,0,0,1,0,차대차 - 추돌,안전운전불이행,젖음/습기,비,교차로 - 교차로안,승용,남,65세,상해없음,이륜,남,27세,경상
노인운전자사고,2.02206E+15,2022년 6월 15일 10시,수요일,부산광역시 해운대구 중동,중상사고,0,1,0,0,차대사람 - 기타,안전운전불이행,건조,맑음,단일로 - 기타,승용,남,85세,상해없음,보행자,여,80세,중상
노인운전자사고,2022061500100153,2022년 6월 15일 10시,수요일,부산광역시 사상구 주례동,경상사고,0,0,1,0,차대차 - 측면충돌,안전운전불이행,건조,맑음,단일로 - 기타,승용,남,82세,상해없음,승용,남,32세,경상
노인운전자사고,2022061500100181,2022년 6월 15일 11시,수요일,부산광역시 사상구 주례동,사망사고,1,0,1,0,차대사람 - 횡단중,안전운전불이행,건조,맑음,교차로 - 교차로부근,승용,남,78세,상해없음,보행자,여,69세,사망
노인운전자사고,2022061500100295,2022년 6월 15일 15시,수요일,부산광역시 서구 동대신동1가,경상사고,0,0,1,0,차대사람 - 차도통행중,중앙선침범,건조,맑음,교차로 - 교차로안,승용,남,73세,상해없음,보행자,여,80세,경상
노인운전자사고,2022061500100427,2022년 6월 15일 18시,수요일,부산광역시 해운대구 반여동,경상사고,0,0,1,0,차대차 - 기타,교차로운행방법위반,건조,맑음,교차로 - 교차로안,화물,남,65세,상해없음,승용,여,47세,경상
노인운전자사고,2022061600100052,2022년 6월 16일 07시,목요일,부산광역시 사하구 하단동,경상사고,0,0,1,0,차대차 - 기타,안전거리미확보,건조,맑음,단일로 - 기타,승용,남,68세,상해없음,승합,남,66세,경상
노인운전자사고,2022061600100054,2022년 6월 16일 07시,목요일,부산광역시 강서구 명지동,부상신고사고,0,0,0,1,차대차 - 측면충돌,안전거리미확보,건조,맑음,단일로 - 지하차도(도로)내,승용,남,68세,상해없음,승용,남,29세,부상신고
노인운전자사고,2022061600100181,2022년 6월 16일 11시,목요일,부산광역시 영도구 동삼동,중상사고,0,2,0,0,차대차 - 추돌,안전거리미확보,건조,맑음,교차로 - 교차로안,이륜,남,72세,중상,이륜,남,26세,중상
노인운전자사고,2022061600100252,2022년 6월 16일 13시,목요일,부산광역시 사하구 감천동,경상사고,0,0,1,0,차대차 - 기타,안전거리미확보,건조,맑음,단일로 - 기타,승용,남,67세,상해없음,이륜,남,65세,경상
노인운전자사고,2022061600100289,2022년 6월 16일 14시,목요일,부산광역시 사하구 신평동,중상사고,0,1,0,0,차대차 - 추돌,안전운전불이행,건조,맑음,교차로 - 교차로안,승용,남,81세,상해없음,이륜,여,51세,중상
노인운전자사고,2022061600100396,2022년 6월 16일 17시,목요일,부산광역시 사하구 감천동,중상사고,0,1,0,0,차대사람 - 기타,안전운전불이행,건조,맑음,단일로 - 지하차도(도로)내,승용,남,66세,상해없음,보행자,남,8세,중상
노인운전자사고,2022061600100397,2022년 6월 16일 17시,목요일,부산광역시 연제구 거제동,중상사고,0,1,0,0,차대차 - 기타,안전운전불이행,건조,맑음,단일로 - 기타,승용,남,69세,상해없음,이륜,남,60세,중상
노인운전자사고,2022061700100246,2022년 6월 17일 13시,금요일,부산광역시 북구 만덕동,경상사고,0,0,1,0,차대차 - 기타,안전거리미확보,건조,맑음,교차로 - 교차로부근,승용,남,67세,상해없음,승용,남,38세,경상
노인운전자사고,2022061700100403,2022년 6월 17일 17시,금요일,부산광역시 연제구 연산동,경상사고,0,0,1,0,차대차 - 기타,안전거리미확보,건조,맑음,단일로 - 기타,승용,남,65세,상해없음,승합,남,44세,상해없음
노인운전자사고,2022061700100449,2022년 6월 17일 18시,금요일,부산광역시 동래구 안락동,중상사고,0,1,0,0,차대사람 - 기타,안전운전불이행,건조,맑음,단일로 - 기타,자전거,여,67세,상해없음,보행자,여,7세,중상
노인운전자사고,2022061700100494,2022년 6월 17일 19시,금요일,부산광역시 동구 좌천동,경상사고,0,0,1,0,차대차 - 후진중충돌,안전운전불이행,건조,맑음,단일로 - 기타,승용,남,65세,상해없음,승용,여,28세,상해없음
노인운전자사고,2022061700100531,2022년 6월 17일 20시,금요일,부산광역시 북구 화명동,경상사고,0,0,1,0,차대차 - 측면충돌,안전거리미확보,건조,맑음,교차로 - 교차로부근,승용,남,65세,상해없음,원동기,남,23세,경상
노인운전자사고,2022061800100055,2022년 6월 18일 04시,토요일,부산광역시 사하구 감천동,사망사고,1,0,1,0,차대차 - 추돌,신호위반,건조,맑음,교차로 - 교차로안,승합,남,68세,기타불명,화물,남,58세,경상
노인운전자사고,2022061800100149,2022년 6월 18일 10시,토요일,부산광역시 영도구 남항동2가,중상사고,0,1,1,0,차대차 - 추돌,신호위반,건조,맑음,단일로 - 지하차도(도로)내,승용,남,66세,경상,이륜,남,70세,중상
노인운전자사고,2022061800100188,2022년 6월 18일 11시,토요일,부산광역시 동구 초량동,경상사고,0,0,2,0,차대차 - 후진중충돌,안전운전불이행,건조,맑음,단일로 - 기타,승용,남,84세,상해없음,승용,남,24세,경상
노인운전자사고,2.02206E+15,2022년 6월 18일 17시,토요일,부산광역시 수영구 남천동,경상사고,0,0,1,0,차대차 - 추돌,안전운전불이행,건조,맑음,교차로 - 교차로안,승용,여,71세,상해없음,승용,남,33세,경상
노인운전자사고,2022061800100503,2022년 6월 18일 20시,토요일,부산광역시 금정구 남산동,중상사고,0,1,0,0,차대차 - 측면충돌,기타,건조,맑음,교차로 - 교차로안,승용,남,70세,상해없음,승용,남,29세,중상
노인운전자사고,2022061900100037,2022년 6월 19일 02시,일요일,부산광역시 금정구 서동,경상사고,0,0,1,0,차대사람 - 길가장자리구역통행중,안전운전불이행,건조,맑음,단일로 - 기타,승용,남,68세,상해없음,보행자,남,64세,경상
노인운전자사고,2022061900100129,2022년 6월 19일 11시,일요일,부산광역시 수영구 광안동,중상사고,0,1,0,0,차대차 - 측면충돌,안전운전불이행,건조,맑음,교차로 - 교차로횡단보도내,승용,남,66세,상해없음,자전거,여,55세,중상
노인운전자사고,2022061900100224,2022년 6월 19일 15시,일요일,부산광역시 서구 동대신동3가,경상사고,0,0,2,0,차대차 - 측면충돌,신호위반,건조,맑음,교차로 - 교차로안,이륜,남,86세,상해없음,승용,남,30세,경상
노인운전자사고,2022061900100322,2022년 6월 19일 19시,일요일,부산광역시 북구 구포동,중상사고,0,1,0,0,차대차 - 기타,중앙선침범,건조,맑음,단일로 - 기타,승용,남,65세,상해없음,이륜,남,47세,중상
노인운전자사고,2.02206E+15,2022년 6월 19일 20시,일요일,부산광역시 동래구 안락동,경상사고,0,0,1,0,차대차 - 후진중충돌,안전운전불이행,건조,맑음,교차로 - 교차로부근,승용,남,73세,상해없음,이륜,남,33세,경상
노인운전자사고,2022061900100373,2022년 6월 19일 21시,일요일,부산광역시 부산진구 양정동,경상사고,0,0,1,0,차대사람 - 기타,안전운전불이행,건조,맑음,기타 - 기타,승용,남,69세,상해없음,보행자,남,25세,경상
노인운전자사고,2022062000100022,2022년 6월 20일 02시,월요일,부산광역시 서구 서대신동3가,경상사고,0,0,1,0,차량단독 - 공작물충돌,안전운전불이행,건조,맑음,단일로 - 지하차도(도로)내,승용,남,67세,경상,,,,
노인운전자사고,2022062000100212,2022년 6월 20일 11시,월요일,부산광역시 중구 대창동2가,경상사고,0,0,4,0,차대차 - 측면충돌,신호위반,건조,맑음,교차로 - 교차로안,승용,남,65세,상해없음,승용,남,70세,경상
노인운전자사고,2022062000100214,2022년 6월 20일 11시,월요일,부산광역시 부산진구 양정동,경상사고,0,0,2,0,차대차 - 기타,안전거리미확보,건조,맑음,단일로 - 기타,승용,남,68세,상해없음,승용,여,40세,경상
노인운전자사고,2.02206E+15,2022년 6월 20일 13시,월요일,부산광역시 수영구 광안동,중상사고,0,1,0,0,차대사람 - 기타,불법유턴,건조,맑음,교차로 - 교차로안,화물,남,70세,상해없음,보행자,남,25세,중상
노인운전자사고,2022062000100291,2022년 6월 20일 13시,월요일,부산광역시 강서구 천성동,경상사고,0,0,1,0,차대차 - 추돌,안전운전불이행,건조,맑음,단일로 - 터널,화물,남,66세,기타불명,화물,남,41세,경상
노인운전자사고,2022062000100512,2022년 6월 20일 19시,월요일,부산광역시 서구 동대신동3가,중상사고,0,3,3,0,차대차 - 추돌,중앙선침범,건조,맑음,단일로 - 기타,승용,남,68세,상해없음,승용,남,42세,경상
노인운전자사고,2022062000100542,2022년 6월 20일 20시,월요일,부산광역시 사하구 신평동,중상사고,0,1,0,0,차대차 - 기타,중앙선침범,건조,맑음,단일로 - 지하차도(도로)내,승용,남,67세,상해없음,이륜,남,28세,중상
노인운전자사고,2022062100100116,2022년 6월 21일 09시,화요일,부산광역시 연제구 연산동,경상사고,0,0,1,0,차대차 - 측면충돌,직진우회전진행방해,건조,맑음,교차로 - 교차로안,승용,남,76세,상해없음,승용,남,50세,경상
노인운전자사고,2.02206E+15,2022년 6월 21일 15시,화요일,부산광역시 북구 화명동,경상사고,0,0,1,0,차대차 - 후진중충돌,안전운전불이행,건조,맑음,교차로 - 교차로부근,승용,남,72세,상해없음,이륜,남,28세,경상
노인운전자사고,2022062100100323,2022년 6월 21일 15시,화요일,부산광역시 사하구 장림동,중상사고,0,1,0,0,차대사람 - 기타,안전운전불이행,건조,맑음,단일로 - 기타,승용,여,65세,상해없음,보행자,여,74세,중상
노인운전자사고,2022062100100401,2022년 6월 21일 17시,화요일,부산광역시 남구 대연동,경상사고,0,0,1,0,차대차 - 추돌,안전운전불이행,건조,맑음,교차로 - 교차로부근,승용,남,71세,상해없음,승용,남,32세,경상
노인운전자사고,2022062100100495,2022년 6월 21일 19시,화요일,부산광역시 중구 부평동2가,경상사고,0,0,1,0,차대사람 - 기타,안전운전불이행,건조,맑음,단일로 - 기타,승용,남,68세,상해없음,보행자,여,61세,경상
노인운전자사고,2022062100100527,2022년 6월 21일 20시,화요일,부산광역시 영도구 동삼동,중상사고,0,1,0,0,차대사람 - 기타,안전운전불이행,건조,기타,단일로 - 지하차도(도로)내,승용,남,67세,상해없음,보행자,남,43세,중상
노인운전자사고,2022062200100034,2022년 6월 22일 05시,수요일,부산광역시 서구 충무동1가,중상사고,0,1,0,0,차대차 - 측면충돌,신호위반,건조,맑음,교차로 - 교차로안,승용,남,65세,상해없음,이륜,남,68세,중상
노인운전자사고,2022062200100206,2022년 6월 22일 11시,수요일,부산광역시 부산진구 범천동,중상사고,0,1,0,0,차대차 - 기타,안전운전불이행,건조,맑음,기타 - 기타,화물,남,68세,중상,화물,남,74세,기타불명
노인운전자사고,2022062200100522,2022년 6월 22일 19시,수요일,부산광역시 금정구 부곡동,경상사고,0,0,1,0,차대차 - 기타,안전운전불이행,건조,맑음,단일로 - 기타,승용,남,74세,상해없음,승합,남,54세,경상
노인운전자사고,2022062200100547,2022년 6월 22일 20시,수요일,부산광역시 금정구 서동,경상사고,0,0,1,0,차대차 - 추돌,안전운전불이행,건조,맑음,교차로 - 교차로안,승용,여,66세,상해없음,자전거,남,22세,경상
노인운전자사고,2022062200100608,2022년 6월 22일 22시,수요일,부산광역시 금정구 부곡동,경상사고,0,0,1,0,차대사람 - 기타,안전운전불이행,건조,맑음,기타 - 기타,승용,여,66세,상해없음,보행자,남,44세,경상
노인운전자사고,2022062200100629,2022년 6월 22일 23시,수요일,부산광역시 사하구 다대동,중상사고,0,1,0,0,차대차 - 측면충돌,직진우회전진행방해,건조,맑음,교차로 - 교차로안,승용,남,66세,상해없음,자전거,남,68세,중상
노인운전자사고,2022062300100098,2022년 6월 23일 08시,목요일,부산광역시 해운대구 송정동,경상사고,0,0,1,0,차대차 - 측면충돌,안전운전불이행,건조,맑음,단일로 - 기타,승용,남,66세,상해없음,승용,여,40세,경상
노인운전자사고,2022062300100145,2022년 6월 23일 09시,목요일,부산광역시 사하구 괴정동,경상사고,0,0,1,0,차대차 - 추돌,안전운전불이행,젖음/습기,비,교차로 - 교차로부근,승용,남,69세,상해없음,이륜,남,30세,경상
노인운전자사고,2022062300100298,2022년 6월 23일 14시,목요일,부산광역시 수영구 남천동,경상사고,0,0,1,0,차대차 - 측면충돌,안전운전불이행,건조,맑음,교차로 - 교차로안,특수,남,67세,상해없음,승용,남,67세,경상
노인운전자사고,2022062400100061,2022년 6월 24일 05시,금요일,부산광역시 동래구 온천동,경상사고,0,0,1,0,차대사람 - 횡단중,보행자보호의무위반,젖음/습기,비,교차로 - 교차로횡단보도내,승용,남,69세,상해없음,보행자,여,59세,경상
노인운전자사고,2022062400100062,2022년 6월 24일 05시,금요일,부산광역시 연제구 연산동,경상사고,0,0,1,0,차대사람 - 횡단중,안전운전불이행,젖음/습기,비,교차로 - 교차로안,승용,남,72세,상해없음,보행자,여,77세,경상
노인운전자사고,2022062400100149,2022년 6월 24일 09시,금요일,부산광역시 남구 용호동,중상사고,0,1,0,0,차대사람 - 보도통행중,보행자보호의무위반,젖음/습기,비,교차로 - 교차로부근,승용,남,79세,상해없음,보행자,여,24세,중상
노인운전자사고,2022062400100181,2022년 6월 24일 10시,금요일,부산광역시 동구 초량동,중상사고,0,1,0,0,차대사람 - 기타,안전운전불이행,건조,맑음,단일로 - 기타,승용,남,71세,상해없음,보행자,여,63세,중상
노인운전자사고,2022062400100182,2022년 6월 24일 10시,금요일,부산광역시 동구 초량동,중상사고,0,1,0,0,차대차 - 측면충돌,교차로운행방법위반,건조,맑음,교차로 - 교차로안,승용,남,72세,상해없음,승용,남,57세,중상
노인운전자사고,2022062400100204,2022년 6월 24일 11시,금요일,부산광역시 부산진구 부전동,경상사고,0,0,1,0,차대차 - 기타,중앙선침범,젖음/습기,비,교차로 - 교차로안,승용,남,65세,상해없음,이륜,남,34세,경상
노인운전자사고,2022062400100228,2022년 6월 24일 12시,금요일,부산광역시 중구 중앙동4가,경상사고,0,0,1,0,차대차 - 측면충돌,신호위반,건조,맑음,교차로 - 교차로안,화물,남,70세,상해없음,승용,남,31세,경상
노인운전자사고,2022062400100467,2022년 6월 24일 18시,금요일,부산광역시 부산진구 양정동,중상사고,0,1,0,0,차대사람 - 횡단중,보행자보호의무위반,건조,맑음,교차로 - 교차로횡단보도내,승용,남,73세,상해없음,보행자,남,32세,중상
노인운전자사고,2022062500100185,2022년 6월 25일 11시,토요일,부산광역시 부산진구 당감동,경상사고,0,0,1,0,차대차 - 기타,신호위반,건조,맑음,단일로 - 기타,화물,남,66세,상해없음,승용,남,68세,상해없음
노인운전자사고,2022062500100285,2022년 6월 25일 13시,토요일,부산광역시 부산진구 범천동,경상사고,0,0,3,0,차대차 - 측면충돌,안전운전불이행,건조,맑음,단일로 - 기타,승용,여,72세,경상,승용,남,53세,경상
노인운전자사고,2022062500100377,2022년 6월 25일 15시,토요일,부산광역시 해운대구 반여동,경상사고,0,0,6,0,차대차 - 측면충돌,안전거리미확보,건조,맑음,단일로 - 기타,승용,남,72세,경상,승합,남,44세,경상
노인운전자사고,2022062500100412,2022년 6월 25일 16시,토요일,부산광역시 기장군 기장읍,경상사고,0,0,1,0,차대사람 - 차도통행중,안전운전불이행,건조,맑음,단일로 - 기타,승용,여,65세,상해없음,보행자,남,50세,경상
노인운전자사고,2022062600100002,2022년 6월 26일 00시,일요일,부산광역시 동구 초량동,경상사고,0,0,16,8,차대차 - 기타,신호위반,건조,맑음,단일로 - 기타,승용,남,69세,부상신고,승합,남,56세,경상
노인운전자사고,2022062600100093,2022년 6월 26일 10시,일요일,부산광역시 부산진구 부전동,경상사고,0,0,3,0,차대차 - 측면충돌,안전거리미확보,건조,맑음,단일로 - 고가도로위,승용,남,70세,상해없음,승용,남,43세,경상
노인운전자사고,2022062600100178,2022년 6월 26일 14시,일요일,부산광역시 부산진구 가야동,경상사고,0,0,3,0,차대차 - 기타,신호위반,건조,맑음,교차로 - 교차로안,승용,남,66세,상해없음,승용,남,37세,경상
노인운전자사고,2.02206E+15,2022년 6월 26일 15시,일요일,부산광역시 연제구 연산동,경상사고,0,0,4,1,차대차 - 기타,안전운전불이행,건조,맑음,단일로 - 기타,승용,남,68세,부상신고,승합,남,56세,경상
노인운전자사고,2.02206E+15,2022년 6월 26일 23시,일요일,부산광역시 부산진구 당감동,중상사고,0,1,0,0,차대차 - 추돌,안전운전불이행,건조,맑음,교차로 - 교차로부근,승용,남,69세,상해없음,이륜,남,21세,중상
노인운전자사고,2022062700100053,2022년 6월 27일 07시,월요일,부산광역시 서구 동대신동3가,경상사고,0,0,1,1,차대차 - 측면충돌,안전운전불이행,젖음/습기,비,단일로 - 기타,승용,여,70세,부상신고,승용,여,32세,경상
노인운전자사고,2022062700100054,2022년 6월 27일 07시,월요일,부산광역시 사상구 엄궁동,경상사고,0,0,2,0,차대차 - 측면충돌,안전거리미확보,건조,맑음,교차로 - 교차로부근,화물,남,67세,경상,승용,여,48세,경상
노인운전자사고,2022062700100089,2022년 6월 27일 08시,월요일,부산광역시 금정구 부곡동,경상사고,0,0,2,0,차대차 - 추돌,안전거리미확보,건조,맑음,단일로 - 기타,화물,남,70세,상해없음,승용,남,69세,경상
노인운전자사고,2022062700100124,2022년 6월 27일 09시,월요일,부산광역시 서구 부민동2가,경상사고,0,0,1,0,차대차 - 측면충돌,교차로운행방법위반,젖음/습기,흐림,교차로 - 교차로안,화물,남,65세,상해없음,승용,남,51세,경상
노인운전자사고,2022062700100157,2022년 6월 27일 10시,월요일,부산광역시 해운대구 중동,경상사고,0,0,1,0,차대차 - 기타,안전거리미확보,젖음/습기,비,단일로 - 기타,승용,남,73세,상해없음,승합,남,55세,상해없음
노인운전자사고,2022062700100158,2022년 6월 27일 10시,월요일,부산광역시 금정구 금사동,경상사고,0,0,1,0,차대차 - 기타,안전운전불이행,젖음/습기,비,기타 - 기타,승용,남,69세,상해없음,이륜,남,56세,경상
노인운전자사고,2022062700100159,2022년 6월 27일 10시,월요일,부산광역시 사하구 구평동,경상사고,0,0,1,0,차대차 - 측면충돌,안전거리미확보,건조,맑음,단일로 - 기타,승용,남,79세,상해없음,승용,남,38세,경상
노인운전자사고,2.02206E+15,2022년 6월 27일 10시,월요일,부산광역시 기장군 장안읍,경상사고,0,0,1,0,차대차 - 기타,안전운전불이행,건조,맑음,교차로 - 교차로안,승용,남,77세,상해없음,승용,여,62세,경상
노인운전자사고,2022062700100428,2022년 6월 27일 18시,월요일,부산광역시 해운대구 우동,경상사고,0,0,1,0,차대차 - 측면충돌,안전운전불이행,건조,맑음,교차로 - 교차로부근,승용,남,66세,상해없음,승용,남,51세,경상
노인운전자사고,2022062800100043,2022년 6월 28일 06시,화요일,부산광역시 사하구 괴정동,중상사고,0,1,0,0,차대차 - 측면충돌,신호위반,건조,맑음,교차로 - 교차로안,승용,남,69세,상해없음,승용,여,64세,중상
노인운전자사고,2022062800100069,2022년 6월 28일 08시,화요일,부산광역시 부산진구 양정동,경상사고,0,0,1,0,차대차 - 측면충돌,신호위반,젖음/습기,비,교차로 - 교차로안,승용,남,65세,상해없음,승용,남,19세,경상
노인운전자사고,2022062800100111,2022년 6월 28일 09시,화요일,부산광역시 동래구 명륜동,경상사고,0,0,2,0,차대차 - 측면충돌,안전운전불이행,건조,맑음,단일로 - 기타,승용,여,65세,상해없음,승용,여,38세,경상
노인운전자사고,2.02206E+15,2022년 6월 28일 10시,화요일,부산광역시 서구 아미동1가,경상사고,0,0,1,0,차대사람 - 기타,안전운전불이행,건조,맑음,교차로 - 교차로부근,승용,남,66세,상해없음,보행자,남,43세,경상
노인운전자사고,2022062800100193,2022년 6월 28일 12시,화요일,부산광역시 해운대구 반송동,경상사고,0,0,1,0,차대차 - 기타,직진우회전진행방해,젖음/습기,비,교차로 - 교차로안,승용,남,67세,상해없음,이륜,남,37세,경상
노인운전자사고,2022062800100196,2022년 6월 28일 12시,화요일,부산광역시 기장군 정관읍,경상사고,0,0,3,0,차대차 - 측면충돌,신호위반,기타,흐림,교차로 - 교차로안,승용,남,66세,상해없음,승용,여,36세,경상
노인운전자사고,2022062800100447,2022년 6월 28일 19시,화요일,부산광역시 해운대구 재송동,경상사고,0,0,1,0,차대차 - 측면충돌,차로위반,젖음/습기,비,단일로 - 교량,승용,남,65세,상해없음,이륜,남,60세,경상
노인운전자사고,2022062800100483,2022년 6월 28일 20시,화요일,부산광역시 북구 화명동,경상사고,0,0,1,0,차대사람 - 횡단중,신호위반,젖음/습기,흐림,교차로 - 교차로횡단보도내,승용,남,75세,상해없음,보행자,여,83세,경상
노인운전자사고,2022062800100559,2022년 6월 28일 23시,화요일,부산광역시 부산진구 개금동,중상사고,0,1,0,0,차대차 - 기타,안전운전불이행,젖음/습기,비,단일로 - 기타,승용,남,69세,상해없음,이륜,남,35세,중상
노인운전자사고,2022062900100032,2022년 6월 29일 03시,수요일,부산광역시 동구 초량동,중상사고,0,1,0,0,차대사람 - 차도통행중,안전운전불이행,젖음/습기,비,단일로 - 지하차도(도로)내,승용,남,67세,상해없음,보행자,남,41세,중상
노인운전자사고,2022062900100082,2022년 6월 29일 08시,수요일,부산광역시 해운대구 우동,경상사고,0,0,1,0,차대차 - 기타,안전운전불이행,건조,흐림,단일로 - 기타,승용,남,65세,상해없음,자전거,남,44세,경상
노인운전자사고,2022062900100171,2022년 6월 29일 11시,수요일,부산광역시 해운대구 반여동,경상사고,0,0,1,0,차대차 - 측면충돌,신호위반,젖음/습기,비,교차로 - 교차로안,승용,여,70세,상해없음,승용,여,60세,경상
노인운전자사고,2022062900100204,2022년 6월 29일 12시,수요일,부산광역시 동구 초량동,경상사고,0,0,1,0,차대차 - 기타,안전거리미확보,건조,맑음,단일로 - 기타,승용,남,72세,상해없음,승용,남,43세,경상
노인운전자사고,2022062900100244,2022년 6월 29일 13시,수요일,부산광역시 강서구 녹산동,경상사고,0,0,1,0,차대차 - 측면충돌,신호위반,건조,맑음,교차로 - 교차로부근,화물,남,69세,상해없음,이륜,남,38세,경상
노인운전자사고,2022062900100393,2022년 6월 29일 17시,수요일,부산광역시 수영구 남천동,중상사고,0,1,0,0,차대차 - 측면충돌,안전운전불이행,건조,맑음,교차로 - 교차로부근,승용,남,65세,상해없음,자전거,여,56세,중상
노인운전자사고,2022062900100427,2022년 6월 29일 18시,수요일,부산광역시 북구 만덕동,경상사고,0,0,1,0,차대차 - 기타,차로위반,젖음/습기,비,단일로 - 기타,승용,남,68세,상해없음,승용,남,57세,경상
노인운전자사고,2022063000100153,2022년 6월 30일 09시,목요일,부산광역시 강서구 송정동,경상사고,0,0,1,0,차대차 - 추돌,안전운전불이행,건조,맑음,교차로 - 교차로부근,화물,남,66세,기타불명,화물,남,51세,경상
노인운전자사고,2022063000100304,2022년 6월 30일 15시,목요일,부산광역시 부산진구 전포동,중상사고,0,1,0,0,차대차 - 측면충돌,신호위반,건조,맑음,교차로 - 교차로안,승용,여,67세,상해없음,이륜,남,32세,중상
노인운전자사고,2022063000100469,2022년 6월 30일 19시,목요일,부산광역시 영도구 대교동1가,경상사고,0,0,1,0,차대차 - 기타,안전운전불이행,건조,맑음,교차로 - 교차로부근,승용,남,73세,상해없음,승용,남,30세,경상
노인운전자사고,2.02206E+15,2022년 6월 30일 21시,목요일,부산광역시 중구 영주동,경상사고,0,0,2,0,차대차 - 기타,중앙선침범,건조,맑음,단일로 - 기타,승용,남,65세,상해없음,승용,남,61세,상해없음
노인운전자사고,2022063000100532,2022년 6월 30일 21시,목요일,부산광역시 부산진구 전포동,경상사고,0,0,1,0,차대차 - 기타,신호위반,건조,맑음,교차로 - 교차로안,승용,남,69세,상해없음,이륜,남,25세,경상
노인운전자사고,2022063000100593,2022년 6월 30일 23시,목요일,부산광역시 사상구 삼락동,중상사고,0,1,0,0,차대사람 - 차도통행중,중앙선침범,건조,맑음,교차로 - 교차로안,화물,남,72세,상해없음,보행자,남,55세,중상
노인운전자사고,2022070100100304,2022년 7월 1일 14시,금요일,부산광역시 연제구 거제동,경상사고,0,0,1,0,차대차 - 추돌,안전운전불이행,건조,맑음,단일로 - 기타,승용,남,70세,상해없음,승용,남,36세,경상
노인운전자사고,2022070100100441,2022년 7월 1일 17시,금요일,부산광역시 남구 대연동,경상사고,0,0,1,0,차대차 - 측면충돌,중앙선침범,건조,맑음,단일로 - 기타,승용,남,71세,상해없음,승합,남,65세,경상
노인운전자사고,2022070100100444,2022년 7월 1일 17시,금요일,부산광역시 기장군 일광읍,경상사고,0,0,1,0,차대차 - 기타,신호위반,건조,맑음,단일로 - 기타,화물,남,66세,상해없음,승용,여,48세,경상
노인운전자사고,2022070200100122,2022년 7월 2일 09시,토요일,부산광역시 강서구 대저1동,경상사고,0,0,1,0,차대차 - 측면충돌,안전거리미확보,건조,맑음,단일로 - 기타,승용,남,67세,상해없음,승용,남,22세,경상
노인운전자사고,2022070200100157,2022년 7월 2일 10시,토요일,부산광역시 부산진구 범천동,부상신고사고,0,0,0,1,차대차 - 추돌,안전운전불이행,건조,맑음,단일로 - 기타,승용,여,77세,상해없음,승용,남,29세,부상신고
노인운전자사고,2022070200100238,2022년 7월 2일 12시,토요일,부산광역시 부산진구 양정동,부상신고사고,0,0,0,1,차대차 - 기타,안전운전불이행,건조,맑음,단일로 - 기타,승용,남,79세,부상신고,화물,남,53세,기타불명
노인운전자사고,2022070200100239,2022년 7월 2일 12시,토요일,부산광역시 기장군 기장읍,중상사고,0,1,0,0,차대차 - 기타,안전운전불이행,건조,맑음,단일로 - 기타,승용,여,67세,상해없음,자전거,남,64세,중상
노인운전자사고,2022070200100304,2022년 7월 2일 14시,토요일,부산광역시 중구 광복동1가,경상사고,0,0,1,0,차대차 - 측면충돌,안전운전불이행,건조,맑음,단일로 - 기타,승용,여,65세,상해없음,승용,남,47세,경상
노인운전자사고,2022070200100512,2022년 7월 2일 20시,토요일,부산광역시 남구 대연동,경상사고,0,0,2,0,차대차 - 측면충돌,안전운전불이행,건조,맑음,교차로 - 교차로안,승용,남,67세,상해없음,승합,남,57세,경상
노인운전자사고,2022070300100013,2022년 7월 3일 01시,일요일,부산광역시 동래구 온천동,경상사고,0,0,1,0,차대사람 - 횡단중,안전운전불이행,건조,맑음,단일로 - 기타,이륜,남,70세,상해없음,보행자,여,53세,경상
노인운전자사고,2022070300100085,2022년 7월 3일 08시,일요일,부산광역시 서구 충무동1가,중상사고,0,1,0,0,차대차 - 측면충돌,신호위반,건조,맑음,교차로 - 교차로안,승용,남,65세,상해없음,이륜,남,27세,중상
노인운전자사고,2022070300100119,2022년 7월 3일 10시,일요일,부산광역시 해운대구 송정동,부상신고사고,0,0,0,1,차대차 - 기타,안전운전불이행,건조,맑음,단일로 - 기타,승합,남,66세,상해없음,자전거,남,71세,부상신고