사고부문,사고번호,사고일시,요일,시군구,사고내용,사망자수,중상자수,경상자수,부상신고자수,사고유형,법규위반,노면상태,기상상태,도로형태,가해운전자 차종,가해운전자 성별,가해운전자 연령,가해운전자 상해정도,피해운전자 차종,피해운전자 성별,피해운전자 연령,피해운전자 상해정도
노인운전자사고,2022070300100194,2022년 7월 3일 13시,일요일,부산광역시 사상구 감전동,경상사고,0,0,1,0,차대차 - 기타,안전거리미확보,건조,맑음,단일로 - 기타,승용,남,73세,상해없음,승용,남,39세,경상
노인운전자사고,2022070300100373,2022년 7월 3일 19시,일요일,부산광역시 금정구 장전동,중상사고,0,1,1,0,차대차 - 측면충돌,신호위반,건조,맑음,교차로 - 교차로안,이륜,남,65세,중상,원동기,남,19세,경상
노인운전자사고,2022070400100295,2022년 7월 4일 14시,월요일,부산광역시 남구 감만동,경상사고,0,0,2,0,차대차 - 측면충돌,중앙선침범,건조,맑음,교차로 - 교차로부근,승용,남,80세,상해없음,승용,남,47세,경상
노인운전자사고,2022070400100396,2022년 7월 4일 17시,월요일,부산광역시 서구 동대신동1가,경상사고,0,0,1,0,차대차 - 측면충돌,안전거리미확보,건조,맑음,교차로 - 교차로부근,이륜,남,80세,경상,승용,남,43세,상해없음
노인운전자사고,2022070400100397,2022년 7월 4일 17시,월요일,부산광역시 부산진구 전포동,중상사고,0,1,0,0,차대사람 - 기타,안전운전불이행,건조,맑음,교차로 - 교차로안,승용,남,79세,상해없음,보행자,남,54세,중상
노인운전자사고,2022070400100398,2022년 7월 4일 17시,월요일,부산광역시 부산진구 부전동,경상사고,0,0,1,0,차대사람 - 횡단중,신호위반,건조,맑음,단일로 - 기타,승용,남,65세,상해없음,보행자,남,64세,경상
노인운전자사고,2022070400100579,2022년 7월 4일 23시,월요일,부산광역시 동구 초량동,경상사고,0,0,1,0,차대차 - 측면충돌,교차로운행방법위반,건조,맑음,교차로 - 교차로안,승용,남,76세,상해없음,승용,여,26세,경상
노인운전자사고,2022070500100002,2022년 7월 5일 00시,화요일,부산광역시 중구 보수동1가,경상사고,0,0,3,0,차대차 - 정면충돌,안전운전불이행,건조,맑음,기타 - 기타,승용,남,69세,상해없음,승합,남,38세,경상
노인운전자사고,2022070500100127,2022년 7월 5일 09시,화요일,부산광역시 수영구 광안동,경상사고,0,0,2,0,차대차 - 추돌,안전운전불이행,건조,맑음,단일로 - 기타,승용,남,77세,상해없음,승용,여,43세,경상
노인운전자사고,2022070500100128,2022년 7월 5일 09시,화요일,부산광역시 해운대구 반송동,중상사고,0,1,0,0,차대사람 - 기타,안전운전불이행,건조,맑음,단일로 - 기타,이륜,여,70세,상해없음,보행자,여,71세,중상
노인운전자사고,2022070500100187,2022년 7월 5일 11시,화요일,부산광역시 남구 문현동,중상사고,0,1,0,0,차대차 - 기타,안전거리미확보,건조,맑음,단일로 - 기타,승용,남,73세,상해없음,승합,남,56세,상해없음
노인운전자사고,2022070500100283,2022년 7월 5일 14시,화요일,부산광역시 금정구 부곡동,경상사고,0,0,2,0,차대차 - 측면충돌,안전운전불이행,건조,맑음,단일로 - 기타,승용,남,71세,상해없음,승용,여,35세,경상
노인운전자사고,2022070600100185,2022년 7월 6일 11시,수요일,부산광역시 남구 용호동,부상신고사고,0,0,0,1,차대차 - 측면충돌,안전거리미확보,건조,맑음,교차로 - 교차로부근,승용,남,69세,상해없음,이륜,남,52세,부상신고
노인운전자사고,2022070600100241,2022년 7월 6일 13시,수요일,부산광역시 영도구 청학동,중상사고,0,1,0,0,차대차 - 기타,안전운전불이행,건조,맑음,단일로 - 지하차도(도로)내,화물,남,65세,중상,이륜,남,47세,기타불명
노인운전자사고,2022070600100342,2022년 7월 6일 16시,수요일,부산광역시 북구 덕천동,부상신고사고,0,0,0,1,차대사람 - 기타,안전운전불이행,건조,맑음,단일로 - 기타,화물,남,69세,상해없음,보행자,남,79세,부상신고
노인운전자사고,2022070600100344,2022년 7월 6일 16시,수요일,부산광역시 부산진구 부전동,경상사고,0,0,1,0,차대사람 - 기타,안전운전불이행,건조,맑음,단일로 - 기타,승용,여,71세,상해없음,보행자,여,67세,경상
노인운전자사고,2022070600100408,2022년 7월 6일 18시,수요일,부산광역시 남구 용호동,경상사고,0,0,1,0,차대차 - 측면충돌,안전거리미확보,건조,맑음,단일로 - 기타,승용,여,65세,상해없음,승용,남,52세,경상
노인운전자사고,2022070600100457,2022년 7월 6일 19시,수요일,부산광역시 동구 초량동,경상사고,0,0,1,0,차대차 - 측면충돌,안전운전불이행,건조,맑음,교차로 - 교차로횡단보도내,자전거,남,72세,경상,승용,남,44세,상해없음
노인운전자사고,2022070700100098,2022년 7월 7일 08시,목요일,부산광역시 강서구 성북동,경상사고,0,0,1,0,차대차 - 측면충돌,안전운전불이행,건조,맑음,단일로 - 기타,특수,남,65세,상해없음,승용,남,28세,경상
노인운전자사고,2022070700100153,2022년 7월 7일 09시,목요일,부산광역시 강서구 식만동,경상사고,0,0,1,0,차대차 - 기타,기타,건조,맑음,단일로 - 기타,화물,남,65세,상해없음,승용,남,21세,경상
노인운전자사고,2022070700100258,2022년 7월 7일 12시,목요일,부산광역시 사하구 하단동,중상사고,0,1,0,0,차대사람 - 차도통행중,안전운전불이행,건조,맑음,단일로 - 기타,승용,여,66세,기타불명,보행자,남,61세,중상
노인운전자사고,2022070700100286,2022년 7월 7일 13시,목요일,부산광역시 수영구 남천동,경상사고,0,0,1,0,차대차 - 추돌,안전운전불이행,건조,맑음,교차로 - 교차로안,승용,남,70세,상해없음,승용,남,29세,경상
노인운전자사고,2022070700100322,2022년 7월 7일 14시,목요일,부산광역시 강서구 대저1동,중상사고,0,1,0,0,차대차 - 추돌,안전운전불이행,건조,맑음,교차로 - 교차로부근,승용,남,78세,상해없음,승용,여,24세,중상
노인운전자사고,2022070700100422,2022년 7월 7일 17시,목요일,부산광역시 강서구 명지동,경상사고,0,0,1,0,차대사람 - 기타,안전운전불이행,건조,맑음,단일로 - 기타,화물,남,74세,상해없음,보행자,남,42세,경상
노인운전자사고,2022070800100013,2022년 7월 8일 01시,금요일,부산광역시 중구 중앙동4가,중상사고,0,1,0,0,차대사람 - 횡단중,안전운전불이행,건조,맑음,교차로 - 교차로안,승용,남,65세,상해없음,보행자,여,59세,중상
노인운전자사고,2022070800100037,2022년 7월 8일 05시,금요일,부산광역시 사상구 감전동,경상사고,0,0,1,0,차대차 - 측면충돌,불법유턴,건조,맑음,단일로 - 기타,자전거,남,72세,경상,승용,남,64세,상해없음
노인운전자사고,2022070800100133,2022년 7월 8일 09시,금요일,부산광역시 서구 남부민동,경상사고,0,0,1,0,차대사람 - 보도통행중,기타,젖음/습기,비,단일로 - 기타,원동기,남,66세,상해없음,보행자,여,25세,경상
노인운전자사고,2022070800100258,2022년 7월 8일 13시,금요일,부산광역시 북구 덕천동,경상사고,0,0,1,0,차대차 - 기타,신호위반,건조,맑음,교차로 - 교차로안,승용,남,75세,상해없음,특수,남,30세,경상
노인운전자사고,2022070800100259,2022년 7월 8일 13시,금요일,부산광역시 영도구 남항동2가,경상사고,0,0,1,0,차대차 - 측면충돌,안전운전불이행,건조,맑음,기타 - 기타,자전거,남,72세,경상,승용,여,57세,상해없음
노인운전자사고,2.02207E+15,2022년 7월 8일 13시,금요일,부산광역시 부산진구 범전동,경상사고,0,0,1,0,차대차 - 추돌,안전운전불이행,건조,맑음,교차로 - 교차로부근,승합,남,66세,상해없음,승용,남,29세,경상
노인운전자사고,2022070800100328,2022년 7월 8일 15시,금요일,부산광역시 서구 토성동4가,중상사고,0,1,0,0,차대차 - 측면충돌,안전운전불이행,건조,맑음,교차로 - 교차로안,승용,남,65세,상해없음,원동기,남,80세,중상
노인운전자사고,2022070800100359,2022년 7월 8일 16시,금요일,부산광역시 서구 동대신동2가,경상사고,0,0,2,0,차대차 - 추돌,안전운전불이행,건조,맑음,교차로 - 교차로안,승용,여,72세,상해없음,승용,남,30세,경상
노인운전자사고,2022070800100589,2022년 7월 8일 22시,금요일,부산광역시 남구 대연동,중상사고,0,1,0,0,차대차 - 정면충돌,신호위반,건조,맑음,교차로 - 교차로안,승합,남,71세,상해없음,이륜,남,27세,중상
노인운전자사고,2.02207E+15,2022년 7월 9일 07시,토요일,부산광역시 강서구 성북동,경상사고,0,0,1,0,차대차 - 기타,기타,건조,맑음,교차로 - 교차로부근,특수,남,66세,상해없음,특수,남,64세,경상
노인운전자사고,2022070900100427,2022년 7월 9일 18시,토요일,부산광역시 동래구 온천동,중상사고,0,1,0,0,차대차 - 측면충돌,기타,건조,맑음,단일로 - 기타,승용,남,72세,상해없음,이륜,남,46세,중상
노인운전자사고,2022070900100513,2022년 7월 9일 21시,토요일,부산광역시 해운대구 우동,경상사고,0,0,2,0,차대차 - 측면충돌,안전거리미확보,건조,맑음,단일로 - 기타,승용,남,78세,경상,승용,남,62세,경상
노인운전자사고,2022071000100006,2022년 7월 10일 00시,일요일,부산광역시 부산진구 범천동,경상사고,0,0,1,0,차대사람 - 기타,안전운전불이행,건조,맑음,기타 - 기타,승용,남,70세,상해없음,보행자,여,23세,경상
노인운전자사고,2022071000100084,2022년 7월 10일 08시,일요일,부산광역시 금정구 구서동,중상사고,0,1,0,0,차대차 - 추돌,안전운전불이행,건조,맑음,단일로 - 기타,승용,남,79세,상해없음,승용,남,49세,기타불명
노인운전자사고,2022071000100143,2022년 7월 10일 11시,일요일,부산광역시 동구 초량동,경상사고,0,0,1,0,차대차 - 측면충돌,안전운전불이행,건조,맑음,교차로 - 교차로부근,승용,남,67세,경상,승용,여,56세,상해없음
노인운전자사고,2022071000100286,2022년 7월 10일 16시,일요일,부산광역시 남구 대연동,경상사고,0,0,5,0,차대차 - 기타,안전거리미확보,건조,맑음,단일로 - 기타,승용,남,65세,기타불명,승용,남,62세,경상
노인운전자사고,2022071000100393,2022년 7월 10일 21시,일요일,부산광역시 금정구 서동,경상사고,0,0,1,0,차대차 - 추돌,안전거리미확보,기타,맑음,교차로 - 교차로안,승용,남,67세,상해없음,승용,여,54세,경상
노인운전자사고,2022071100100075,2022년 7월 11일 08시,월요일,부산광역시 남구 대연동,경상사고,0,0,3,0,차대차 - 기타,안전운전불이행,건조,맑음,기타 - 기타,승용,여,73세,상해없음,승용,여,53세,경상
노인운전자사고,2022071100100151,2022년 7월 11일 10시,월요일,부산광역시 부산진구 부전동,경상사고,0,0,2,0,차대차 - 측면충돌,교차로운행방법위반,건조,맑음,교차로 - 교차로안,승용,남,74세,경상,승용,남,33세,경상
노인운전자사고,2022071100100152,2022년 7월 11일 10시,월요일,부산광역시 금정구 회동동,경상사고,0,0,1,0,차대차 - 측면충돌,차로위반,건조,맑음,기타 - 기타,건설기계,남,66세,상해없음,승용,남,46세,경상
노인운전자사고,2022071100100471,2022년 7월 11일 18시,월요일,부산광역시 서구 동대신동3가,부상신고사고,0,0,0,1,차대차 - 측면충돌,교차로운행방법위반,건조,맑음,교차로 - 교차로부근,원동기,남,80세,부상신고,승용,남,41세,상해없음
노인운전자사고,2022071200100053,2022년 7월 12일 07시,화요일,부산광역시 기장군 정관읍,경상사고,0,0,1,0,차대차 - 기타,신호위반,건조,맑음,교차로 - 교차로안,화물,남,68세,상해없음,승용,남,53세,경상
노인운전자사고,2022071200100246,2022년 7월 12일 14시,화요일,부산광역시 부산진구 연지동,경상사고,0,0,1,0,차대차 - 기타,안전거리미확보,건조,맑음,단일로 - 기타,승용,남,66세,상해없음,승용,여,48세,경상
노인운전자사고,2022071200100345,2022년 7월 12일 17시,화요일,부산광역시 사하구 장림동,경상사고,0,0,1,0,차대차 - 측면충돌,안전운전불이행,건조,맑음,단일로 - 기타,화물,남,66세,상해없음,승용,남,42세,경상
노인운전자사고,2022071200100386,2022년 7월 12일 18시,화요일,부산광역시 남구 감만동,경상사고,0,0,1,0,차대차 - 추돌,안전운전불이행,건조,맑음,단일로 - 기타,승용,남,69세,상해없음,승용,남,61세,경상
노인운전자사고,2022071200100388,2022년 7월 12일 18시,화요일,부산광역시 동래구 온천동,경상사고,0,0,1,0,차대차 - 측면충돌,안전운전불이행,건조,맑음,교차로 - 교차로부근,승합,남,66세,상해없음,자전거,남,75세,경상
노인운전자사고,2022071200100472,2022년 7월 12일 21시,화요일,부산광역시 동구 수정동,경상사고,0,0,1,0,차대사람 - 보도통행중,안전운전불이행,건조,맑음,교차로 - 교차로안,승용,남,70세,상해없음,보행자,남,56세,경상
노인운전자사고,2022071200100498,2022년 7월 12일 22시,화요일,부산광역시 동래구 수안동,경상사고,0,0,1,0,차대차 - 기타,안전운전불이행,건조,맑음,교차로 - 교차로부근,승용,남,65세,상해없음,이륜,남,64세,경상
노인운전자사고,2022071300100074,2022년 7월 13일 08시,수요일,부산광역시 동래구 안락동,경상사고,0,0,1,0,차대사람 - 횡단중,보행자보호의무위반,건조,맑음,교차로 - 교차로부근,승용,남,73세,상해없음,보행자,남,23세,경상
노인운전자사고,2.02207E+15,2022년 7월 13일 11시,수요일,부산광역시 수영구 남천동,경상사고,0,0,1,0,차대차 - 기타,안전운전불이행,건조,맑음,단일로 - 기타,승용,남,78세,상해없음,승용,여,63세,경상
노인운전자사고,2022071300100281,2022년 7월 13일 15시,수요일,부산광역시 사하구 당리동,중상사고,0,1,0,0,차대차 - 측면충돌,교차로운행방법위반,건조,맑음,교차로 - 교차로부근,승용,여,66세,상해없음,이륜,남,25세,중상
노인운전자사고,2022071300100282,2022년 7월 13일 15시,수요일,부산광역시 사상구 주례동,중상사고,0,1,0,0,차량단독 - 기타,안전운전불이행,건조,맑음,단일로 - 기타,이륜,남,70세,중상,,,,
노인운전자사고,2022071300100481,2022년 7월 13일 20시,수요일,부산광역시 남구 대연동,경상사고,0,0,1,0,차대차 - 측면충돌,교차로운행방법위반,건조,맑음,교차로 - 교차로부근,승용,남,79세,상해없음,승용,남,37세,경상
노인운전자사고,2022071400100146,2022년 7월 14일 09시,목요일,부산광역시 사하구 장림동,경상사고,0,0,1,0,차대사람 - 기타,기타,건조,맑음,단일로 - 기타,승합,남,71세,상해없음,보행자,여,43세,경상
노인운전자사고,2022071400100187,2022년 7월 14일 10시,목요일,부산광역시 서구 토성동1가,경상사고,0,0,1,0,차대사람 - 횡단중,신호위반,건조,맑음,단일로 - 기타,이륜,남,77세,상해없음,보행자,여,67세,경상
노인운전자사고,2.02207E+15,2022년 7월 14일 13시,목요일,부산광역시 남구 대연동,경상사고,0,0,1,0,차대사람 - 길가장자리구역통행중,안전운전불이행,건조,맑음,교차로 - 교차로부근,승용,여,70세,상해없음,보행자,여,19세,경상
노인운전자사고,2.02207E+15,2022년 7월 14일 14시,목요일,부산광역시 부산진구 개금동,경상사고,0,0,3,0,차대차 - 추돌,안전운전불이행,건조,맑음,기타 - 기타,승용,남,65세,상해없음,승용,남,39세,경상
노인운전자사고,2022071400100622,2022년 7월 14일 22시,목요일,부산광역시 연제구 연산동,경상사고,0,0,1,0,차대사람 - 기타,안전운전불이행,건조,맑음,단일로 - 기타,승용,남,65세,상해없음,보행자,남,31세,경상
노인운전자사고,2022071500100013,2022년 7월 15일 01시,금요일,부산광역시 서구 동대신동2가,중상사고,0,1,0,0,차대사람 - 횡단중,안전운전불이행,건조,맑음,단일로 - 기타,승용,남,70세,상해없음,보행자,여,26세,중상
노인운전자사고,2.02207E+15,2022년 7월 15일 06시,금요일,부산광역시 사상구 괘법동,중상사고,0,1,1,0,차대차 - 정면충돌,신호위반,건조,맑음,교차로 - 교차로안,승합,남,71세,상해없음,승용,남,41세,경상
노인운전자사고,2022071500100116,2022년 7월 15일 09시,금요일,부산광역시 수영구 광안동,경상사고,0,0,2,0,차대차 - 기타,안전운전불이행,건조,맑음,교차로 - 교차로부근,승용,여,70세,상해없음,승용,여,49세,경상
노인운전자사고,2022071500100184,2022년 7월 15일 11시,금요일,부산광역시 서구 충무동1가,경상사고,0,0,1,0,차대차 - 측면충돌,안전거리미확보,건조,맑음,교차로 - 교차로부근,승용,남,67세,상해없음,화물,남,54세,경상
노인운전자사고,2022071500100273,2022년 7월 15일 14시,금요일,부산광역시 동구 수정동,경상사고,0,0,1,0,차대차 - 기타,차로위반,건조,맑음,교차로 - 교차로부근,승용,여,66세,상해없음,승합,남,66세,상해없음
노인운전자사고,2022071500100277,2022년 7월 15일 14시,금요일,부산광역시 수영구 망미동,중상사고,0,1,1,0,차대차 - 측면충돌,기타,건조,맑음,교차로 - 교차로부근,승용,남,72세,경상,승용,남,43세,중상
노인운전자사고,2022071500100278,2022년 7월 15일 14시,금요일,부산광역시 수영구 망미동,중상사고,0,1,0,0,차대사람 - 기타,안전운전불이행,건조,맑음,교차로 - 교차로부근,승용,남,72세,상해없음,보행자,남,43세,중상
노인운전자사고,2.02207E+15,2022년 7월 15일 15시,금요일,부산광역시 사상구 학장동,경상사고,0,0,1,0,차대차 - 추돌,안전거리미확보,건조,맑음,단일로 - 기타,승합,남,80세,상해없음,승용,여,40세,경상
노인운전자사고,2022071500100456,2022년 7월 15일 18시,금요일,부산광역시 금정구 남산동,경상사고,0,0,1,0,차대사람 - 기타,안전운전불이행,건조,맑음,기타 - 기타,화물,남,65세,상해없음,보행자,남,9세,경상
노인운전자사고,2022071500100582,2022년 7월 15일 21시,금요일,부산광역시 남구 대연동,부상신고사고,0,0,0,1,차대차 - 기타,안전운전불이행,건조,맑음,단일로 - 기타,승용,남,68세,기타불명,화물,남,73세,부상신고
노인운전자사고,2022071600100102,2022년 7월 16일 09시,토요일,부산광역시 기장군 장안읍,경상사고,0,0,1,0,차대차 - 측면충돌,중앙선침범,건조,맑음,단일로 - 기타,승용,남,79세,상해없음,승용,여,28세,경상
노인운전자사고,2022071600100223,2022년 7월 16일 13시,토요일,부산광역시 부산진구 전포동,경상사고,0,0,1,0,차대사람 - 기타,보행자보호의무위반,건조,맑음,교차로 - 교차로부근,승용,남,69세,상해없음,보행자,남,24세,경상
노인운전자사고,2022071600100224,2022년 7월 16일 13시,토요일,부산광역시 부산진구 당감동,경상사고,0,0,1,0,차대차 - 기타,안전거리미확보,건조,맑음,단일로 - 기타,승용,여,73세,상해없음,이륜,남,23세,경상
노인운전자사고,2022071600100344,2022년 7월 16일 16시,토요일,부산광역시 기장군 기장읍,중상사고,0,1,0,0,차대차 - 추돌,안전운전불이행,건조,맑음,단일로 - 기타,승용,남,65세,상해없음,승용,남,63세,중상
노인운전자사고,2022071600100442,2022년 7월 16일 19시,토요일,부산광역시 서구 동대신동2가,중상사고,0,1,1,0,차대차 - 기타,불법유턴,건조,맑음,단일로 - 기타,승용,남,68세,상해없음,승합,남,61세,중상
노인운전자사고,2022071600100443,2022년 7월 16일 19시,토요일,부산광역시 서구 아미동2가,중상사고,0,2,3,0,차대차 - 측면충돌,교차로운행방법위반,건조,맑음,교차로 - 교차로안,승용,남,75세,상해없음,승용,남,59세,중상
노인운전자사고,2022071600100539,2022년 7월 16일 23시,토요일,부산광역시 중구 남포동6가,부상신고사고,0,0,0,1,차대차 - 측면충돌,신호위반,건조,맑음,단일로 - 기타,승용,남,69세,상해없음,승합,남,52세,상해없음
노인운전자사고,2022071700100081,2022년 7월 17일 09시,일요일,부산광역시 남구 감만동,경상사고,0,0,1,0,차대차 - 측면충돌,안전운전불이행,건조,맑음,교차로 - 교차로안,승용,남,78세,상해없음,승용,남,74세,경상
노인운전자사고,2022071700100097,2022년 7월 17일 10시,일요일,부산광역시 북구 만덕동,경상사고,0,0,1,0,차대차 - 기타,안전운전불이행,건조,맑음,교차로 - 교차로안,승용,남,84세,상해없음,승용,남,65세,경상
노인운전자사고,2022071700100377,2022년 7월 17일 20시,일요일,부산광역시 금정구 서동,부상신고사고,0,0,0,1,차대차 - 측면충돌,직진우회전진행방해,건조,맑음,교차로 - 교차로안,승용,남,72세,부상신고,승용,남,64세,상해없음
노인운전자사고,2022071800100011,2022년 7월 18일 01시,월요일,부산광역시 기장군 장안읍,중상사고,0,1,0,0,차대사람 - 차도통행중,안전운전불이행,건조,맑음,단일로 - 기타,화물,여,71세,상해없음,보행자,남,19세,중상
노인운전자사고,2022071800100129,2022년 7월 18일 09시,월요일,부산광역시 동구 범일동,경상사고,0,0,2,0,차대차 - 측면충돌,안전거리미확보,젖음/습기,비,단일로 - 기타,승용,남,76세,상해없음,승용,남,27세,경상
노인운전자사고,2022071800100189,2022년 7월 18일 11시,월요일,부산광역시 해운대구 재송동,경상사고,0,0,1,0,차대차 - 측면충돌,안전운전불이행,젖음/습기,비,단일로 - 기타,승용,남,73세,상해없음,이륜,남,28세,경상
노인운전자사고,2.02207E+15,2022년 7월 18일 11시,월요일,부산광역시 해운대구 반여동,중상사고,0,1,0,0,차대차 - 측면충돌,교차로운행방법위반,젖음/습기,비,교차로 - 교차로부근,승용,남,75세,상해없음,승용,여,49세,중상
노인운전자사고,2022071800100229,2022년 7월 18일 12시,월요일,부산광역시 강서구 대저1동,경상사고,0,0,1,0,차대차 - 후진중충돌,안전운전불이행,젖음/습기,비,교차로 - 교차로부근,승용,남,74세,상해없음,이륜,남,23세,경상
노인운전자사고,2.02207E+15,2022년 7월 18일 13시,월요일,부산광역시 사상구 엄궁동,중상사고,0,1,1,0,차대차 - 측면충돌,신호위반,건조,맑음,교차로 - 교차로안,화물,남,69세,상해없음,승용,남,53세,경상
노인운전자사고,2022071800100365,2022년 7월 18일 16시,월요일,부산광역시 남구 용호동,경상사고,0,0,3,0,차대차 - 기타,신호위반,젖음/습기,맑음,교차로 - 교차로부근,승용,남,70세,경상,승용,여,67세,경상
노인운전자사고,2022071900100015,2022년 7월 19일 01시,화요일,부산광역시 연제구 거제동,중상사고,0,1,0,0,차대사람 - 기타,안전운전불이행,건조,맑음,단일로 - 기타,승용,남,66세,상해없음,보행자,남,42세,중상
노인운전자사고,2022071900100183,2022년 7월 19일 11시,화요일,부산광역시 부산진구 범천동,중상사고,0,1,2,0,차대차 - 측면충돌,안전거리미확보,건조,맑음,단일로 - 기타,승용,남,71세,경상,승용,남,27세,경상
노인운전자사고,2022071900100337,2022년 7월 19일 16시,화요일,부산광역시 수영구 남천동,경상사고,0,0,1,2,차대차 - 기타,안전운전불이행,건조,맑음,단일로 - 기타,승용,여,70세,상해없음,승용,여,39세,경상
노인운전자사고,2022071900100419,2022년 7월 19일 18시,화요일,부산광역시 부산진구 부전동,경상사고,0,0,10,0,차대차 - 기타,신호위반,건조,맑음,기타 - 기타,이륜,여,65세,상해없음,승합,남,57세,상해없음
노인운전자사고,2022071900100565,2022년 7월 19일 23시,화요일,부산광역시 사상구 주례동,중상사고,0,1,0,0,차대사람 - 보도통행중,신호위반,건조,맑음,교차로 - 교차로횡단보도내,승용,남,74세,기타불명,보행자,남,22세,중상
노인운전자사고,2022072000100165,2022년 7월 20일 10시,수요일,부산광역시 남구 감만동,경상사고,0,0,1,0,차대사람 - 보도통행중,안전운전불이행,건조,맑음,단일로 - 지하차도(도로)내,승용,남,69세,상해없음,보행자,여,69세,경상
노인운전자사고,2022072000100199,2022년 7월 20일 11시,수요일,부산광역시 동래구 온천동,경상사고,0,0,1,0,차대차 - 측면충돌,안전운전불이행,건조,맑음,교차로 - 교차로부근,승용,남,66세,상해없음,화물,여,57세,경상
노인운전자사고,2022072000100285,2022년 7월 20일 14시,수요일,부산광역시 부산진구 양정동,중상사고,0,1,0,0,차대차 - 측면충돌,안전운전불이행,건조,기타,교차로 - 교차로횡단보도내,이륜,남,82세,상해없음,자전거,남,66세,중상
노인운전자사고,2.02207E+15,2022년 7월 20일 18시,수요일,부산광역시 금정구 장전동,경상사고,0,0,1,0,차대사람 - 길가장자리구역통행중,안전운전불이행,건조,맑음,단일로 - 기타,화물,남,72세,상해없음,보행자,여,38세,경상
노인운전자사고,2022072000100575,2022년 7월 20일 22시,수요일,부산광역시 사상구 감전동,중상사고,0,1,0,0,차대차 - 측면충돌,안전운전불이행,건조,맑음,단일로 - 기타,승용,남,69세,상해없음,승용,여,54세,중상
노인운전자사고,2022072100100101,2022년 7월 21일 08시,목요일,부산광역시 사상구 학장동,경상사고,0,0,1,0,차대차 - 추돌,안전거리미확보,젖음/습기,비,교차로 - 교차로안,승용,남,67세,상해없음,화물,남,39세,경상
노인운전자사고,2022072100100129,2022년 7월 21일 09시,목요일,부산광역시 영도구 봉래동4가,중상사고,0,1,0,0,차대사람 - 횡단중,보행자보호의무위반,건조,맑음,단일로 - 기타,승용,남,75세,기타불명,보행자,여,72세,중상
노인운전자사고,2022072100100275,2022년 7월 21일 14시,목요일,부산광역시 북구 만덕동,경상사고,0,0,4,0,차대차 - 후진중충돌,안전운전불이행,건조,맑음,단일로 - 기타,승용,남,67세,상해없음,화물,남,51세,경상
노인운전자사고,2022072100100337,2022년 7월 21일 16시,목요일,부산광역시 남구 대연동,경상사고,0,0,1,0,차대차 - 기타,안전운전불이행,건조,맑음,단일로 - 기타,화물,남,68세,상해없음,화물,남,65세,기타불명
노인운전자사고,2022072100100374,2022년 7월 21일 17시,목요일,부산광역시 사하구 당리동,경상사고,0,0,1,0,차대차 - 기타,안전운전불이행,건조,맑음,교차로 - 교차로안,승용,여,72세,상해없음,승용,남,31세,경상
노인운전자사고,2022072100100539,2022년 7월 21일 23시,목요일,부산광역시 서구 동대신동2가,경상사고,0,0,2,0,차대차 - 기타,직진우회전진행방해,건조,맑음,교차로 - 교차로부근,승용,남,77세,상해없음,승용,남,65세,경상
노인운전자사고,2.02207E+15,2022년 7월 21일 23시,목요일,부산광역시 부산진구 양정동,경상사고,0,0,1,0,차대차 - 기타,안전운전불이행,건조,기타,교차로 - 교차로부근,승용,남,66세,상해없음,이륜,남,42세,경상
노인운전자사고,2022072200100028,2022년 7월 22일 02시,금요일,부산광역시 부산진구 부전동,경상사고,0,0,2,0,차대차 - 측면충돌,안전운전불이행,건조,맑음,교차로 - 교차로안,승용,남,69세,상해없음,승용,남,27세,경상
노인운전자사고,2022072200100155,2022년 7월 22일 10시,금요일,부산광역시 기장군 기장읍,경상사고,0,0,1,0,차대사람 - 횡단중,보행자보호의무위반,건조,맑음,교차로 - 교차로부근,승용,여,76세,상해없음,보행자,여,65세,경상
노인운전자사고,2022072200100184,2022년 7월 22일 11시,금요일,부산광역시 서구 토성동5가,중상사고,0,1,0,0,차대사람 - 기타,안전운전불이행,건조,맑음,단일로 - 기타,승용,남,67세,상해없음,보행자,여,51세,중상
노인운전자사고,2.02207E+15,2022년 7월 22일 16시,금요일,부산광역시 연제구 연산동,중상사고,0,1,0,0,차대사람 - 기타,안전운전불이행,건조,맑음,단일로 - 기타,승용,여,71세,상해없음,보행자,여,79세,중상
노인운전자사고,2022072200100413,2022년 7월 22일 17시,금요일,부산광역시 북구 만덕동,경상사고,0,0,1,0,차대차 - 기타,안전거리미확보,건조,맑음,단일로 - 기타,승합,남,69세,상해없음,승용,남,24세,경상
노인운전자사고,2022072200100459,2022년 7월 22일 18시,금요일,부산광역시 강서구 대저1동,경상사고,0,0,2,0,차대차 - 추돌,안전운전불이행,건조,맑음,단일로 - 기타,승용,남,66세,상해없음,승용,남,32세,경상
노인운전자사고,2022072300100077,2022년 7월 23일 08시,토요일,부산광역시 기장군 철마면,중상사고,0,1,0,0,차대차 - 정면충돌,신호위반,건조,맑음,교차로 - 교차로안,승용,남,73세,상해없음,승용,남,39세,중상