사고부문,사고번호,사고일시,요일,시군구,사고내용,사망자수,중상자수,경상자수,부상신고자수,사고유형,법규위반,노면상태,기상상태,도로형태,가해운전자 차종,가해운전자 성별,가해운전자 연령,가해운전자 상해정도,피해운전자 차종,피해운전자 성별,피해운전자 연령,피해운전자 상해정도
노인운전자사고,2022072300100117,2022년 7월 23일 10시,토요일,부산광역시 동래구 사직동,경상사고,0,0,1,0,차대사람 - 차도통행중,안전운전불이행,건조,맑음,교차로 - 교차로안,승용,남,70세,상해없음,보행자,여,67세,경상
노인운전자사고,2022072300100151,2022년 7월 23일 11시,토요일,부산광역시 연제구 연산동,중상사고,0,1,0,2,차대사람 - 기타,보행자보호의무위반,건조,맑음,교차로 - 교차로부근,승용,남,71세,상해없음,보행자,여,61세,중상
노인운전자사고,2022072300100351,2022년 7월 23일 17시,토요일,부산광역시 영도구 대교동1가,경상사고,0,0,1,0,차대사람 - 기타,안전운전불이행,건조,맑음,단일로 - 기타,승합,남,73세,상해없음,보행자,남,19세,경상
노인운전자사고,2022072300100462,2022년 7월 23일 21시,토요일,부산광역시 북구 구포동,중상사고,0,1,0,0,차대차 - 기타,신호위반,건조,맑음,교차로 - 교차로안,승용,남,71세,상해없음,이륜,남,29세,중상
노인운전자사고,2022072400100105,2022년 7월 24일 11시,일요일,부산광역시 강서구 대저2동,경상사고,0,0,1,0,차대차 - 측면충돌,신호위반,건조,맑음,교차로 - 교차로안,승용,남,72세,상해없음,승용,남,51세,경상
노인운전자사고,2022072400100363,2022년 7월 24일 21시,일요일,부산광역시 해운대구 우동,중상사고,0,1,0,0,차대사람 - 차도통행중,안전운전불이행,건조,맑음,단일로 - 기타,승용,여,67세,상해없음,보행자,남,48세,중상
노인운전자사고,2022072500100049,2022년 7월 25일 07시,월요일,부산광역시 동래구 안락동,부상신고사고,0,0,0,1,차대사람 - 기타,안전운전불이행,건조,맑음,교차로 - 교차로부근,승용,남,73세,상해없음,보행자,남,37세,부상신고
노인운전자사고,2.02207E+15,2022년 7월 25일 12시,월요일,부산광역시 연제구 연산동,중상사고,0,1,0,0,차대차 - 측면충돌,차로위반,건조,맑음,단일로 - 기타,승용,남,66세,기타불명,화물,남,29세,중상
노인운전자사고,2022072500100272,2022년 7월 25일 13시,월요일,부산광역시 연제구 연산동,경상사고,0,0,1,0,차대사람 - 기타,안전운전불이행,건조,맑음,단일로 - 기타,승용,여,67세,상해없음,보행자,여,59세,경상
노인운전자사고,2022072600100085,2022년 7월 26일 08시,화요일,부산광역시 강서구 신호동,경상사고,0,0,3,0,차대차 - 측면충돌,안전운전불이행,건조,맑음,주차장 - 주차장,승용,남,65세,경상,승용,남,67세,경상
노인운전자사고,2.02207E+15,2022년 7월 26일 09시,화요일,부산광역시 영도구 동삼동,중상사고,0,1,1,0,차대사람 - 횡단중,보행자보호의무위반,건조,맑음,단일로 - 기타,화물,남,79세,상해없음,보행자,여,84세,중상
노인운전자사고,2022072600100121,2022년 7월 26일 09시,화요일,부산광역시 사하구 괴정동,경상사고,0,0,1,0,차대차 - 기타,안전거리미확보,건조,맑음,단일로 - 지하차도(도로)내,승용,여,70세,기타불명,건설기계,남,63세,경상
노인운전자사고,2.02207E+15,2022년 7월 26일 10시,화요일,부산광역시 금정구 회동동,경상사고,0,0,1,2,차대차 - 측면충돌,안전거리미확보,건조,맑음,단일로 - 기타,승용,남,71세,상해없음,승용,남,25세,경상
노인운전자사고,2022072600100193,2022년 7월 26일 11시,화요일,부산광역시 중구 대청동4가,경상사고,0,0,1,0,차대사람 - 횡단중,신호위반,건조,맑음,교차로 - 교차로안,승용,남,67세,상해없음,보행자,여,68세,경상
노인운전자사고,2022072600100235,2022년 7월 26일 12시,화요일,부산광역시 부산진구 부전동,중상사고,0,1,0,0,차대차 - 측면충돌,신호위반,건조,맑음,교차로 - 교차로안,승용,남,66세,상해없음,이륜,남,41세,중상
노인운전자사고,2.02207E+15,2022년 7월 26일 14시,화요일,부산광역시 서구 토성동4가,부상신고사고,0,0,0,1,차대차 - 측면충돌,신호위반,건조,맑음,교차로 - 교차로안,자전거,남,70세,부상신고,승용,남,69세,상해없음
노인운전자사고,2.02207E+15,2022년 7월 27일 01시,수요일,부산광역시 부산진구 연지동,중상사고,0,2,2,0,차대차 - 기타,신호위반,건조,맑음,교차로 - 교차로안,화물,여,69세,경상,승용,남,70세,중상
노인운전자사고,2022072700100202,2022년 7월 27일 12시,수요일,부산광역시 부산진구 부암동,중상사고,0,1,0,0,차대차 - 측면충돌,안전거리미확보,건조,맑음,교차로 - 교차로안,승용,남,79세,상해없음,승용,남,36세,중상
노인운전자사고,2022072700100232,2022년 7월 27일 13시,수요일,부산광역시 사하구 하단동,경상사고,0,0,1,0,차대사람 - 기타,안전운전불이행,건조,맑음,단일로 - 기타,승용,남,68세,상해없음,보행자,여,44세,경상
노인운전자사고,2022072700100379,2022년 7월 27일 17시,수요일,부산광역시 북구 구포동,중상사고,0,1,0,0,차대차 - 측면충돌,안전운전불이행,건조,맑음,교차로 - 교차로안,승용,여,65세,상해없음,이륜,남,26세,중상
노인운전자사고,2022072700100525,2022년 7월 27일 21시,수요일,부산광역시 부산진구 가야동,중상사고,0,1,0,0,차대사람 - 횡단중,신호위반,건조,맑음,교차로 - 교차로횡단보도내,승용,남,74세,상해없음,보행자,여,62세,중상
노인운전자사고,2022072700100539,2022년 7월 27일 22시,수요일,부산광역시 부산진구 부전동,중상사고,0,1,0,0,차대사람 - 차도통행중,안전운전불이행,건조,맑음,단일로 - 기타,승용,남,65세,상해없음,보행자,남,61세,중상
노인운전자사고,2022072800100048,2022년 7월 28일 06시,목요일,부산광역시 동래구 안락동,경상사고,0,0,1,0,차대차 - 측면충돌,교차로운행방법위반,건조,맑음,교차로 - 교차로부근,승용,남,65세,상해없음,승용,여,51세,경상
노인운전자사고,2022072800100063,2022년 7월 28일 07시,목요일,부산광역시 강서구 화전동,경상사고,0,0,1,0,차대차 - 기타,신호위반,건조,맑음,교차로 - 교차로안,승용,남,66세,상해없음,승용,여,33세,경상
노인운전자사고,2022072800100178,2022년 7월 28일 11시,목요일,부산광역시 동구 범일동,경상사고,0,0,1,0,차대차 - 기타,안전거리미확보,건조,맑음,단일로 - 기타,승용,남,80세,상해없음,이륜,남,28세,경상
노인운전자사고,2.02207E+15,2022년 7월 28일 12시,목요일,부산광역시 북구 구포동,경상사고,0,0,1,0,차대차 - 기타,안전운전불이행,건조,맑음,단일로 - 기타,승용,남,66세,상해없음,이륜,남,31세,경상
노인운전자사고,2022072800100255,2022년 7월 28일 13시,목요일,부산광역시 동래구 명륜동,경상사고,0,0,1,0,차대사람 - 횡단중,안전운전불이행,건조,맑음,단일로 - 지하차도(도로)내,승용,여,70세,상해없음,보행자,여,74세,경상
노인운전자사고,2022072800100285,2022년 7월 28일 14시,목요일,부산광역시 동래구 명륜동,중상사고,0,1,0,0,차대사람 - 횡단중,신호위반,건조,맑음,교차로 - 교차로부근,승용,남,65세,상해없음,보행자,여,56세,중상
노인운전자사고,2022072800100457,2022년 7월 28일 18시,목요일,부산광역시 부산진구 당감동,경상사고,0,0,1,0,차대차 - 기타,기타,건조,맑음,기타 - 기타,승용,남,72세,상해없음,이륜,남,49세,경상
노인운전자사고,2022072900100126,2022년 7월 29일 09시,금요일,부산광역시 중구 보수동3가,중상사고,0,1,1,0,차대차 - 측면충돌,안전운전불이행,건조,맑음,단일로 - 기타,승합,남,73세,경상,이륜,남,54세,중상
노인운전자사고,2022072900100268,2022년 7월 29일 13시,금요일,부산광역시 부산진구 전포동,경상사고,0,0,1,0,차대차 - 기타,신호위반,건조,맑음,단일로 - 기타,승용,남,70세,상해없음,이륜,남,42세,경상
노인운전자사고,2022072900100386,2022년 7월 29일 16시,금요일,부산광역시 사하구 괴정동,경상사고,0,0,1,0,차대차 - 기타,신호위반,건조,맑음,교차로 - 교차로부근,승용,여,68세,기타불명,이륜,남,17세,경상
노인운전자사고,2022072900100575,2022년 7월 29일 21시,금요일,부산광역시 부산진구 전포동,경상사고,0,0,2,0,차대차 - 측면충돌,안전거리미확보,건조,맑음,단일로 - 기타,승용,남,72세,상해없음,승용,남,30세,경상
노인운전자사고,2022073000100119,2022년 7월 30일 09시,토요일,부산광역시 남구 문현동,경상사고,0,0,1,0,차대사람 - 기타,안전운전불이행,건조,맑음,단일로 - 기타,승용,남,80세,상해없음,보행자,남,59세,경상
노인운전자사고,2022073000100236,2022년 7월 30일 13시,토요일,부산광역시 서구 서대신동1가,경상사고,0,0,1,0,차대사람 - 기타,안전운전불이행,건조,맑음,단일로 - 기타,승용,남,70세,상해없음,보행자,남,61세,경상
노인운전자사고,2.02207E+15,2022년 7월 30일 15시,토요일,부산광역시 강서구 대저1동,경상사고,0,0,1,0,차대차 - 측면충돌,직진우회전진행방해,건조,맑음,교차로 - 교차로부근,화물,남,86세,상해없음,승용,남,42세,경상
노인운전자사고,2022073000100311,2022년 7월 30일 15시,토요일,부산광역시 사상구 감전동,경상사고,0,0,3,0,차대차 - 측면충돌,신호위반,건조,맑음,교차로 - 교차로안,승용,남,66세,상해없음,승용,남,66세,경상
노인운전자사고,2.02207E+15,2022년 7월 30일 16시,토요일,부산광역시 중구 남포동4가,경상사고,0,0,1,0,차대차 - 기타,안전운전불이행,건조,맑음,단일로 - 기타,승용,남,80세,상해없음,이륜,남,39세,경상
노인운전자사고,2022073000100425,2022년 7월 30일 18시,토요일,부산광역시 수영구 광안동,중상사고,0,1,0,0,차대차 - 추돌,안전운전불이행,건조,맑음,단일로 - 기타,승용,남,66세,상해없음,승용,남,29세,상해없음
노인운전자사고,2022073000100473,2022년 7월 30일 20시,토요일,부산광역시 남구 대연동,경상사고,0,0,1,0,차대차 - 기타,안전운전불이행,건조,맑음,단일로 - 기타,승용,남,75세,상해없음,승합,남,48세,상해없음
노인운전자사고,2022073000100475,2022년 7월 30일 20시,토요일,부산광역시 강서구 대저1동,경상사고,0,0,2,0,차대차 - 측면충돌,신호위반,건조,맑음,교차로 - 교차로안,승용,남,71세,상해없음,승합,남,32세,경상
노인운전자사고,2022073000100537,2022년 7월 30일 22시,토요일,부산광역시 중구 중앙동4가,경상사고,0,0,2,0,차대차 - 추돌,안전운전불이행,건조,맑음,교차로 - 교차로부근,승용,남,81세,상해없음,승용,남,68세,경상
노인운전자사고,2022073100100078,2022년 7월 31일 09시,일요일,부산광역시 북구 화명동,경상사고,0,0,1,0,차대차 - 추돌,안전운전불이행,젖음/습기,비,단일로 - 기타,이륜,남,71세,경상,승용,여,67세,기타불명
노인운전자사고,2022073100100198,2022년 7월 31일 14시,일요일,부산광역시 중구 부평동3가,중상사고,0,1,0,0,차대사람 - 차도통행중,안전운전불이행,건조,맑음,교차로 - 교차로안,승용,남,67세,상해없음,보행자,여,79세,중상
노인운전자사고,2022080100100244,2022년 8월 1일 14시,월요일,부산광역시 중구 남포동5가,경상사고,0,0,1,0,차대차 - 측면충돌,안전운전불이행,건조,맑음,단일로 - 기타,승용,남,71세,상해없음,승합,남,40세,상해없음
노인운전자사고,2022080100100375,2022년 8월 1일 18시,월요일,부산광역시 남구 대연동,경상사고,0,0,1,0,차대차 - 추돌,안전운전불이행,건조,맑음,단일로 - 기타,승용,남,83세,상해없음,승용,남,24세,경상
노인운전자사고,2022080100100414,2022년 8월 1일 19시,월요일,부산광역시 금정구 구서동,경상사고,0,0,1,0,차대차 - 측면충돌,안전거리미확보,건조,맑음,단일로 - 기타,승용,남,68세,상해없음,승용,남,43세,경상
노인운전자사고,2022080200100052,2022년 8월 2일 05시,화요일,부산광역시 남구 문현동,사망사고,1,0,0,0,차대사람 - 횡단중,기타,건조,맑음,단일로 - 기타,승용,남,65세,상해없음,보행자,여,79세,사망
노인운전자사고,2.02208E+15,2022년 8월 2일 07시,화요일,부산광역시 동구 초량동,경상사고,0,0,1,0,차대차 - 측면충돌,교차로운행방법위반,건조,맑음,교차로 - 교차로안,원동기,남,72세,경상,승용,여,53세,상해없음
노인운전자사고,2022080200100086,2022년 8월 2일 08시,화요일,부산광역시 사하구 감천동,경상사고,0,0,1,0,차대차 - 기타,안전운전불이행,건조,맑음,교차로 - 교차로부근,특수,남,72세,상해없음,화물,남,46세,경상
노인운전자사고,2022080200100228,2022년 8월 2일 13시,화요일,부산광역시 사상구 주례동,경상사고,0,0,1,0,차대사람 - 보도통행중,기타,건조,맑음,단일로 - 기타,개인형이동수단(PM),남,73세,상해없음,보행자,남,41세,경상
노인운전자사고,2022080200100325,2022년 8월 2일 16시,화요일,부산광역시 부산진구 가야동,중상사고,0,1,0,0,차대차 - 정면충돌,신호위반,건조,맑음,교차로 - 교차로안,승합,남,75세,상해없음,원동기,남,31세,중상
노인운전자사고,2022080200100326,2022년 8월 2일 16시,화요일,부산광역시 사하구 하단동,경상사고,0,0,4,0,차대차 - 추돌,안전거리미확보,건조,맑음,단일로 - 기타,승용,남,65세,상해없음,승용,남,62세,경상
노인운전자사고,2022080200100412,2022년 8월 2일 18시,화요일,부산광역시 사하구 하단동,중상사고,0,1,0,0,차대차 - 기타,안전운전불이행,건조,맑음,교차로 - 교차로안,승용,남,72세,상해없음,이륜,남,35세,중상
노인운전자사고,2022080300100041,2022년 8월 3일 03시,수요일,부산광역시 금정구 장전동,경상사고,0,0,2,0,차대차 - 측면충돌,신호위반,젖음/습기,비,교차로 - 교차로안,승용,남,65세,상해없음,승용,남,56세,경상
노인운전자사고,2022080300100045,2022년 8월 3일 04시,수요일,부산광역시 해운대구 재송동,중상사고,0,1,0,0,차량단독 - 공작물충돌,기타,젖음/습기,비,단일로 - 기타,승용,남,65세,상해없음,,,,
노인운전자사고,2022080300100095,2022년 8월 3일 08시,수요일,부산광역시 사하구 감천동,경상사고,0,0,1,0,차대차 - 후진중충돌,불법유턴,건조,맑음,단일로 - 기타,승용,남,77세,상해없음,승용,남,40세,경상
노인운전자사고,2.02208E+15,2022년 8월 3일 10시,수요일,부산광역시 중구 중앙동6가,경상사고,0,0,3,0,차대차 - 측면충돌,안전운전불이행,건조,맑음,단일로 - 기타,승용,남,72세,상해없음,승용,남,24세,경상
노인운전자사고,2022080300100301,2022년 8월 3일 15시,수요일,부산광역시 동래구 안락동,중상사고,0,1,0,0,차대사람 - 횡단중,보행자보호의무위반,건조,맑음,교차로 - 교차로안,승용,남,65세,상해없음,보행자,여,58세,중상
노인운전자사고,2022080300100302,2022년 8월 3일 15시,수요일,부산광역시 해운대구 중동,경상사고,0,0,2,0,차대차 - 정면충돌,차로위반,건조,맑음,단일로 - 기타,승용,남,69세,상해없음,승용,남,30세,경상
노인운전자사고,2022080300100303,2022년 8월 3일 15시,수요일,부산광역시 부산진구 연지동,경상사고,0,0,2,0,차대차 - 측면충돌,안전거리미확보,건조,맑음,단일로 - 기타,승용,남,76세,상해없음,승용,여,23세,경상
노인운전자사고,2022080300100304,2022년 8월 3일 15시,수요일,부산광역시 기장군 기장읍,경상사고,0,0,3,0,차대차 - 기타,직진우회전진행방해,건조,맑음,교차로 - 교차로안,승용,남,67세,경상,화물,남,45세,경상
노인운전자사고,2022080300100477,2022년 8월 3일 20시,수요일,부산광역시 부산진구 양정동,경상사고,0,0,1,0,차대차 - 측면충돌,안전운전불이행,건조,맑음,교차로 - 교차로부근,승용,남,68세,상해없음,이륜,남,45세,경상
노인운전자사고,2022080400100047,2022년 8월 4일 07시,목요일,부산광역시 금정구 금사동,경상사고,0,0,4,0,차대차 - 기타,신호위반,건조,맑음,교차로 - 교차로안,승용,남,72세,경상,승용,여,62세,경상
노인운전자사고,2022080400100048,2022년 8월 4일 07시,목요일,부산광역시 연제구 연산동,중상사고,0,1,0,0,차대사람 - 기타,안전운전불이행,건조,맑음,단일로 - 기타,승용,남,82세,상해없음,보행자,여,67세,중상
노인운전자사고,2022080400100127,2022년 8월 4일 10시,목요일,부산광역시 금정구 부곡동,중상사고,0,1,0,0,차대사람 - 기타,안전운전불이행,건조,맑음,교차로 - 교차로부근,승용,남,65세,상해없음,보행자,여,76세,중상
노인운전자사고,2022080400100194,2022년 8월 4일 12시,목요일,부산광역시 사상구 모라동,중상사고,0,1,0,0,차대차 - 정면충돌,안전운전불이행,건조,맑음,단일로 - 지하차도(도로)내,화물,남,71세,기타불명,이륜,남,48세,중상
노인운전자사고,2022080400100195,2022년 8월 4일 12시,목요일,부산광역시 사상구 괘법동,경상사고,0,0,1,0,차대차 - 기타,중앙선침범,건조,맑음,교차로 - 교차로부근,승용,남,72세,상해없음,이륜,남,24세,경상
노인운전자사고,2022080400100371,2022년 8월 4일 17시,목요일,부산광역시 수영구 수영동,경상사고,0,0,1,0,차대사람 - 기타,안전운전불이행,건조,맑음,단일로 - 기타,승합,남,72세,상해없음,보행자,여,79세,경상
노인운전자사고,2.02208E+15,2022년 8월 5일 10시,금요일,부산광역시 동구 좌천동,경상사고,0,0,1,0,차대차 - 측면충돌,안전운전불이행,건조,맑음,단일로 - 기타,승용,남,69세,상해없음,승용,남,37세,상해없음
노인운전자사고,2022080500100141,2022년 8월 5일 10시,금요일,부산광역시 동래구 명륜동,중상사고,0,1,0,0,차량단독 - 기타,안전운전불이행,건조,맑음,단일로 - 기타,승합,남,66세,상해없음,,,,
노인운전자사고,2022080500100176,2022년 8월 5일 11시,금요일,부산광역시 사상구 감전동,중상사고,0,1,1,0,차대차 - 정면충돌,중앙선침범,건조,맑음,단일로 - 지하차도(도로)내,승용,남,79세,상해없음,승용,남,30세,중상
노인운전자사고,2022080500100205,2022년 8월 5일 12시,금요일,부산광역시 금정구 구서동,경상사고,0,0,1,0,차대차 - 기타,안전운전불이행,건조,맑음,기타 - 기타,화물,남,70세,상해없음,화물,남,28세,경상
노인운전자사고,2022080500100244,2022년 8월 5일 13시,금요일,부산광역시 동구 수정동,경상사고,0,0,3,0,차대차 - 추돌,안전운전불이행,건조,맑음,단일로 - 기타,승용,남,67세,상해없음,승용,남,51세,경상
노인운전자사고,2022080500100315,2022년 8월 5일 15시,금요일,부산광역시 중구 동광동5가,경상사고,0,0,3,0,차대차 - 측면충돌,교차로운행방법위반,건조,맑음,교차로 - 교차로부근,승용,남,80세,상해없음,승용,남,60세,경상
노인운전자사고,2022080500100488,2022년 8월 5일 19시,금요일,부산광역시 금정구 구서동,경상사고,0,0,2,0,차대차 - 측면충돌,안전운전불이행,건조,맑음,교차로 - 교차로안,승용,남,65세,상해없음,승용,남,27세,경상
노인운전자사고,2.02208E+15,2022년 8월 5일 23시,금요일,부산광역시 서구 서대신동1가,경상사고,0,0,1,0,차대차 - 측면충돌,교차로운행방법위반,건조,맑음,교차로 - 교차로안,승용,남,75세,상해없음,승용,남,23세,경상
노인운전자사고,2022080600100036,2022년 8월 6일 04시,토요일,부산광역시 연제구 연산동,부상신고사고,0,0,0,1,차대차 - 기타,신호위반,건조,맑음,단일로 - 기타,자전거,남,82세,부상신고,승용,남,69세,상해없음
노인운전자사고,2.02208E+15,2022년 8월 6일 08시,토요일,부산광역시 동래구 사직동,경상사고,0,0,1,0,차대사람 - 횡단중,안전운전불이행,건조,맑음,단일로 - 기타,승용,남,73세,상해없음,보행자,남,40세,경상
노인운전자사고,2022080600100074,2022년 8월 6일 08시,토요일,부산광역시 기장군 일광읍,중상사고,0,1,0,0,차대차 - 기타,안전운전불이행,건조,맑음,기타 - 기타,승용,여,67세,상해없음,자전거,남,42세,중상
노인운전자사고,2022080600100116,2022년 8월 6일 10시,토요일,부산광역시 사하구 장림동,경상사고,0,0,2,0,차대차 - 추돌,안전운전불이행,건조,맑음,교차로 - 교차로부근,승용,남,70세,상해없음,승용,남,67세,경상
노인운전자사고,2.02208E+15,2022년 8월 6일 12시,토요일,부산광역시 해운대구 우동,중상사고,0,1,0,0,차대차 - 기타,중앙선침범,건조,맑음,기타 - 기타,승용,여,65세,상해없음,이륜,남,61세,중상
노인운전자사고,2022080600100182,2022년 8월 6일 12시,토요일,부산광역시 금정구 청룡동,중상사고,0,1,0,0,차대차 - 기타,기타,건조,맑음,교차로 - 교차로안,승용,여,67세,상해없음,이륜,남,28세,중상
노인운전자사고,2022080600100254,2022년 8월 6일 14시,토요일,부산광역시 부산진구 범전동,경상사고,0,0,2,0,차대차 - 측면충돌,안전운전불이행,건조,맑음,단일로 - 기타,승용,남,66세,경상,승용,남,70세,경상
노인운전자사고,2022080600100256,2022년 8월 6일 14시,토요일,부산광역시 사하구 당리동,경상사고,0,0,2,0,차대차 - 기타,중앙선침범,건조,맑음,단일로 - 지하차도(도로)내,승용,남,71세,기타불명,화물,남,45세,경상
노인운전자사고,2022080600100281,2022년 8월 6일 15시,토요일,부산광역시 동구 초량동,경상사고,0,0,1,0,차대차 - 측면충돌,기타,건조,맑음,교차로 - 교차로안,승용,남,66세,상해없음,이륜,남,51세,경상
노인운전자사고,2022080600100283,2022년 8월 6일 15시,토요일,부산광역시 북구 구포동,경상사고,0,0,1,0,차대차 - 측면충돌,안전운전불이행,건조,맑음,단일로 - 지하차도(도로)내,승용,여,66세,상해없음,이륜,남,29세,경상
노인운전자사고,2022080600100346,2022년 8월 6일 17시,토요일,부산광역시 사상구 학장동,중상사고,0,1,0,0,차대차 - 측면충돌,안전운전불이행,건조,기타,교차로 - 교차로안,승용,남,68세,상해없음,승용,남,43세,중상
노인운전자사고,2022080600100487,2022년 8월 6일 23시,토요일,부산광역시 사하구 다대동,경상사고,0,0,1,0,차대차 - 추돌,안전거리미확보,건조,맑음,교차로 - 교차로안,승용,남,66세,상해없음,이륜,남,41세,경상
노인운전자사고,2022080700100032,2022년 8월 7일 05시,일요일,부산광역시 동구 범일동,경상사고,0,0,1,0,차대차 - 측면충돌,교차로운행방법위반,건조,맑음,교차로 - 교차로부근,승용,남,66세,상해없음,원동기,여,71세,경상
노인운전자사고,2022080700100203,2022년 8월 7일 15시,일요일,부산광역시 금정구 두구동,중상사고,0,1,0,0,차대차 - 측면충돌,안전거리미확보,건조,맑음,단일로 - 기타,승용,남,74세,상해없음,승용,여,53세,중상
노인운전자사고,2.02208E+15,2022년 8월 8일 08시,월요일,부산광역시 부산진구 범천동,중상사고,0,1,0,0,차대차 - 기타,기타,건조,맑음,기타 - 기타,승용,남,74세,상해없음,이륜,남,30세,중상
노인운전자사고,2022080800100121,2022년 8월 8일 10시,월요일,부산광역시 금정구 금사동,중상사고,0,1,0,0,차대차 - 측면충돌,기타,건조,맑음,교차로 - 교차로안,승용,남,69세,상해없음,개인형이동수단(PM),남,65세,중상
노인운전자사고,2022080800100211,2022년 8월 8일 13시,월요일,부산광역시 동구 초량동,경상사고,0,0,1,0,차대차 - 측면충돌,교차로운행방법위반,건조,맑음,교차로 - 교차로안,승용,남,70세,상해없음,승용,남,24세,경상
노인운전자사고,2022080800100275,2022년 8월 8일 15시,월요일,부산광역시 해운대구 우동,중상사고,0,1,0,0,차대차 - 측면충돌,안전운전불이행,건조,맑음,교차로 - 교차로안,승용,남,70세,상해없음,이륜,남,41세,중상
노인운전자사고,2022080800100348,2022년 8월 8일 17시,월요일,부산광역시 사하구 괴정동,경상사고,0,0,1,0,차대차 - 후진중충돌,안전운전불이행,건조,맑음,단일로 - 기타,승용,남,77세,기타불명,승용,남,48세,경상
노인운전자사고,2022080800100351,2022년 8월 8일 17시,월요일,부산광역시 강서구 녹산동,경상사고,0,0,1,0,차대차 - 측면충돌,안전운전불이행,건조,맑음,교차로 - 교차로부근,승합,남,70세,상해없음,승용,남,22세,경상
노인운전자사고,2022080800100403,2022년 8월 8일 18시,월요일,부산광역시 금정구 구서동,경상사고,0,0,1,0,차대사람 - 횡단중,보행자보호의무위반,건조,맑음,교차로 - 교차로안,화물,남,68세,상해없음,보행자,여,8세,경상
노인운전자사고,2022080900100184,2022년 8월 9일 12시,화요일,부산광역시 해운대구 우동,중상사고,0,1,0,0,차대차 - 측면충돌,신호위반,건조,맑음,단일로 - 기타,이륜,남,70세,중상,승용,남,78세,상해없음
노인운전자사고,2022080900100185,2022년 8월 9일 12시,화요일,부산광역시 금정구 구서동,경상사고,0,0,2,0,차대차 - 측면충돌,신호위반,건조,맑음,교차로 - 교차로안,이륜,남,65세,경상,이륜,남,26세,경상
노인운전자사고,2022080900100484,2022년 8월 9일 22시,화요일,부산광역시 금정구 회동동,경상사고,0,0,2,0,차량단독 - 기타,기타,건조,맑음,단일로 - 기타,승용,남,66세,상해없음,,,,
노인운전자사고,2022081000100129,2022년 8월 10일 10시,수요일,부산광역시 동래구 명륜동,경상사고,0,0,2,0,차대차 - 기타,안전운전불이행,건조,맑음,단일로 - 기타,건설기계,남,69세,기타불명,승용,남,71세,경상
노인운전자사고,2.02208E+15,2022년 8월 10일 10시,수요일,부산광역시 영도구 봉래동3가,경상사고,0,0,1,0,차대차 - 기타,안전운전불이행,건조,맑음,교차로 - 교차로부근,승용,남,66세,상해없음,자전거,남,64세,경상
노인운전자사고,2022081000100152,2022년 8월 10일 11시,수요일,부산광역시 연제구 거제동,경상사고,0,0,1,0,차대차 - 측면충돌,안전거리미확보,건조,맑음,단일로 - 기타,승용,남,71세,상해없음,원동기,남,24세,경상
노인운전자사고,2022081000100184,2022년 8월 10일 12시,수요일,부산광역시 영도구 봉래동2가,중상사고,0,1,0,0,차량단독 - 기타,안전운전불이행,건조,맑음,기타 - 기타,이륜,남,75세,중상,,,,
노인운전자사고,2.02208E+15,2022년 8월 10일 13시,수요일,부산광역시 동래구 온천동,중상사고,0,1,0,0,차대사람 - 횡단중,안전운전불이행,건조,맑음,단일로 - 기타,승용,여,66세,상해없음,보행자,남,68세,중상
노인운전자사고,2022081000100452,2022년 8월 10일 20시,수요일,부산광역시 연제구 연산동,중상사고,0,1,0,0,차대차 - 측면충돌,차로위반,건조,맑음,단일로 - 기타,승용,남,70세,상해없음,이륜,남,30세,중상
노인운전자사고,2022081100100051,2022년 8월 11일 06시,목요일,부산광역시 부산진구 당감동,중상사고,0,1,2,0,차량단독 - 공작물충돌,안전운전불이행,건조,맑음,단일로 - 기타,승용,남,73세,상해없음,,,,
노인운전자사고,2022081100100124,2022년 8월 11일 10시,목요일,부산광역시 수영구 광안동,경상사고,0,0,1,0,차대차 - 기타,안전거리미확보,건조,맑음,교차로 - 교차로부근,승용,남,67세,상해없음,승용,여,50세,경상
노인운전자사고,2022081100100138,2022년 8월 11일 11시,목요일,부산광역시 강서구 녹산동,경상사고,0,0,1,0,차대차 - 측면충돌,안전거리미확보,건조,맑음,단일로 - 기타,화물,남,66세,상해없음,승용,남,41세,경상
노인운전자사고,2022081200100059,2022년 8월 12일 07시,금요일,부산광역시 기장군 기장읍,중상사고,0,1,0,0,차대차 - 기타,안전운전불이행,건조,맑음,교차로 - 교차로안,승용,여,74세,상해없음,자전거,남,77세,중상
노인운전자사고,2022081200100077,2022년 8월 12일 08시,금요일,부산광역시 동래구 명륜동,부상신고사고,0,0,0,1,차대차 - 기타,안전거리미확보,건조,맑음,교차로 - 교차로부근,자전거,남,75세,부상신고,승합,남,52세,상해없음
노인운전자사고,2022081200100116,2022년 8월 12일 09시,금요일,부산광역시 남구 대연동,경상사고,0,0,1,0,차대사람 - 횡단중,보행자보호의무위반,건조,맑음,교차로 - 교차로부근,승합,남,73세,상해없음,보행자,여,58세,경상
노인운전자사고,2022081200100149,2022년 8월 12일 10시,금요일,부산광역시 동구 초량동,경상사고,0,0,1,0,차대사람 - 횡단중,안전운전불이행,건조,맑음,단일로 - 기타,승용,남,74세,상해없음,보행자,남,53세,경상