사고부문,사고번호,사고일시,요일,시군구,사고내용,사망자수,중상자수,경상자수,부상신고자수,사고유형,법규위반,노면상태,기상상태,도로형태,가해운전자 차종,가해운전자 성별,가해운전자 연령,가해운전자 상해정도,피해운전자 차종,피해운전자 성별,피해운전자 연령,피해운전자 상해정도
노인운전자사고,2.02209E+15,2022년 9월 1일 17시,목요일,부산광역시 사상구 주례동,경상사고,0,0,1,0,차대사람 - 횡단중,보행자보호의무위반,건조,맑음,교차로 - 교차로부근,승용,남,66세,상해없음,보행자,남,5세,경상
노인운전자사고,2022090100100616,2022년 9월 1일 22시,목요일,부산광역시 해운대구 우동,경상사고,0,0,1,0,차대사람 - 기타,안전운전불이행,건조,맑음,단일로 - 기타,승용,남,72세,상해없음,보행자,여,29세,경상
노인운전자사고,2022090200100104,2022년 9월 2일 08시,금요일,부산광역시 해운대구 좌동,경상사고,0,0,2,0,차대차 - 추돌,안전운전불이행,젖음/습기,비,단일로 - 기타,승용,남,69세,상해없음,승용,여,45세,경상
노인운전자사고,2022090200100196,2022년 9월 2일 10시,금요일,부산광역시 동구 초량동,중상사고,0,1,0,0,차대사람 - 횡단중,안전운전불이행,젖음/습기,비,교차로 - 교차로안,화물,남,65세,상해없음,보행자,여,79세,중상
노인운전자사고,2022090200100335,2022년 9월 2일 14시,금요일,부산광역시 동래구 사직동,중상사고,0,3,3,0,차대차 - 기타,안전운전불이행,건조,맑음,교차로 - 교차로안,승용,여,71세,상해없음,승합,남,36세,기타불명
노인운전자사고,2022090200100336,2022년 9월 2일 14시,금요일,부산광역시 사하구 하단동,부상신고사고,0,0,0,1,차대차 - 기타,안전거리미확보,젖음/습기,비,교차로 - 교차로부근,승용,남,69세,상해없음,승용,남,30세,부상신고
노인운전자사고,2022090200100376,2022년 9월 2일 15시,금요일,부산광역시 남구 대연동,경상사고,0,0,1,0,차대차 - 측면충돌,안전운전불이행,건조,맑음,단일로 - 기타,승용,남,79세,상해없음,이륜,남,41세,경상
노인운전자사고,2022090200100477,2022년 9월 2일 17시,금요일,부산광역시 동래구 온천동,경상사고,0,0,1,0,차대차 - 측면충돌,안전운전불이행,건조,맑음,단일로 - 기타,승용,남,77세,상해없음,자전거,남,51세,경상
노인운전자사고,2022090300100004,2022년 9월 3일 00시,토요일,부산광역시 기장군 기장읍,경상사고,0,0,1,0,차대사람 - 기타,안전운전불이행,젖음/습기,비,단일로 - 기타,승용,남,75세,상해없음,보행자,남,21세,경상
노인운전자사고,2022090300100069,2022년 9월 3일 05시,토요일,부산광역시 해운대구 우동,사망사고,1,0,0,0,차대사람 - 차도통행중,기타,젖음/습기,비,교차로 - 교차로횡단보도내,승용,남,66세,상해없음,보행자,여,63세,사망
노인운전자사고,2022090300100107,2022년 9월 3일 08시,토요일,부산광역시 사하구 하단동,중상사고,0,1,0,1,차대차 - 기타,안전운전불이행,젖음/습기,비,단일로 - 기타,승용,남,77세,부상신고,승용,남,43세,중상
노인운전자사고,2.02209E+15,2022년 9월 3일 15시,토요일,부산광역시 부산진구 부전동,부상신고사고,0,0,0,1,차대차 - 측면충돌,안전운전불이행,젖음/습기,비,단일로 - 기타,자전거,남,89세,부상신고,승용,남,67세,상해없음
노인운전자사고,2022090300100371,2022년 9월 3일 15시,토요일,부산광역시 부산진구 초읍동,경상사고,0,0,1,0,차대차 - 기타,차로위반,건조,맑음,단일로 - 기타,화물,남,65세,상해없음,승용,여,49세,경상
노인운전자사고,2022090300100372,2022년 9월 3일 15시,토요일,부산광역시 사하구 당리동,경상사고,0,0,1,0,차대차 - 기타,안전운전불이행,젖음/습기,비,교차로 - 교차로부근,승용,남,72세,상해없음,승용,남,55세,경상
노인운전자사고,2022090300100373,2022년 9월 3일 15시,토요일,부산광역시 연제구 연산동,경상사고,0,0,1,0,차대차 - 기타,안전운전불이행,젖음/습기,흐림,단일로 - 기타,승용,여,67세,상해없음,원동기,남,38세,경상
노인운전자사고,2.02209E+15,2022년 9월 3일 16시,토요일,부산광역시 서구 암남동,경상사고,0,0,2,0,차대차 - 측면충돌,안전거리미확보,젖음/습기,비,교차로 - 교차로부근,승용,남,68세,상해없음,승용,남,48세,경상
노인운전자사고,2022090300100436,2022년 9월 3일 17시,토요일,부산광역시 부산진구 부암동,경상사고,0,0,1,0,차대차 - 측면충돌,안전거리미확보,젖음/습기,비,교차로 - 교차로부근,승용,남,68세,상해없음,이륜,남,25세,경상
노인운전자사고,2022090300100478,2022년 9월 3일 18시,토요일,부산광역시 금정구 부곡동,경상사고,0,0,1,0,차대차 - 기타,신호위반,젖음/습기,맑음,단일로 - 터널,승용,남,72세,상해없음,승용,남,34세,경상
노인운전자사고,2022090400100025,2022년 9월 4일 02시,일요일,부산광역시 부산진구 부암동,경상사고,0,0,1,0,차대차 - 측면충돌,신호위반,젖음/습기,비,단일로 - 기타,승용,남,69세,상해없음,승용,남,55세,경상
노인운전자사고,2022090400100097,2022년 9월 4일 10시,일요일,부산광역시 수영구 광안동,경상사고,0,0,1,0,차대차 - 추돌,안전거리미확보,건조,맑음,단일로 - 터널,승합,남,66세,상해없음,승용,남,67세,상해없음
노인운전자사고,2022090400100102,2022년 9월 4일 10시,일요일,부산광역시 기장군 일광읍,경상사고,0,0,1,0,차대사람 - 보도통행중,보행자보호의무위반,건조,맑음,단일로 - 기타,승용,남,66세,상해없음,보행자,남,82세,경상
노인운전자사고,2022090400100286,2022년 9월 4일 16시,일요일,부산광역시 남구 대연동,경상사고,0,0,1,0,차대차 - 측면충돌,교차로운행방법위반,건조,맑음,교차로 - 교차로부근,승용,남,75세,상해없음,승용,남,77세,경상
노인운전자사고,2022090400100463,2022년 9월 4일 22시,일요일,부산광역시 금정구 오륜동,경상사고,0,0,1,0,차대차 - 측면충돌,안전거리미확보,건조,맑음,단일로 - 기타,승용,남,66세,상해없음,승용,남,29세,경상
노인운전자사고,2022090500100087,2022년 9월 5일 08시,월요일,부산광역시 금정구 구서동,경상사고,0,0,2,0,차대차 - 기타,교차로운행방법위반,건조,맑음,교차로 - 교차로안,승용,여,74세,경상,승용,남,27세,경상
노인운전자사고,2022090500100088,2022년 9월 5일 08시,월요일,부산광역시 연제구 거제동,경상사고,0,0,1,0,차대사람 - 기타,안전운전불이행,건조,맑음,교차로 - 교차로안,승합,남,66세,상해없음,보행자,여,53세,경상
노인운전자사고,2022090500100168,2022년 9월 5일 10시,월요일,부산광역시 동구 초량동,경상사고,0,0,1,0,차대차 - 추돌,안전운전불이행,건조,맑음,단일로 - 기타,승용,남,65세,상해없음,승용,여,48세,경상
노인운전자사고,2022090500100251,2022년 9월 5일 13시,월요일,부산광역시 해운대구 반여동,중상사고,0,1,0,0,차대차 - 기타,교차로운행방법위반,기타,맑음,교차로 - 교차로안,승용,남,72세,상해없음,승합,남,26세,상해없음
노인운전자사고,2022090600100063,2022년 9월 6일 07시,화요일,부산광역시 부산진구 부전동,경상사고,0,0,1,1,차대차 - 기타,안전운전불이행,건조,맑음,교차로 - 교차로부근,승합,남,68세,경상,승용,남,67세,상해없음
노인운전자사고,2022090600100329,2022년 9월 6일 16시,화요일,부산광역시 사상구 삼락동,사망사고,1,1,1,0,차대차 - 추돌,안전운전불이행,건조,맑음,단일로 - 기타,화물,남,65세,기타불명,화물,남,63세,사망
노인운전자사고,2022090600100369,2022년 9월 6일 17시,화요일,부산광역시 부산진구 부전동,중상사고,0,1,0,0,차대차 - 측면충돌,신호위반,건조,맑음,교차로 - 교차로안,승용,남,68세,상해없음,이륜,남,44세,중상
노인운전자사고,2022090600100371,2022년 9월 6일 17시,화요일,부산광역시 사하구 당리동,경상사고,0,0,1,0,차대차 - 추돌,교차로운행방법위반,건조,맑음,교차로 - 교차로안,승용,남,70세,상해없음,승용,여,55세,경상
노인운전자사고,2022090600100477,2022년 9월 6일 19시,화요일,부산광역시 해운대구 좌동,경상사고,0,0,1,3,차대차 - 후진중충돌,기타,건조,맑음,단일로 - 교량,승용,남,66세,부상신고,승용,남,38세,경상
노인운전자사고,2022090700100067,2022년 9월 7일 07시,수요일,부산광역시 남구 용호동,중상사고,0,1,0,0,차대사람 - 기타,안전운전불이행,건조,맑음,단일로 - 기타,승합,남,66세,상해없음,보행자,남,56세,중상
노인운전자사고,2022090700100112,2022년 9월 7일 08시,수요일,부산광역시 사상구 삼락동,중상사고,0,1,0,0,차량단독 - 기타,안전운전불이행,건조,맑음,단일로 - 기타,승용,남,66세,기타불명,,,,
노인운전자사고,2.02209E+15,2022년 9월 7일 09시,수요일,부산광역시 영도구 영선동1가,경상사고,0,0,1,0,차대차 - 추돌,안전운전불이행,건조,맑음,단일로 - 기타,승용,남,75세,상해없음,승합,남,51세,경상
노인운전자사고,2022090700100328,2022년 9월 7일 13시,수요일,부산광역시 동래구 온천동,경상사고,0,0,1,0,차대차 - 측면충돌,안전거리미확보,건조,맑음,교차로 - 교차로부근,승용,남,67세,상해없음,승용,남,70세,경상
노인운전자사고,2022090700100358,2022년 9월 7일 14시,수요일,부산광역시 남구 문현동,중상사고,0,1,0,0,차대차 - 측면충돌,안전운전불이행,건조,맑음,단일로 - 기타,이륜,남,70세,중상,승용,남,43세,상해없음
노인운전자사고,2022090700100397,2022년 9월 7일 15시,수요일,부산광역시 중구 동광동3가,경상사고,0,0,1,0,차대차 - 추돌,안전운전불이행,건조,맑음,단일로 - 기타,승용,남,72세,상해없음,승용,여,28세,경상
노인운전자사고,2022090700100398,2022년 9월 7일 15시,수요일,부산광역시 남구 문현동,경상사고,0,0,1,0,차대사람 - 길가장자리구역통행중,안전운전불이행,건조,맑음,단일로 - 기타,승용,남,67세,상해없음,보행자,여,34세,경상
노인운전자사고,2.02209E+15,2022년 9월 7일 18시,수요일,부산광역시 금정구 선동,경상사고,0,0,1,0,차대차 - 측면충돌,안전운전불이행,건조,맑음,단일로 - 기타,승용,여,67세,상해없음,승용,남,53세,경상
노인운전자사고,2022090800100177,2022년 9월 8일 10시,목요일,부산광역시 중구 중앙동5가,경상사고,0,0,1,0,차대차 - 추돌,안전운전불이행,건조,맑음,단일로 - 기타,승용,남,72세,상해없음,승용,남,38세,경상
노인운전자사고,2.02209E+15,2022년 9월 8일 10시,목요일,부산광역시 부산진구 개금동,경상사고,0,0,2,0,차대차 - 측면충돌,직진우회전진행방해,건조,맑음,교차로 - 교차로안,승용,남,68세,상해없음,승용,여,56세,경상
노인운전자사고,2022090800100267,2022년 9월 8일 12시,목요일,부산광역시 부산진구 당감동,경상사고,0,0,2,1,차대차 - 추돌,안전운전불이행,건조,맑음,단일로 - 터널,승용,남,65세,상해없음,승용,남,64세,경상
노인운전자사고,2022090800100299,2022년 9월 8일 13시,목요일,부산광역시 부산진구 부전동,중상사고,0,1,0,0,차대사람 - 기타,안전운전불이행,건조,맑음,단일로 - 기타,승용,남,81세,상해없음,보행자,남,72세,중상
노인운전자사고,2022090800100404,2022년 9월 8일 15시,목요일,부산광역시 금정구 장전동,경상사고,0,0,1,0,차대사람 - 횡단중,보행자보호의무위반,건조,맑음,단일로 - 기타,승용,남,75세,상해없음,보행자,여,21세,경상
노인운전자사고,2022090800100405,2022년 9월 8일 15시,목요일,부산광역시 수영구 수영동,경상사고,0,0,1,0,차대차 - 기타,안전운전불이행,건조,맑음,교차로 - 교차로안,승용,남,69세,상해없음,승용,남,59세,상해없음
노인운전자사고,2022090800100544,2022년 9월 8일 17시,목요일,부산광역시 연제구 연산동,경상사고,0,0,2,0,차대차 - 기타,안전운전불이행,건조,맑음,단일로 - 기타,승용,여,74세,상해없음,승용,남,48세,경상
노인운전자사고,2.02209E+15,2022년 9월 8일 18시,목요일,부산광역시 동래구 사직동,경상사고,0,0,1,0,차량단독 - 기타,안전운전불이행,건조,맑음,미분류 - 미분류,승합,남,73세,기타불명,,,,
노인운전자사고,2022090900100018,2022년 9월 9일 01시,금요일,부산광역시 동구 범일동,중상사고,0,1,0,0,차대차 - 정면충돌,신호위반,건조,맑음,교차로 - 교차로안,승용,남,78세,상해없음,승용,남,58세,중상
노인운전자사고,2022090900100065,2022년 9월 9일 05시,금요일,부산광역시 동구 좌천동,중상사고,0,2,0,0,차대차 - 추돌,안전운전불이행,건조,맑음,단일로 - 지하차도(도로)내,승용,여,69세,기타불명,승용,남,51세,중상
노인운전자사고,2022090900100133,2022년 9월 9일 10시,금요일,부산광역시 서구 남부민동,경상사고,0,0,1,0,차대차 - 후진중충돌,안전운전불이행,건조,맑음,단일로 - 기타,승용,남,74세,상해없음,승용,여,25세,경상
노인운전자사고,2022090900100161,2022년 9월 9일 11시,금요일,부산광역시 부산진구 범천동,경상사고,0,0,1,0,차대차 - 측면충돌,신호위반,건조,맑음,교차로 - 교차로안,승용,남,74세,상해없음,승용,여,51세,경상
노인운전자사고,2022090900100391,2022년 9월 9일 18시,금요일,부산광역시 남구 대연동,경상사고,0,0,1,0,차대차 - 측면충돌,신호위반,건조,맑음,교차로 - 교차로횡단보도내,승용,여,69세,상해없음,이륜,남,43세,경상
노인운전자사고,2022090900100392,2022년 9월 9일 18시,금요일,부산광역시 부산진구 부암동,중상사고,0,1,1,0,차대차 - 기타,안전운전불이행,건조,맑음,단일로 - 기타,이륜,남,66세,경상,이륜,남,31세,중상
노인운전자사고,2022090900100394,2022년 9월 9일 18시,금요일,부산광역시 기장군 정관읍,경상사고,0,0,1,0,차대사람 - 기타,안전운전불이행,건조,맑음,기타 - 기타,승용,남,69세,상해없음,보행자,남,7세,경상
노인운전자사고,2022090900100422,2022년 9월 9일 19시,금요일,부산광역시 수영구 민락동,경상사고,0,0,1,0,차대차 - 기타,안전운전불이행,건조,맑음,교차로 - 교차로안,승용,남,67세,기타불명,이륜,남,54세,경상
노인운전자사고,2022090900100423,2022년 9월 9일 19시,금요일,부산광역시 금정구 금사동,경상사고,0,0,3,0,차대차 - 기타,안전운전불이행,건조,맑음,단일로 - 기타,승용,남,72세,경상,승용,남,54세,경상
노인운전자사고,2022091000100002,2022년 9월 10일 00시,토요일,부산광역시 해운대구 재송동,경상사고,0,0,2,0,차대사람 - 길가장자리구역통행중,안전운전불이행,건조,맑음,교차로 - 교차로부근,승용,남,71세,상해없음,보행자,남,58세,경상
노인운전자사고,2022091000100224,2022년 9월 10일 15시,토요일,부산광역시 해운대구 우동,중상사고,0,1,2,0,차대차 - 측면충돌,기타,건조,맑음,교차로 - 교차로안,승용,여,66세,상해없음,승용,여,29세,경상
노인운전자사고,2022091000100338,2022년 9월 10일 21시,토요일,부산광역시 영도구 봉래동3가,경상사고,0,0,2,0,차대차 - 추돌,안전운전불이행,건조,맑음,기타 - 기타,승용,남,67세,상해없음,승용,남,50세,경상
노인운전자사고,2022091000100376,2022년 9월 10일 23시,토요일,부산광역시 금정구 부곡동,중상사고,0,1,0,0,차대사람 - 횡단중,안전운전불이행,건조,맑음,교차로 - 교차로안,승용,남,67세,상해없음,보행자,여,50세,중상
노인운전자사고,2022091100100087,2022년 9월 11일 11시,일요일,부산광역시 해운대구 우동,중상사고,0,2,5,0,차대차 - 추돌,안전운전불이행,건조,맑음,교차로 - 교차로부근,승용,남,71세,상해없음,화물,남,62세,중상
노인운전자사고,2022091100100136,2022년 9월 11일 13시,일요일,부산광역시 해운대구 우동,중상사고,0,1,0,0,차대사람 - 보도통행중,안전운전불이행,건조,맑음,단일로 - 기타,승용,남,66세,상해없음,보행자,여,18세,중상
노인운전자사고,2022091100100168,2022년 9월 11일 14시,일요일,부산광역시 사하구 당리동,경상사고,0,0,1,0,차대차 - 기타,안전운전불이행,건조,맑음,단일로 - 지하차도(도로)내,승용,남,67세,기타불명,이륜,남,41세,경상
노인운전자사고,2022091200100158,2022년 9월 12일 13시,월요일,부산광역시 해운대구 중동,부상신고사고,0,0,0,1,차대차 - 기타,안전운전불이행,건조,맑음,교차로 - 교차로부근,승용,여,67세,상해없음,승용,여,66세,부상신고
노인운전자사고,2022091200100313,2022년 9월 12일 19시,월요일,부산광역시 해운대구 반여동,경상사고,0,0,2,0,차대차 - 기타,신호위반,건조,맑음,교차로 - 교차로부근,승용,남,67세,상해없음,승용,남,54세,경상
노인운전자사고,2022091300100113,2022년 9월 13일 09시,화요일,부산광역시 강서구 명지동,중상사고,0,1,0,0,차대차 - 측면충돌,교차로운행방법위반,건조,맑음,교차로 - 교차로안,승용,남,69세,상해없음,승용,남,33세,중상
노인운전자사고,2022091300100136,2022년 9월 13일 10시,화요일,부산광역시 부산진구 양정동,경상사고,0,0,1,0,차대차 - 측면충돌,안전운전불이행,건조,맑음,단일로 - 기타,승용,남,66세,상해없음,승용,여,51세,경상
노인운전자사고,2022091300100137,2022년 9월 13일 10시,화요일,부산광역시 금정구 부곡동,경상사고,0,0,1,0,차대차 - 기타,안전거리미확보,건조,맑음,단일로 - 기타,승용,남,75세,상해없음,승합,남,48세,상해없음
노인운전자사고,2022091300100154,2022년 9월 13일 11시,화요일,부산광역시 남구 우암동,중상사고,0,1,1,0,차대차 - 측면충돌,신호위반,건조,맑음,교차로 - 교차로안,승용,남,74세,상해없음,승합,남,39세,중상
노인운전자사고,2022091300100191,2022년 9월 13일 12시,화요일,부산광역시 금정구 금성동,중상사고,0,1,0,0,차량단독 - 공작물충돌,안전운전불이행,건조,맑음,단일로 - 기타,화물,남,69세,중상,,,,
노인운전자사고,2022091300100218,2022년 9월 13일 13시,화요일,부산광역시 부산진구 범천동,경상사고,0,0,1,0,차대차 - 기타,안전운전불이행,건조,맑음,단일로 - 기타,승용,남,65세,상해없음,승용,남,51세,경상
노인운전자사고,2022091300100219,2022년 9월 13일 13시,화요일,부산광역시 사하구 감천동,중상사고,0,1,0,0,차대사람 - 횡단중,보행자보호의무위반,건조,맑음,기타 - 기타,화물,남,65세,상해없음,보행자,여,60세,중상
노인운전자사고,2022091400100074,2022년 9월 14일 08시,수요일,부산광역시 중구 보수동2가,경상사고,0,0,1,0,차대차 - 측면충돌,안전운전불이행,건조,맑음,교차로 - 교차로안,승용,남,72세,상해없음,자전거,남,11세,경상
노인운전자사고,2022091400100075,2022년 9월 14일 08시,수요일,부산광역시 부산진구 범천동,경상사고,0,0,1,0,차대차 - 측면충돌,차로위반,건조,맑음,단일로 - 기타,승합,남,78세,상해없음,승용,여,43세,경상
노인운전자사고,2022091400100516,2022년 9월 14일 22시,수요일,부산광역시 사하구 괴정동,경상사고,0,0,3,0,차대차 - 측면충돌,신호위반,건조,맑음,단일로 - 기타,승용,남,66세,상해없음,승용,여,46세,경상
노인운전자사고,2022091500100074,2022년 9월 15일 08시,목요일,부산광역시 서구 서대신동2가,경상사고,0,0,3,0,차대차 - 기타,안전거리미확보,건조,맑음,단일로 - 기타,승용,남,75세,상해없음,승합,남,45세,상해없음
노인운전자사고,2022091500100075,2022년 9월 15일 08시,목요일,부산광역시 수영구 광안동,경상사고,0,0,2,0,차대차 - 측면충돌,안전운전불이행,건조,맑음,교차로 - 교차로안,이륜,남,69세,경상,승용,여,55세,상해없음
노인운전자사고,2022091500100078,2022년 9월 15일 08시,목요일,부산광역시 금정구 노포동,경상사고,0,0,1,0,차대차 - 추돌,안전운전불이행,건조,맑음,단일로 - 기타,승용,남,75세,상해없음,화물,남,34세,경상
노인운전자사고,2022091500100119,2022년 9월 15일 09시,목요일,부산광역시 해운대구 반송동,중상사고,0,1,0,0,차대사람 - 기타,안전운전불이행,건조,맑음,단일로 - 기타,승용,남,74세,상해없음,보행자,여,75세,중상
노인운전자사고,2.02209E+15,2022년 9월 15일 09시,목요일,부산광역시 해운대구 중동,경상사고,0,0,1,0,차대차 - 기타,안전거리미확보,건조,맑음,단일로 - 기타,승용,여,66세,상해없음,승합,남,61세,상해없음
노인운전자사고,2022091500100173,2022년 9월 15일 11시,목요일,부산광역시 중구 중앙동4가,경상사고,0,0,2,0,차대차 - 측면충돌,교차로운행방법위반,건조,맑음,교차로 - 교차로안,화물,남,66세,상해없음,승용,여,31세,경상
노인운전자사고,2022091500100311,2022년 9월 15일 16시,목요일,부산광역시 연제구 거제동,중상사고,0,1,7,1,차대차 - 기타,안전운전불이행,건조,맑음,기타 - 기타,승용,남,71세,부상신고,승합,남,30세,경상
노인운전자사고,2022091600100144,2022년 9월 16일 09시,금요일,부산광역시 사상구 주례동,경상사고,0,0,1,0,차대차 - 추돌,안전거리미확보,건조,맑음,단일로 - 지하차도(도로)내,승용,남,69세,기타불명,승용,남,53세,경상
노인운전자사고,2022091600100232,2022년 9월 16일 12시,금요일,부산광역시 영도구 대교동1가,경상사고,0,0,1,0,차대차 - 기타,안전운전불이행,건조,맑음,교차로 - 교차로안,승용,남,69세,기타불명,승용,여,66세,경상
노인운전자사고,2022091600100235,2022년 9월 16일 12시,금요일,부산광역시 사하구 하단동,중상사고,0,1,1,0,차대차 - 추돌,안전운전불이행,건조,맑음,단일로 - 기타,승용,남,72세,상해없음,승용,남,73세,중상
노인운전자사고,2022091600100265,2022년 9월 16일 13시,금요일,부산광역시 기장군 기장읍,중상사고,0,1,0,0,차대사람 - 횡단중,보행자보호의무위반,건조,맑음,단일로 - 기타,승용,여,66세,상해없음,보행자,여,69세,중상
노인운전자사고,2022091600100414,2022년 9월 16일 17시,금요일,부산광역시 남구 문현동,경상사고,0,0,1,0,차대차 - 측면충돌,안전운전불이행,건조,맑음,교차로 - 교차로안,승용,남,72세,상해없음,승용,남,63세,경상
노인운전자사고,2022091600100472,2022년 9월 16일 18시,금요일,부산광역시 부산진구 전포동,경상사고,0,0,1,0,차대차 - 측면충돌,기타,건조,맑음,교차로 - 교차로안,자전거,남,72세,경상,승용,남,33세,상해없음
노인운전자사고,2022091700100118,2022년 9월 17일 08시,토요일,부산광역시 강서구 대저1동,경상사고,0,0,1,0,차대차 - 추돌,안전운전불이행,건조,맑음,단일로 - 지하차도(도로)내,화물,남,67세,상해없음,승용,남,35세,경상
노인운전자사고,2022091700100138,2022년 9월 17일 09시,토요일,부산광역시 금정구 서동,중상사고,0,1,0,0,차대사람 - 기타,안전운전불이행,건조,맑음,단일로 - 기타,승용,남,79세,상해없음,보행자,여,68세,중상
노인운전자사고,2022091700100193,2022년 9월 17일 11시,토요일,부산광역시 수영구 민락동,경상사고,0,0,1,0,차대차 - 기타,안전운전불이행,건조,맑음,기타 - 기타,이륜,남,67세,상해없음,자전거,남,53세,경상
노인운전자사고,2022091700100378,2022년 9월 17일 16시,토요일,부산광역시 중구 남포동6가,경상사고,0,0,2,0,차대차 - 기타,차로위반,건조,맑음,단일로 - 기타,승용,남,75세,상해없음,승합,남,45세,상해없음
노인운전자사고,2022091800100077,2022년 9월 18일 10시,일요일,부산광역시 금정구 장전동,부상신고사고,0,0,0,1,차대차 - 추돌,안전운전불이행,건조,맑음,교차로 - 교차로부근,승용,여,73세,상해없음,승용,남,41세,부상신고
노인운전자사고,2.02209E+15,2022년 9월 18일 11시,일요일,부산광역시 동래구 온천동,부상신고사고,0,0,0,1,차대차 - 측면충돌,안전운전불이행,건조,맑음,단일로 - 기타,승용,남,66세,상해없음,이륜,남,43세,부상신고
노인운전자사고,2.02209E+15,2022년 9월 18일 13시,일요일,부산광역시 부산진구 부전동,중상사고,0,1,0,0,차대사람 - 기타,기타,건조,기타,교차로 - 교차로부근,자전거,여,67세,기타불명,보행자,여,53세,중상
노인운전자사고,2022091800100237,2022년 9월 18일 16시,일요일,부산광역시 부산진구 범천동,경상사고,0,0,1,0,차대사람 - 횡단중,보행자보호의무위반,건조,맑음,교차로 - 교차로횡단보도내,승용,남,68세,상해없음,보행자,남,78세,경상
노인운전자사고,2022091800100337,2022년 9월 18일 19시,일요일,부산광역시 북구 만덕동,경상사고,0,0,1,0,차대차 - 기타,안전운전불이행,젖음/습기,비,교차로 - 교차로안,승용,남,73세,상해없음,이륜,남,37세,경상
노인운전자사고,2022091800100418,2022년 9월 18일 22시,일요일,부산광역시 동래구 안락동,경상사고,0,0,5,0,차대차 - 측면충돌,교차로운행방법위반,젖음/습기,비,교차로 - 교차로안,승용,남,74세,상해없음,승용,남,38세,경상
노인운전자사고,2022091900100057,2022년 9월 19일 07시,월요일,부산광역시 금정구 서동,중상사고,0,1,0,0,차대사람 - 기타,안전운전불이행,건조,맑음,단일로 - 기타,화물,남,68세,상해없음,보행자,여,62세,중상
노인운전자사고,2022091900100171,2022년 9월 19일 11시,월요일,부산광역시 동구 좌천동,중상사고,0,1,0,0,차대차 - 기타,안전운전불이행,건조,맑음,단일로 - 기타,승용,여,69세,상해없음,승용,남,48세,중상
노인운전자사고,2022091900100329,2022년 9월 19일 16시,월요일,부산광역시 강서구 대저1동,중상사고,0,1,0,0,차대차 - 측면충돌,안전운전불이행,건조,맑음,단일로 - 기타,자전거,여,77세,중상,승용,남,68세,상해없음
노인운전자사고,2022092000100238,2022년 9월 20일 12시,화요일,부산광역시 사하구 다대동,경상사고,0,0,1,0,차대차 - 추돌,안전거리미확보,건조,맑음,교차로 - 교차로부근,이륜,남,68세,상해없음,승용,남,65세,경상
노인운전자사고,2022092000100303,2022년 9월 20일 14시,화요일,부산광역시 부산진구 부전동,경상사고,0,0,1,0,차대차 - 기타,안전거리미확보,건조,맑음,교차로 - 교차로안,승용,여,76세,상해없음,화물,남,30세,경상
노인운전자사고,2022092000100305,2022년 9월 20일 14시,화요일,부산광역시 연제구 거제동,경상사고,0,0,3,0,차대차 - 측면충돌,직진우회전진행방해,건조,맑음,교차로 - 교차로안,승용,남,74세,상해없음,승용,남,42세,경상
노인운전자사고,2022092000100338,2022년 9월 20일 15시,화요일,부산광역시 수영구 광안동,부상신고사고,0,0,0,1,차대차 - 측면충돌,안전운전불이행,건조,맑음,교차로 - 교차로안,승용,남,75세,상해없음,자전거,남,80세,부상신고
노인운전자사고,2022092000100422,2022년 9월 20일 17시,화요일,부산광역시 사하구 괴정동,경상사고,0,0,1,0,차대차 - 측면충돌,직진우회전진행방해,건조,맑음,교차로 - 교차로안,승용,남,65세,기타불명,승용,여,43세,경상
노인운전자사고,2.02209E+15,2022년 9월 20일 18시,화요일,부산광역시 강서구 성북동,경상사고,0,0,1,0,차대차 - 기타,안전운전불이행,건조,맑음,단일로 - 기타,특수,남,67세,상해없음,승용,남,38세,경상
노인운전자사고,2022092000100617,2022년 9월 20일 22시,화요일,부산광역시 연제구 거제동,경상사고,0,0,2,0,차대차 - 측면충돌,안전거리미확보,건조,맑음,단일로 - 기타,승합,남,70세,상해없음,승용,남,30세,경상
노인운전자사고,2022092100100083,2022년 9월 21일 08시,수요일,부산광역시 동래구 명륜동,중상사고,0,1,1,0,차대차 - 측면충돌,교차로운행방법위반,건조,맑음,교차로 - 교차로안,승용,남,75세,경상,승용,여,43세,중상
노인운전자사고,2022092100100125,2022년 9월 21일 09시,수요일,부산광역시 금정구 노포동,경상사고,0,0,1,0,차대차 - 측면충돌,안전거리미확보,건조,맑음,단일로 - 기타,승용,남,68세,기타불명,승용,남,43세,경상
노인운전자사고,2022092100100314,2022년 9월 21일 14시,수요일,부산광역시 동구 범일동,경상사고,0,0,1,0,차대차 - 측면충돌,안전거리미확보,건조,맑음,단일로 - 기타,특수,남,68세,상해없음,승용,남,45세,경상
노인운전자사고,2022092100100317,2022년 9월 21일 14시,수요일,부산광역시 해운대구 중동,경상사고,0,0,1,0,차대차 - 정면충돌,안전운전불이행,건조,맑음,교차로 - 교차로안,승용,남,68세,상해없음,승용,남,73세,경상