사고부문,사고번호,사고일시,요일,시군구,사고내용,사망자수,중상자수,경상자수,부상신고자수,사고유형,법규위반,노면상태,기상상태,도로형태,가해운전자 차종,가해운전자 성별,가해운전자 연령,가해운전자 상해정도,피해운전자 차종,피해운전자 성별,피해운전자 연령,피해운전자 상해정도
노인운전자사고,2022092100100318,2022년 9월 21일 14시,수요일,부산광역시 부산진구 양정동,경상사고,0,0,1,0,차대차 - 추돌,안전운전불이행,건조,맑음,단일로 - 기타,이륜,남,67세,상해없음,승용,남,49세,경상
노인운전자사고,2.02209E+15,2022년 9월 21일 14시,수요일,부산광역시 금정구 구서동,경상사고,0,0,2,0,차대차 - 기타,교차로운행방법위반,건조,맑음,교차로 - 교차로안,승용,남,65세,상해없음,화물,남,50세,경상
노인운전자사고,2.02209E+15,2022년 9월 21일 16시,수요일,부산광역시 수영구 남천동,경상사고,0,0,1,0,차대사람 - 횡단중,안전운전불이행,건조,맑음,교차로 - 교차로안,승용,남,77세,상해없음,보행자,남,44세,경상
노인운전자사고,2022092100100391,2022년 9월 21일 16시,수요일,부산광역시 강서구 신호동,중상사고,0,1,0,0,차대차 - 기타,안전거리미확보,건조,맑음,단일로 - 기타,승용,남,76세,상해없음,승용,남,49세,중상
노인운전자사고,2022092200100002,2022년 9월 22일 00시,목요일,부산광역시 동래구 낙민동,사망사고,1,0,0,0,차대사람 - 차도통행중,안전운전불이행,건조,맑음,단일로 - 기타,승용,남,73세,상해없음,보행자,여,77세,사망
노인운전자사고,2022092200100038,2022년 9월 22일 05시,목요일,부산광역시 부산진구 당감동,경상사고,0,0,1,0,차대차 - 기타,안전거리미확보,건조,맑음,교차로 - 교차로안,승용,여,75세,상해없음,승용,남,57세,경상
노인운전자사고,2022092200100039,2022년 9월 22일 05시,목요일,부산광역시 금정구 회동동,경상사고,0,0,1,0,차대차 - 기타,안전운전불이행,건조,맑음,단일로 - 기타,화물,남,70세,상해없음,승용,여,53세,경상
노인운전자사고,2022092200100048,2022년 9월 22일 06시,목요일,부산광역시 사하구 신평동,경상사고,0,0,3,0,차대차 - 측면충돌,신호위반,건조,맑음,교차로 - 교차로안,승용,남,65세,기타불명,승용,남,62세,경상
노인운전자사고,2022092200100068,2022년 9월 22일 07시,목요일,부산광역시 해운대구 우동,경상사고,0,0,1,0,차대차 - 측면충돌,안전거리미확보,건조,맑음,단일로 - 교량,건설기계,남,66세,상해없음,승용,여,43세,경상
노인운전자사고,2.02209E+15,2022년 9월 22일 08시,목요일,부산광역시 부산진구 가야동,경상사고,0,0,1,0,차대차 - 기타,안전운전불이행,건조,맑음,교차로 - 교차로안,승합,남,74세,상해없음,승용,남,34세,경상
노인운전자사고,2022092200100101,2022년 9월 22일 08시,목요일,부산광역시 금정구 부곡동,중상사고,0,1,0,0,차대사람 - 기타,보행자보호의무위반,건조,맑음,단일로 - 기타,승용,남,69세,상해없음,보행자,남,62세,중상
노인운전자사고,2022092200100154,2022년 9월 22일 09시,목요일,부산광역시 연제구 거제동,경상사고,0,0,1,0,차대차 - 기타,차로위반,건조,맑음,단일로 - 기타,화물,남,77세,상해없음,승용,남,68세,상해없음
노인운전자사고,2022092200100189,2022년 9월 22일 10시,목요일,부산광역시 동래구 사직동,중상사고,0,1,0,0,차대사람 - 횡단중,보행자보호의무위반,건조,맑음,단일로 - 지하차도(도로)내,승용,남,80세,상해없음,보행자,여,75세,중상
노인운전자사고,2022092200100191,2022년 9월 22일 10시,목요일,부산광역시 부산진구 전포동,경상사고,0,0,1,0,차대차 - 후진중충돌,불법유턴,건조,맑음,교차로 - 교차로부근,승용,여,65세,상해없음,이륜,남,45세,경상
노인운전자사고,2022092200100319,2022년 9월 22일 14시,목요일,부산광역시 동래구 안락동,경상사고,0,0,1,0,차대차 - 측면충돌,안전운전불이행,건조,맑음,단일로 - 기타,화물,남,73세,상해없음,화물,남,61세,상해없음
노인운전자사고,2022092200100424,2022년 9월 22일 17시,목요일,부산광역시 영도구 영선동3가,경상사고,0,0,1,0,차대차 - 측면충돌,안전운전불이행,건조,맑음,교차로 - 교차로안,승용,남,71세,상해없음,승용,남,64세,경상
노인운전자사고,2022092200100425,2022년 9월 22일 17시,목요일,부산광역시 부산진구 양정동,경상사고,0,0,1,0,차대차 - 측면충돌,신호위반,건조,맑음,교차로 - 교차로부근,승용,남,73세,상해없음,승용,여,32세,경상
노인운전자사고,2022092200100426,2022년 9월 22일 17시,목요일,부산광역시 금정구 남산동,경상사고,0,0,1,0,차대차 - 기타,신호위반,건조,맑음,교차로 - 교차로부근,승용,남,73세,상해없음,승용,남,28세,경상
노인운전자사고,2022092200100468,2022년 9월 22일 18시,목요일,부산광역시 동래구 안락동,경상사고,0,0,1,0,차대차 - 기타,안전운전불이행,건조,맑음,단일로 - 기타,승용,남,73세,상해없음,원동기,남,20세,경상
노인운전자사고,2022092200100471,2022년 9월 22일 18시,목요일,부산광역시 강서구 대저1동,경상사고,0,0,2,0,차대차 - 측면충돌,차로위반,건조,맑음,단일로 - 기타,승용,남,66세,상해없음,화물,남,37세,경상
노인운전자사고,2022092300100013,2022년 9월 23일 01시,금요일,부산광역시 동구 초량동,경상사고,0,0,2,0,차대차 - 측면충돌,신호위반,건조,맑음,교차로 - 교차로안,승용,남,69세,상해없음,승용,남,38세,경상
노인운전자사고,2022092300100156,2022년 9월 23일 10시,금요일,부산광역시 금정구 오륜동,사망사고,1,0,0,0,차량단독 - 기타,안전운전불이행,건조,맑음,단일로 - 기타,자전거,여,75세,사망,,,,
노인운전자사고,2022092300100159,2022년 9월 23일 10시,금요일,부산광역시 기장군 기장읍,중상사고,0,1,0,0,차대차 - 추돌,안전운전불이행,건조,맑음,교차로 - 교차로부근,승용,남,65세,상해없음,승용,남,49세,중상
노인운전자사고,2022092300100263,2022년 9월 23일 13시,금요일,부산광역시 해운대구 재송동,경상사고,0,0,1,0,차대차 - 추돌,안전운전불이행,건조,맑음,단일로 - 기타,승용,남,72세,상해없음,승용,여,39세,경상
노인운전자사고,2022092300100264,2022년 9월 23일 13시,금요일,부산광역시 연제구 거제동,경상사고,0,0,1,0,차대차 - 기타,안전운전불이행,건조,맑음,단일로 - 기타,승용,남,78세,상해없음,승용,남,58세,경상
노인운전자사고,2022092300100266,2022년 9월 23일 13시,금요일,부산광역시 사상구 덕포동,부상신고사고,0,0,0,1,차대차 - 측면충돌,중앙선침범,건조,맑음,단일로 - 기타,자전거,남,79세,부상신고,승용,남,76세,상해없음
노인운전자사고,2022092300100306,2022년 9월 23일 14시,금요일,부산광역시 해운대구 중동,경상사고,0,0,3,0,차대차 - 기타,안전운전불이행,건조,맑음,교차로 - 교차로부근,승용,남,69세,상해없음,승용,남,40세,경상
노인운전자사고,2022092300100389,2022년 9월 23일 16시,금요일,부산광역시 부산진구 양정동,경상사고,0,0,1,0,차대차 - 기타,안전운전불이행,건조,맑음,교차로 - 교차로안,승용,남,72세,상해없음,승용,남,31세,경상
노인운전자사고,2.02209E+15,2022년 9월 23일 16시,금요일,부산광역시 금정구 서동,중상사고,0,1,0,0,차대사람 - 기타,안전운전불이행,건조,맑음,기타 - 기타,승용,여,66세,상해없음,보행자,여,49세,중상
노인운전자사고,2022092300100542,2022년 9월 23일 19시,금요일,부산광역시 동구 초량동,경상사고,0,0,1,0,차대차 - 추돌,안전운전불이행,건조,맑음,단일로 - 지하차도(도로)내,승용,남,74세,상해없음,승용,남,48세,경상
노인운전자사고,2022092400100139,2022년 9월 24일 10시,토요일,부산광역시 부산진구 개금동,경상사고,0,0,1,0,차대차 - 측면충돌,안전거리미확보,건조,맑음,단일로 - 기타,승용,남,81세,상해없음,승용,남,64세,경상
노인운전자사고,2022092400100174,2022년 9월 24일 11시,토요일,부산광역시 금정구 서동,경상사고,0,0,1,0,차대사람 - 기타,안전운전불이행,건조,맑음,교차로 - 교차로안,승용,남,70세,상해없음,보행자,여,68세,경상
노인운전자사고,2022092400100175,2022년 9월 24일 11시,토요일,부산광역시 강서구 지사동,경상사고,0,0,1,0,차대차 - 추돌,안전운전불이행,건조,맑음,교차로 - 교차로부근,승용,남,67세,상해없음,승용,여,57세,경상
노인운전자사고,2022092400100415,2022년 9월 24일 16시,토요일,부산광역시 금정구 서동,부상신고사고,0,0,0,1,차대차 - 기타,안전운전불이행,건조,맑음,교차로 - 교차로안,승용,남,68세,부상신고,승용,남,49세,상해없음
노인운전자사고,2022092400100416,2022년 9월 24일 16시,토요일,부산광역시 기장군 장안읍,경상사고,0,0,2,0,차대차 - 후진중충돌,안전운전불이행,건조,맑음,단일로 - 기타,화물,남,68세,상해없음,특수,남,37세,경상
노인운전자사고,2022092400100452,2022년 9월 24일 17시,토요일,부산광역시 남구 문현동,경상사고,0,0,2,0,차대차 - 측면충돌,안전운전불이행,건조,맑음,단일로 - 기타,승용,남,82세,기타불명,승용,남,43세,경상
노인운전자사고,2022092400100453,2022년 9월 24일 17시,토요일,부산광역시 사상구 감전동,경상사고,0,0,1,0,차대차 - 추돌,안전운전불이행,건조,맑음,단일로 - 기타,승용,남,75세,상해없음,승용,여,55세,경상
노인운전자사고,2022092400100491,2022년 9월 24일 18시,토요일,부산광역시 중구 창선동1가,경상사고,0,0,2,0,차대차 - 측면충돌,기타,건조,맑음,단일로 - 기타,승용,남,69세,상해없음,이륜,남,22세,경상
노인운전자사고,2022092400100493,2022년 9월 24일 18시,토요일,부산광역시 부산진구 부전동,부상신고사고,0,0,0,1,차대사람 - 기타,안전운전불이행,건조,맑음,단일로 - 기타,승용,남,73세,상해없음,보행자,남,66세,부상신고
노인운전자사고,2022092400100494,2022년 9월 24일 18시,토요일,부산광역시 연제구 거제동,중상사고,0,1,0,0,차대차 - 기타,안전운전불이행,건조,맑음,교차로 - 교차로안,승용,남,66세,상해없음,이륜,남,26세,중상
노인운전자사고,2022092400100631,2022년 9월 24일 23시,토요일,부산광역시 중구 영주동,경상사고,0,0,1,0,차량단독 - 공작물충돌,안전운전불이행,건조,맑음,단일로 - 기타,승용,남,66세,상해없음,,,,
노인운전자사고,2022092500100109,2022년 9월 25일 10시,일요일,부산광역시 부산진구 범전동,경상사고,0,0,1,0,차대차 - 측면충돌,신호위반,건조,맑음,단일로 - 기타,승용,남,69세,상해없음,승합,남,57세,상해없음
노인운전자사고,2022092600100056,2022년 9월 26일 07시,월요일,부산광역시 서구 동대신동2가,경상사고,0,0,1,0,차대차 - 기타,교차로운행방법위반,건조,맑음,교차로 - 교차로안,개인형이동수단(PM),남,70세,경상,승용,여,50세,상해없음
노인운전자사고,2022092600100057,2022년 9월 26일 07시,월요일,부산광역시 부산진구 전포동,경상사고,0,0,1,0,차대차 - 기타,불법유턴,건조,기타,교차로 - 교차로부근,승용,남,67세,상해없음,이륜,남,72세,경상
노인운전자사고,2022092600100089,2022년 9월 26일 08시,월요일,부산광역시 해운대구 우동,중상사고,0,1,0,0,차대사람 - 횡단중,신호위반,건조,맑음,교차로 - 교차로횡단보도내,승용,여,69세,상해없음,보행자,여,74세,중상
노인운전자사고,2022092600100092,2022년 9월 26일 08시,월요일,부산광역시 수영구 망미동,경상사고,0,0,2,0,차대차 - 추돌,안전운전불이행,건조,맑음,단일로 - 기타,승용,남,83세,상해없음,승용,남,54세,경상
노인운전자사고,2022092600100239,2022년 9월 26일 12시,월요일,부산광역시 강서구 명지동,경상사고,0,0,1,0,차대차 - 추돌,안전운전불이행,건조,맑음,단일로 - 기타,승용,남,72세,상해없음,승용,여,47세,경상
노인운전자사고,2022092600100405,2022년 9월 26일 17시,월요일,부산광역시 사상구 삼락동,중상사고,0,1,0,0,차대차 - 기타,안전거리미확보,젖음/습기,비,교차로 - 교차로부근,승용,남,79세,상해없음,이륜,남,61세,중상
노인운전자사고,2022092600100488,2022년 9월 26일 19시,월요일,부산광역시 부산진구 연지동,경상사고,0,0,1,0,차대사람 - 기타,보행자보호의무위반,젖음/습기,비,기타 - 기타,승용,여,65세,상해없음,보행자,남,59세,경상
노인운전자사고,2022092700100019,2022년 9월 27일 03시,화요일,부산광역시 동구 초량동,경상사고,0,0,1,0,차대차 - 측면충돌,신호위반,건조,맑음,교차로 - 교차로안,승용,남,67세,상해없음,승용,남,68세,경상
노인운전자사고,2022092700100194,2022년 9월 27일 11시,화요일,부산광역시 해운대구 반송동,중상사고,0,1,0,0,차대사람 - 횡단중,보행자보호의무위반,건조,맑음,교차로 - 교차로부근,승용,여,71세,상해없음,보행자,여,61세,중상
노인운전자사고,2022092700100353,2022년 9월 27일 16시,화요일,부산광역시 동래구 온천동,경상사고,0,0,1,0,차대사람 - 길가장자리구역통행중,안전운전불이행,건조,맑음,단일로 - 기타,승용,남,68세,상해없음,보행자,남,50세,경상
노인운전자사고,2022092700100393,2022년 9월 27일 17시,화요일,부산광역시 수영구 광안동,경상사고,0,0,1,0,차대차 - 측면충돌,안전운전불이행,건조,맑음,교차로 - 교차로안,승용,남,75세,상해없음,승용,여,44세,경상
노인운전자사고,2022092700100394,2022년 9월 27일 17시,화요일,부산광역시 부산진구 가야동,중상사고,0,1,0,0,차대사람 - 횡단중,보행자보호의무위반,건조,맑음,기타 - 기타,승용,남,70세,상해없음,보행자,여,77세,중상
노인운전자사고,2022092700100561,2022년 9월 27일 20시,화요일,부산광역시 금정구 금사동,경상사고,0,0,1,0,차대차 - 기타,안전운전불이행,건조,맑음,기타 - 기타,승용,남,71세,상해없음,승용,여,25세,경상
노인운전자사고,2022092800100166,2022년 9월 28일 10시,수요일,부산광역시 해운대구 우동,경상사고,0,0,1,0,차대차 - 측면충돌,교차로운행방법위반,건조,맑음,교차로 - 교차로안,승합,남,66세,상해없음,승용,여,59세,경상
노인운전자사고,2022092800100167,2022년 9월 28일 10시,수요일,부산광역시 연제구 거제동,경상사고,0,0,1,0,차대차 - 측면충돌,안전운전불이행,건조,맑음,단일로 - 기타,건설기계,남,70세,상해없음,승용,남,19세,경상
노인운전자사고,2022092800100217,2022년 9월 28일 12시,수요일,부산광역시 남구 대연동,경상사고,0,0,1,0,차대사람 - 횡단중,보행자보호의무위반,건조,맑음,교차로 - 교차로횡단보도내,승용,남,77세,기타불명,보행자,여,20세,경상
노인운전자사고,2022092800100218,2022년 9월 28일 12시,수요일,부산광역시 수영구 광안동,경상사고,0,0,2,0,차대차 - 추돌,안전운전불이행,건조,맑음,교차로 - 교차로부근,승용,여,67세,상해없음,승용,여,70세,경상
노인운전자사고,2022092800100252,2022년 9월 28일 13시,수요일,부산광역시 연제구 연산동,경상사고,0,0,1,0,차대차 - 추돌,안전운전불이행,건조,맑음,단일로 - 기타,승용,남,68세,상해없음,승용,남,36세,경상
노인운전자사고,2022092800100395,2022년 9월 28일 17시,수요일,부산광역시 금정구 회동동,경상사고,0,0,1,0,차대사람 - 기타,안전운전불이행,건조,맑음,기타 - 기타,승용,남,73세,경상,보행자,여,59세,기타불명
노인운전자사고,2022092900100058,2022년 9월 29일 07시,목요일,부산광역시 금정구 오륜동,부상신고사고,0,0,0,1,차대차 - 측면충돌,안전거리미확보,건조,맑음,단일로 - 기타,승용,남,73세,상해없음,승용,남,30세,부상신고
노인운전자사고,2022092900100059,2022년 9월 29일 07시,목요일,부산광역시 강서구 대저1동,중상사고,0,1,0,0,차대차 - 측면충돌,안전거리미확보,건조,맑음,단일로 - 기타,승용,남,70세,상해없음,개인형이동수단(PM),남,56세,중상
노인운전자사고,2022092900100092,2022년 9월 29일 08시,목요일,부산광역시 남구 대연동,경상사고,0,0,2,1,차대차 - 측면충돌,중앙선침범,건조,맑음,단일로 - 기타,승용,남,69세,경상,승용,남,25세,경상
노인운전자사고,2022092900100197,2022년 9월 29일 11시,목요일,부산광역시 남구 문현동,경상사고,0,0,1,0,차대차 - 측면충돌,안전거리미확보,건조,맑음,단일로 - 기타,승용,남,67세,상해없음,원동기,남,45세,경상
노인운전자사고,2.02209E+15,2022년 9월 29일 12시,목요일,부산광역시 부산진구 개금동,경상사고,0,0,1,0,차대차 - 추돌,안전거리미확보,건조,맑음,단일로 - 기타,승용,남,74세,상해없음,승용,남,60세,경상
노인운전자사고,2022092900100231,2022년 9월 29일 12시,목요일,부산광역시 부산진구 양정동,중상사고,0,1,1,0,차대차 - 기타,안전운전불이행,건조,맑음,교차로 - 교차로부근,승합,남,75세,상해없음,이륜,남,21세,경상
노인운전자사고,2022092900100263,2022년 9월 29일 13시,목요일,부산광역시 북구 만덕동,중상사고,0,1,0,0,차대차 - 기타,안전거리미확보,건조,맑음,단일로 - 기타,승용,남,76세,상해없음,이륜,남,47세,중상
노인운전자사고,2022092900100301,2022년 9월 29일 14시,목요일,부산광역시 해운대구 반송동,경상사고,0,0,1,0,차대사람 - 보도통행중,안전운전불이행,건조,맑음,기타 - 기타,기타불명,남,72세,상해없음,보행자,여,32세,경상
노인운전자사고,2022092900100433,2022년 9월 29일 17시,목요일,부산광역시 금정구 구서동,경상사고,0,0,1,0,차대차 - 기타,안전운전불이행,건조,맑음,교차로 - 교차로안,승용,남,66세,상해없음,승용,남,34세,경상
노인운전자사고,2022092900100435,2022년 9월 29일 17시,목요일,부산광역시 수영구 망미동,경상사고,0,0,1,0,차대차 - 기타,안전운전불이행,건조,맑음,단일로 - 기타,승용,남,76세,상해없음,원동기,남,42세,경상
노인운전자사고,2022093000100108,2022년 9월 30일 08시,금요일,부산광역시 강서구 대저2동,경상사고,0,0,1,0,차대차 - 측면충돌,신호위반,건조,맑음,교차로 - 교차로안,화물,남,65세,상해없음,승용,여,47세,경상
노인운전자사고,2022093000100146,2022년 9월 30일 09시,금요일,부산광역시 남구 문현동,경상사고,0,0,2,0,차대차 - 기타,안전운전불이행,건조,맑음,기타 - 기타,승용,남,65세,경상,승용,남,59세,경상
노인운전자사고,2022093000100199,2022년 9월 30일 11시,금요일,부산광역시 영도구 영선동2가,경상사고,0,0,1,0,차대차 - 기타,기타,건조,맑음,교차로 - 교차로부근,승용,여,67세,상해없음,이륜,남,33세,경상
노인운전자사고,2022093000100341,2022년 9월 30일 15시,금요일,부산광역시 사하구 감천동,경상사고,0,0,1,0,차대차 - 측면충돌,교차로운행방법위반,건조,맑음,교차로 - 교차로안,승용,남,78세,상해없음,이륜,남,47세,경상
노인운전자사고,2022093000100384,2022년 9월 30일 16시,금요일,부산광역시 북구 덕천동,중상사고,0,1,0,0,차대사람 - 기타,안전운전불이행,건조,맑음,단일로 - 기타,승용,남,66세,상해없음,보행자,남,48세,중상
노인운전자사고,2022093000100385,2022년 9월 30일 16시,금요일,부산광역시 금정구 장전동,부상신고사고,0,0,0,1,차대차 - 측면충돌,안전거리미확보,건조,맑음,단일로 - 기타,자전거,남,65세,부상신고,건설기계,남,62세,상해없음
노인운전자사고,2022093000100431,2022년 9월 30일 17시,금요일,부산광역시 부산진구 범천동,경상사고,0,0,1,0,차대차 - 기타,안전거리미확보,건조,맑음,단일로 - 기타,승용,여,69세,상해없음,승용,남,50세,경상
노인운전자사고,2022093000100432,2022년 9월 30일 17시,금요일,부산광역시 부산진구 양정동,경상사고,0,0,3,0,차대차 - 측면충돌,안전거리미확보,건조,맑음,교차로 - 교차로안,승용,남,70세,상해없음,건설기계,남,45세,경상
노인운전자사고,2.02209E+15,2022년 9월 30일 19시,금요일,부산광역시 동래구 명륜동,경상사고,0,0,1,0,차량단독 - 기타,안전운전불이행,건조,맑음,교차로 - 교차로안,승용,남,70세,상해없음,,,,
노인운전자사고,2022093000100605,2022년 9월 30일 20시,금요일,부산광역시 사하구 괴정동,경상사고,0,0,1,0,차대차 - 추돌,안전운전불이행,건조,맑음,단일로 - 기타,승용,여,65세,상해없음,승용,여,34세,경상
노인운전자사고,2.0221E+15,2022년 10월 1일 07시,토요일,부산광역시 남구 용당동,중상사고,0,1,0,0,차대사람 - 횡단중,신호위반,건조,맑음,교차로 - 교차로안,이륜,남,69세,상해없음,보행자,여,56세,중상
노인운전자사고,2022100100100174,2022년 10월 1일 10시,토요일,부산광역시 부산진구 범천동,경상사고,0,0,1,0,차대차 - 기타,안전운전불이행,건조,맑음,단일로 - 기타,승용,남,71세,상해없음,승용,여,61세,경상
노인운전자사고,2022100100100211,2022년 10월 1일 11시,토요일,부산광역시 북구 구포동,경상사고,0,0,1,0,차대차 - 기타,안전운전불이행,건조,맑음,교차로 - 교차로부근,승용,남,72세,상해없음,이륜,남,42세,상해없음
노인운전자사고,2022100100100241,2022년 10월 1일 12시,토요일,부산광역시 중구 영주동,경상사고,0,0,2,0,차대차 - 측면충돌,교차로운행방법위반,건조,맑음,교차로 - 교차로안,승용,남,72세,경상,승용,남,59세,경상
노인운전자사고,2022100100100242,2022년 10월 1일 12시,토요일,부산광역시 북구 화명동,경상사고,0,0,1,0,차대차 - 기타,안전운전불이행,건조,맑음,단일로 - 기타,승용,남,72세,상해없음,승용,남,59세,경상
노인운전자사고,2022100100100285,2022년 10월 1일 13시,토요일,부산광역시 해운대구 반송동,경상사고,0,0,1,0,차대사람 - 기타,신호위반,건조,맑음,교차로 - 교차로부근,승용,남,66세,상해없음,보행자,남,27세,경상
노인운전자사고,2.0221E+15,2022년 10월 2일 05시,일요일,부산광역시 사하구 장림동,경상사고,0,0,1,0,차대차 - 기타,교차로운행방법위반,건조,맑음,교차로 - 교차로안,승용,남,79세,기타불명,승용,남,60세,경상
노인운전자사고,2022100200100078,2022년 10월 2일 09시,일요일,부산광역시 남구 대연동,경상사고,0,0,1,0,차대차 - 측면충돌,기타,건조,맑음,교차로 - 교차로부근,승용,남,79세,상해없음,자전거,남,38세,경상
노인운전자사고,2022100200100185,2022년 10월 2일 14시,일요일,부산광역시 금정구 금사동,경상사고,0,0,2,0,차대차 - 추돌,안전운전불이행,건조,맑음,교차로 - 교차로부근,승용,남,67세,상해없음,승용,남,32세,경상
노인운전자사고,2.0221E+15,2022년 10월 2일 15시,일요일,부산광역시 사상구 엄궁동,경상사고,0,0,4,0,차대차 - 측면충돌,안전거리미확보,건조,맑음,교차로 - 교차로부근,승용,남,71세,상해없음,승용,여,39세,경상
노인운전자사고,2022100200100249,2022년 10월 2일 16시,일요일,부산광역시 해운대구 우동,경상사고,0,0,1,0,차대차 - 측면충돌,안전운전불이행,건조,맑음,단일로 - 기타,승용,남,66세,상해없음,승용,남,26세,경상
노인운전자사고,2022100200100308,2022년 10월 2일 18시,일요일,부산광역시 해운대구 좌동,경상사고,0,0,1,0,차대차 - 측면충돌,안전운전불이행,건조,맑음,단일로 - 기타,승용,남,69세,상해없음,승용,남,30세,경상
노인운전자사고,2.0221E+15,2022년 10월 2일 21시,일요일,부산광역시 남구 용호동,경상사고,0,0,1,0,차대사람 - 기타,보행자보호의무위반,건조,맑음,교차로 - 교차로안,승용,남,76세,상해없음,보행자,여,66세,경상
노인운전자사고,2.0221E+15,2022년 10월 3일 08시,월요일,부산광역시 강서구 대저1동,경상사고,0,0,6,0,차대차 - 측면충돌,안전거리미확보,건조,맑음,단일로 - 기타,승용,여,65세,경상,건설기계,남,70세,경상
노인운전자사고,2.0221E+15,2022년 10월 3일 20시,월요일,부산광역시 부산진구 부암동,경상사고,0,0,1,0,차대사람 - 기타,안전운전불이행,건조,맑음,단일로 - 기타,승용,남,72세,기타불명,보행자,여,19세,경상
노인운전자사고,2022100400100112,2022년 10월 4일 09시,화요일,부산광역시 동래구 온천동,경상사고,0,0,1,0,차대차 - 측면충돌,안전운전불이행,건조,맑음,교차로 - 교차로안,승용,남,67세,상해없음,이륜,남,25세,경상
노인운전자사고,2022100400100221,2022년 10월 4일 12시,화요일,부산광역시 부산진구 양정동,경상사고,0,0,1,0,차대사람 - 기타,안전운전불이행,젖음/습기,비,단일로 - 기타,승용,남,79세,상해없음,보행자,남,38세,경상
노인운전자사고,2022100400100222,2022년 10월 4일 12시,화요일,부산광역시 연제구 연산동,중상사고,0,1,0,0,차대차 - 기타,안전운전불이행,젖음/습기,흐림,교차로 - 교차로안,승용,남,65세,상해없음,이륜,남,23세,중상
노인운전자사고,2.0221E+15,2022년 10월 4일 13시,화요일,부산광역시 남구 대연동,경상사고,0,0,1,0,차대차 - 측면충돌,안전운전불이행,건조,맑음,단일로 - 기타,승용,남,81세,상해없음,특수,남,50세,상해없음
노인운전자사고,2022100400100353,2022년 10월 4일 16시,화요일,부산광역시 금정구 장전동,중상사고,0,1,0,0,차대차 - 기타,안전운전불이행,건조,맑음,단일로 - 기타,승용,여,66세,상해없음,승용,남,29세,중상
노인운전자사고,2022100500100013,2022년 10월 5일 01시,수요일,부산광역시 연제구 연산동,부상신고사고,0,0,0,1,차대사람 - 길가장자리구역통행중,안전운전불이행,건조,맑음,단일로 - 기타,승용,남,71세,상해없음,보행자,여,58세,부상신고
노인운전자사고,2022100500100033,2022년 10월 5일 05시,수요일,부산광역시 동래구 온천동,중상사고,0,1,0,0,차대사람 - 횡단중,보행자보호의무위반,건조,맑음,교차로 - 교차로안,승용,남,73세,상해없음,보행자,남,70세,중상
노인운전자사고,2022100500100084,2022년 10월 5일 08시,수요일,부산광역시 사상구 괘법동,경상사고,0,0,1,0,차대차 - 측면충돌,안전거리미확보,건조,맑음,교차로 - 교차로안,승용,남,65세,상해없음,승용,남,67세,경상
노인운전자사고,2022100500100125,2022년 10월 5일 09시,수요일,부산광역시 강서구 녹산동,중상사고,0,1,0,0,차대차 - 측면충돌,신호위반,건조,맑음,교차로 - 교차로안,승용,여,68세,상해없음,이륜,남,74세,중상
노인운전자사고,2022100500100248,2022년 10월 5일 13시,수요일,부산광역시 중구 영주동,경상사고,0,0,1,0,차대차 - 측면충돌,안전운전불이행,건조,맑음,단일로 - 기타,화물,남,80세,상해없음,승용,여,59세,경상
노인운전자사고,2022100500100274,2022년 10월 5일 14시,수요일,부산광역시 강서구 대저2동,경상사고,0,0,1,0,차대차 - 기타,안전운전불이행,건조,맑음,교차로 - 교차로부근,승용,남,69세,상해없음,화물,남,51세,경상
노인운전자사고,2022100500100394,2022년 10월 5일 17시,수요일,부산광역시 수영구 남천동,경상사고,0,0,1,0,차대사람 - 길가장자리구역통행중,안전운전불이행,건조,맑음,단일로 - 기타,화물,남,82세,상해없음,보행자,여,14세,경상
노인운전자사고,2022100500100395,2022년 10월 5일 17시,수요일,부산광역시 해운대구 우동,경상사고,0,0,1,0,차대차 - 추돌,안전운전불이행,건조,맑음,단일로 - 기타,승용,남,67세,상해없음,이륜,남,39세,경상
노인운전자사고,2022100500100559,2022년 10월 5일 21시,수요일,부산광역시 해운대구 우동,중상사고,0,1,0,0,차대사람 - 횡단중,안전운전불이행,건조,맑음,단일로 - 기타,승용,남,69세,상해없음,보행자,여,13세,중상
노인운전자사고,2022100600100034,2022년 10월 6일 06시,목요일,부산광역시 중구 중앙동4가,경상사고,0,0,2,0,차대차 - 측면충돌,차로위반,건조,맑음,교차로 - 교차로안,화물,남,72세,상해없음,화물,남,22세,경상
노인운전자사고,2022100600100035,2022년 10월 6일 06시,목요일,부산광역시 사하구 하단동,부상신고사고,0,0,0,1,차대차 - 측면충돌,직진우회전진행방해,건조,맑음,교차로 - 교차로안,승용,남,65세,상해없음,승용,남,62세,상해없음
노인운전자사고,2022100600100276,2022년 10월 6일 14시,목요일,부산광역시 사하구 감천동,경상사고,0,0,1,0,차대차 - 측면충돌,안전운전불이행,건조,맑음,교차로 - 교차로안,화물,남,74세,상해없음,화물,남,30세,경상