사고부문,사고번호,사고일시,요일,시군구,사고내용,사망자수,중상자수,경상자수,부상신고자수,사고유형,법규위반,노면상태,기상상태,도로형태,가해운전자 차종,가해운전자 성별,가해운전자 연령,가해운전자 상해정도,피해운전자 차종,피해운전자 성별,피해운전자 연령,피해운전자 상해정도
노인운전자사고,2022100600100309,2022년 10월 6일 15시,목요일,부산광역시 북구 구포동,경상사고,0,0,1,0,차대사람 - 횡단중,보행자보호의무위반,건조,맑음,교차로 - 교차로횡단보도내,승용,여,67세,상해없음,보행자,여,48세,경상
노인운전자사고,2022100600100482,2022년 10월 6일 19시,목요일,부산광역시 남구 용호동,경상사고,0,0,1,0,차대사람 - 차도통행중,안전운전불이행,건조,맑음,단일로 - 기타,화물,남,67세,상해없음,보행자,남,16세,경상
노인운전자사고,2022100600100483,2022년 10월 6일 19시,목요일,부산광역시 해운대구 우동,경상사고,0,0,1,0,차대차 - 추돌,안전거리미확보,건조,맑음,단일로 - 고가도로위,승용,남,70세,상해없음,승용,여,61세,경상
노인운전자사고,2022100700100029,2022년 10월 7일 04시,금요일,부산광역시 서구 초장동,중상사고,0,1,0,0,차대사람 - 횡단중,신호위반,젖음/습기,비,교차로 - 교차로안,승용,남,69세,상해없음,보행자,여,72세,중상
노인운전자사고,2022100700100039,2022년 10월 7일 05시,금요일,부산광역시 부산진구 부전동,경상사고,0,0,3,0,차대차 - 측면충돌,신호위반,건조,맑음,교차로 - 교차로안,승용,남,73세,상해없음,승합,남,63세,경상
노인운전자사고,2.0221E+15,2022년 10월 7일 13시,금요일,부산광역시 수영구 남천동,중상사고,0,1,0,0,차대차 - 추돌,안전운전불이행,건조,맑음,단일로 - 기타,승용,남,80세,상해없음,승용,여,50세,중상
노인운전자사고,2022100700100418,2022년 10월 7일 16시,금요일,부산광역시 사하구 하단동,경상사고,0,0,1,0,차대사람 - 기타,기타,건조,맑음,기타 - 기타,승용,남,71세,기타불명,보행자,남,67세,경상
노인운전자사고,2022100800100035,2022년 10월 8일 02시,토요일,부산광역시 동래구 명륜동,경상사고,0,0,1,0,차대차 - 기타,안전운전불이행,건조,맑음,교차로 - 교차로안,승용,남,69세,상해없음,승용,남,51세,경상
노인운전자사고,2.0221E+15,2022년 10월 8일 05시,토요일,부산광역시 부산진구 부전동,경상사고,0,0,1,0,차대차 - 측면충돌,신호위반,건조,맑음,교차로 - 교차로안,승합,남,74세,상해없음,승용,남,60세,경상
노인운전자사고,2.0221E+15,2022년 10월 8일 07시,토요일,부산광역시 중구 남포동6가,중상사고,0,1,0,0,차대사람 - 기타,안전운전불이행,건조,맑음,단일로 - 기타,자전거,남,77세,상해없음,보행자,여,60세,중상
노인운전자사고,2.0221E+15,2022년 10월 8일 08시,토요일,부산광역시 해운대구 재송동,중상사고,0,1,0,0,차대사람 - 기타,안전운전불이행,건조,맑음,기타 - 기타,화물,남,73세,상해없음,보행자,남,55세,중상
노인운전자사고,2.0221E+15,2022년 10월 8일 09시,토요일,부산광역시 북구 만덕동,부상신고사고,0,0,0,1,차대차 - 기타,안전거리미확보,건조,맑음,단일로 - 기타,승용,남,77세,상해없음,승용,여,39세,부상신고
노인운전자사고,2022100800100241,2022년 10월 8일 12시,토요일,부산광역시 사하구 장림동,부상신고사고,0,0,0,1,차대차 - 측면충돌,안전운전불이행,건조,맑음,교차로 - 교차로안,이륜,남,70세,부상신고,승용,남,42세,상해없음
노인운전자사고,2022100800100402,2022년 10월 8일 16시,토요일,부산광역시 서구 토성동3가,경상사고,0,0,1,0,차대차 - 측면충돌,교차로운행방법위반,건조,맑음,교차로 - 교차로안,승용,남,76세,상해없음,이륜,남,83세,경상
노인운전자사고,2022100800100445,2022년 10월 8일 17시,토요일,부산광역시 부산진구 부암동,경상사고,0,0,3,0,차대차 - 기타,교차로운행방법위반,건조,맑음,교차로 - 교차로안,승용,남,76세,경상,승용,여,34세,경상
노인운전자사고,2.0221E+15,2022년 10월 8일 19시,토요일,부산광역시 수영구 광안동,경상사고,0,0,3,0,차대차 - 측면충돌,안전거리미확보,건조,맑음,단일로 - 기타,승용,남,67세,상해없음,승용,여,45세,경상
노인운전자사고,2022100800100541,2022년 10월 8일 19시,토요일,부산광역시 동래구 명륜동,경상사고,0,0,1,0,차대차 - 측면충돌,안전운전불이행,건조,맑음,단일로 - 기타,승용,남,75세,상해없음,화물,남,28세,경상
노인운전자사고,2022100800100613,2022년 10월 8일 21시,토요일,부산광역시 강서구 지사동,부상신고사고,0,0,0,1,차량단독 - 공작물충돌,안전운전불이행,건조,맑음,교차로 - 교차로부근,승용,남,73세,상해없음,,,,
노인운전자사고,2022100900100127,2022년 10월 9일 11시,일요일,부산광역시 금정구 장전동,경상사고,0,0,1,0,차대차 - 측면충돌,안전거리미확보,건조,맑음,교차로 - 교차로부근,승용,남,67세,상해없음,승용,남,25세,경상
노인운전자사고,2022100900100248,2022년 10월 9일 15시,일요일,부산광역시 기장군 기장읍,경상사고,0,0,2,0,차대차 - 추돌,안전운전불이행,건조,맑음,교차로 - 교차로부근,승용,남,66세,상해없음,승용,남,39세,경상
노인운전자사고,2022100900100297,2022년 10월 9일 17시,일요일,부산광역시 기장군 철마면,경상사고,0,0,2,0,차대차 - 기타,안전운전불이행,건조,맑음,단일로 - 기타,승용,남,70세,기타불명,승합,남,62세,상해없음
노인운전자사고,2.0221E+15,2022년 10월 10일 14시,월요일,부산광역시 해운대구 반여동,경상사고,0,0,3,0,차대차 - 기타,신호위반,건조,맑음,교차로 - 교차로부근,원동기,남,68세,상해없음,승용,남,38세,상해없음
노인운전자사고,2022101000100284,2022년 10월 10일 16시,월요일,부산광역시 금정구 구서동,사망사고,1,0,0,0,차대차 - 추돌,안전운전불이행,건조,맑음,단일로 - 기타,원동기,남,76세,사망,승용,여,72세,기타불명
노인운전자사고,2022101000100318,2022년 10월 10일 17시,월요일,부산광역시 동래구 안락동,경상사고,0,0,1,0,차대차 - 추돌,안전운전불이행,건조,맑음,단일로 - 교량,승용,남,66세,상해없음,승합,남,57세,상해없음
노인운전자사고,2022101000100319,2022년 10월 10일 17시,월요일,부산광역시 금정구 남산동,경상사고,0,0,1,0,차대차 - 측면충돌,안전운전불이행,건조,맑음,단일로 - 기타,승용,남,73세,상해없음,이륜,남,54세,경상
노인운전자사고,2.0221E+15,2022년 10월 11일 07시,화요일,부산광역시 강서구 화전동,중상사고,0,1,1,0,차대차 - 측면충돌,신호위반,건조,맑음,교차로 - 교차로안,승용,남,69세,상해없음,승용,남,56세,중상
노인운전자사고,2022101100100092,2022년 10월 11일 08시,화요일,부산광역시 동구 초량동,경상사고,0,0,1,0,차대차 - 기타,안전거리미확보,건조,맑음,단일로 - 기타,승용,남,73세,상해없음,승용,여,44세,경상
노인운전자사고,2022101100100187,2022년 10월 11일 10시,화요일,부산광역시 부산진구 가야동,경상사고,0,0,1,0,차대차 - 측면충돌,안전운전불이행,건조,맑음,단일로 - 기타,승용,남,72세,상해없음,승용,남,67세,경상
노인운전자사고,2022101100100284,2022년 10월 11일 13시,화요일,부산광역시 중구 신창동1가,경상사고,0,0,1,0,차대사람 - 기타,안전운전불이행,건조,맑음,단일로 - 기타,승용,남,69세,상해없음,보행자,여,67세,경상
노인운전자사고,2022101100100285,2022년 10월 11일 13시,화요일,부산광역시 부산진구 당감동,중상사고,0,1,0,0,차대차 - 기타,신호위반,건조,맑음,교차로 - 교차로안,승용,남,68세,상해없음,이륜,남,58세,중상
노인운전자사고,2022101100100286,2022년 10월 11일 13시,화요일,부산광역시 사상구 주례동,경상사고,0,0,1,0,차대차 - 측면충돌,안전거리미확보,건조,맑음,단일로 - 기타,승용,남,74세,상해없음,승용,남,31세,경상
노인운전자사고,2022101100100322,2022년 10월 11일 14시,화요일,부산광역시 해운대구 중동,경상사고,0,0,1,0,차대사람 - 기타,안전운전불이행,건조,맑음,교차로 - 교차로안,승용,남,69세,상해없음,보행자,여,48세,경상
노인운전자사고,2022101100100323,2022년 10월 11일 14시,화요일,부산광역시 해운대구 우동,경상사고,0,0,1,0,차대차 - 측면충돌,안전거리미확보,건조,맑음,단일로 - 기타,승용,남,71세,상해없음,이륜,남,45세,경상
노인운전자사고,2022101100100325,2022년 10월 11일 14시,화요일,부산광역시 강서구 대저1동,경상사고,0,0,1,0,차대차 - 후진중충돌,안전운전불이행,건조,맑음,주차장 - 주차장,승용,남,66세,상해없음,승용,여,31세,경상
노인운전자사고,2022101100100468,2022년 10월 11일 17시,화요일,부산광역시 부산진구 당감동,중상사고,0,1,0,0,차대차 - 측면충돌,직진우회전진행방해,건조,맑음,교차로 - 교차로안,이륜,남,72세,중상,승용,남,54세,상해없음
노인운전자사고,2022101100100471,2022년 10월 11일 17시,화요일,부산광역시 기장군 기장읍,경상사고,0,0,1,0,차대차 - 정면충돌,기타,건조,맑음,기타 - 기타,승용,남,67세,상해없음,승용,남,29세,경상
노인운전자사고,2022101100100522,2022년 10월 11일 18시,화요일,부산광역시 영도구 봉래동3가,중상사고,0,1,0,0,차대차 - 측면충돌,안전거리미확보,건조,맑음,단일로 - 기타,승용,남,76세,상해없음,승용,여,40세,중상
노인운전자사고,2022101200100101,2022년 10월 12일 08시,수요일,부산광역시 해운대구 우동,경상사고,0,0,1,0,차대차 - 측면충돌,신호위반,건조,맑음,단일로 - 터널,화물,남,65세,상해없음,승용,남,32세,경상
노인운전자사고,2022101200100103,2022년 10월 12일 08시,수요일,부산광역시 사상구 학장동,경상사고,0,0,1,0,차대차 - 추돌,안전운전불이행,건조,맑음,단일로 - 기타,승용,남,84세,상해없음,승용,남,50세,경상
노인운전자사고,2022101200100382,2022년 10월 12일 16시,수요일,부산광역시 해운대구 우동,중상사고,0,1,0,0,차대차 - 측면충돌,신호위반,건조,맑음,단일로 - 교량,승용,여,71세,상해없음,승용,남,42세,중상
노인운전자사고,2022101200100428,2022년 10월 12일 17시,수요일,부산광역시 동구 수정동,경상사고,0,0,1,0,차대차 - 추돌,안전운전불이행,건조,맑음,교차로 - 교차로부근,승용,남,79세,상해없음,승용,여,29세,경상
노인운전자사고,2.0221E+15,2022년 10월 12일 17시,수요일,부산광역시 금정구 장전동,부상신고사고,0,0,0,1,차대차 - 추돌,안전거리미확보,건조,맑음,교차로 - 교차로부근,승용,남,86세,상해없음,이륜,남,42세,부상신고
노인운전자사고,2022101200100474,2022년 10월 12일 18시,수요일,부산광역시 중구 부평동1가,중상사고,0,1,0,0,차대차 - 측면충돌,안전운전불이행,건조,맑음,교차로 - 교차로안,이륜,남,86세,상해없음,이륜,남,53세,중상
노인운전자사고,2022101200100577,2022년 10월 12일 20시,수요일,부산광역시 해운대구 재송동,경상사고,0,0,1,0,차대차 - 기타,차로위반,기타,맑음,교차로 - 교차로안,승용,남,74세,상해없음,승용,남,29세,경상
노인운전자사고,2022101300100043,2022년 10월 13일 05시,목요일,부산광역시 서구 동대신동2가,경상사고,0,0,1,0,차대차 - 측면충돌,안전거리미확보,건조,맑음,단일로 - 기타,승합,남,67세,상해없음,승용,남,29세,경상
노인운전자사고,2022101300100051,2022년 10월 13일 06시,목요일,부산광역시 동래구 안락동,중상사고,0,1,0,0,차대차 - 측면충돌,안전운전불이행,건조,맑음,교차로 - 교차로안,승용,남,69세,상해없음,이륜,여,60세,중상
노인운전자사고,2022101300100052,2022년 10월 13일 06시,목요일,부산광역시 부산진구 개금동,경상사고,0,0,1,0,차대차 - 기타,신호위반,건조,맑음,교차로 - 교차로횡단보도내,승용,남,71세,상해없음,자전거,남,53세,경상
노인운전자사고,2022101300100071,2022년 10월 13일 07시,목요일,부산광역시 동래구 명륜동,경상사고,0,0,1,2,차대차 - 측면충돌,교차로운행방법위반,건조,맑음,단일로 - 기타,승용,여,69세,상해없음,승용,남,51세,경상
노인운전자사고,2022101300100254,2022년 10월 13일 12시,목요일,부산광역시 동래구 수안동,경상사고,0,0,1,0,차대차 - 기타,안전거리미확보,건조,맑음,단일로 - 기타,건설기계,남,65세,상해없음,승용,남,34세,경상
노인운전자사고,2022101300100388,2022년 10월 13일 16시,목요일,부산광역시 사상구 주례동,경상사고,0,0,1,0,차대차 - 정면충돌,안전운전불이행,건조,맑음,교차로 - 교차로안,승용,남,69세,상해없음,이륜,남,34세,경상
노인운전자사고,2022101300100486,2022년 10월 13일 18시,목요일,부산광역시 사상구 감전동,경상사고,0,0,2,0,차대차 - 측면충돌,신호위반,건조,맑음,교차로 - 교차로안,승용,남,65세,기타불명,승용,남,31세,경상
노인운전자사고,2022101300100535,2022년 10월 13일 19시,목요일,부산광역시 사하구 하단동,중상사고,0,1,0,0,차대차 - 추돌,안전운전불이행,건조,맑음,교차로 - 교차로부근,승용,여,68세,상해없음,이륜,남,39세,중상
노인운전자사고,2022101300100608,2022년 10월 13일 21시,목요일,부산광역시 사상구 덕포동,경상사고,0,0,1,0,차대사람 - 보도통행중,기타,건조,맑음,단일로 - 지하차도(도로)내,승용,남,66세,상해없음,보행자,남,33세,경상
노인운전자사고,2022101400100062,2022년 10월 14일 07시,금요일,부산광역시 남구 대연동,경상사고,0,0,2,0,차대차 - 기타,안전운전불이행,건조,맑음,단일로 - 기타,승용,남,65세,상해없음,승용,남,30세,경상
노인운전자사고,2022101400100089,2022년 10월 14일 08시,금요일,부산광역시 해운대구 중동,경상사고,0,0,1,0,차대차 - 기타,안전운전불이행,기타,맑음,단일로 - 기타,승용,남,71세,상해없음,승용,여,46세,경상
노인운전자사고,2022101400100137,2022년 10월 14일 09시,금요일,부산광역시 수영구 망미동,경상사고,0,0,1,0,차대차 - 측면충돌,신호위반,건조,맑음,교차로 - 교차로안,승용,남,76세,상해없음,이륜,여,47세,경상
노인운전자사고,2.0221E+15,2022년 10월 14일 11시,금요일,부산광역시 남구 용당동,경상사고,0,0,2,0,차대차 - 기타,안전운전불이행,건조,맑음,단일로 - 기타,특수,남,67세,상해없음,승용,남,37세,경상
노인운전자사고,2022101400100386,2022년 10월 14일 16시,금요일,부산광역시 부산진구 연지동,경상사고,0,0,2,0,차대차 - 측면충돌,안전거리미확보,건조,맑음,단일로 - 기타,승용,남,71세,상해없음,승용,여,46세,경상
노인운전자사고,2022101400100439,2022년 10월 14일 17시,금요일,부산광역시 금정구 부곡동,경상사고,0,0,1,0,차대차 - 측면충돌,안전운전불이행,건조,맑음,단일로 - 기타,승용,남,76세,상해없음,승용,여,45세,경상
노인운전자사고,2022101400100498,2022년 10월 14일 18시,금요일,부산광역시 사하구 구평동,경상사고,0,0,1,0,차대차 - 추돌,안전거리미확보,건조,맑음,단일로 - 터널,화물,남,67세,상해없음,승용,남,30세,경상
노인운전자사고,2022101500100076,2022년 10월 15일 08시,토요일,부산광역시 중구 남포동6가,경상사고,0,0,7,0,차대차 - 측면충돌,신호위반,건조,맑음,단일로 - 기타,승용,남,80세,상해없음,승합,남,59세,경상
노인운전자사고,2022101500100283,2022년 10월 15일 14시,토요일,부산광역시 사상구 엄궁동,중상사고,0,1,0,0,차대차 - 추돌,안전운전불이행,건조,맑음,단일로 - 기타,자전거,남,82세,중상,자전거,남,39세,상해없음
노인운전자사고,2022101500100318,2022년 10월 15일 15시,토요일,부산광역시 사상구 모라동,중상사고,0,2,0,0,차대차 - 추돌,교차로운행방법위반,건조,맑음,단일로 - 지하차도(도로)내,화물,남,71세,상해없음,승용,여,65세,중상
노인운전자사고,2022101500100368,2022년 10월 15일 16시,토요일,부산광역시 금정구 구서동,경상사고,0,0,1,0,차대차 - 측면충돌,교차로운행방법위반,건조,맑음,교차로 - 교차로안,승용,남,67세,상해없음,이륜,남,30세,경상
노인운전자사고,2022101500100453,2022년 10월 15일 18시,토요일,부산광역시 연제구 연산동,중상사고,0,1,0,0,차대차 - 기타,안전거리미확보,건조,맑음,단일로 - 기타,승합,남,71세,상해없음,승합,남,33세,상해없음
노인운전자사고,2022101500100586,2022년 10월 15일 22시,토요일,부산광역시 부산진구 범천동,경상사고,0,0,1,0,차대사람 - 기타,안전운전불이행,건조,맑음,교차로 - 교차로안,승용,남,73세,상해없음,보행자,남,63세,경상
노인운전자사고,2022101600100165,2022년 10월 16일 12시,일요일,부산광역시 강서구 송정동,경상사고,0,0,1,0,차대차 - 추돌,안전운전불이행,건조,맑음,교차로 - 교차로부근,승용,남,70세,상해없음,승용,여,31세,경상
노인운전자사고,2.0221E+15,2022년 10월 16일 16시,일요일,부산광역시 연제구 거제동,중상사고,0,1,1,0,차대차 - 추돌,안전운전불이행,건조,맑음,교차로 - 교차로부근,승용,남,72세,상해없음,승용,여,34세,경상
노인운전자사고,2.0221E+15,2022년 10월 16일 20시,일요일,부산광역시 서구 암남동,경상사고,0,0,2,0,차대차 - 후진중충돌,안전운전불이행,건조,맑음,교차로 - 교차로부근,승용,여,65세,상해없음,승용,남,71세,상해없음
노인운전자사고,2022101700100025,2022년 10월 17일 05시,월요일,부산광역시 사하구 다대동,중상사고,0,1,0,0,차대차 - 정면충돌,중앙선침범,건조,맑음,교차로 - 교차로부근,개인형이동수단(PM),남,78세,중상,승용,남,76세,상해없음
노인운전자사고,2022101700100139,2022년 10월 17일 09시,월요일,부산광역시 동래구 명장동,중상사고,0,1,0,0,차대사람 - 차도통행중,보행자보호의무위반,건조,맑음,단일로 - 기타,화물,남,69세,상해없음,보행자,여,72세,중상
노인운전자사고,2022101700100298,2022년 10월 17일 13시,월요일,부산광역시 동구 초량동,경상사고,0,0,2,0,차대차 - 측면충돌,안전거리미확보,건조,맑음,단일로 - 기타,화물,남,69세,상해없음,승용,남,39세,경상
노인운전자사고,2022101700100341,2022년 10월 17일 14시,월요일,부산광역시 중구 중앙동4가,경상사고,0,0,1,0,차대차 - 추돌,안전운전불이행,건조,맑음,교차로 - 교차로부근,승용,남,77세,상해없음,승용,남,45세,경상
노인운전자사고,2022101700100483,2022년 10월 17일 17시,월요일,부산광역시 해운대구 우동,경상사고,0,0,1,0,차대차 - 추돌,안전운전불이행,건조,맑음,단일로 - 기타,승용,여,65세,상해없음,승용,남,66세,경상
노인운전자사고,2022101700100485,2022년 10월 17일 17시,월요일,부산광역시 사상구 주례동,중상사고,0,1,0,0,차대차 - 추돌,안전운전불이행,건조,맑음,교차로 - 교차로안,승용,남,70세,상해없음,원동기,남,45세,중상
노인운전자사고,2022101700100644,2022년 10월 17일 20시,월요일,부산광역시 수영구 남천동,중상사고,0,3,1,0,차대사람 - 차도통행중,안전운전불이행,건조,맑음,단일로 - 기타,승용,여,70세,상해없음,보행자,남,57세,중상
노인운전자사고,2.0221E+15,2022년 10월 17일 21시,월요일,부산광역시 해운대구 우동,중상사고,0,1,0,0,차대차 - 기타,신호위반,건조,맑음,교차로 - 교차로안,승용,남,65세,상해없음,이륜,남,60세,중상
노인운전자사고,2022101800100031,2022년 10월 18일 05시,화요일,부산광역시 연제구 연산동,경상사고,0,0,1,0,차대사람 - 횡단중,안전운전불이행,건조,맑음,기타 - 기타,승용,남,78세,상해없음,보행자,남,33세,경상
노인운전자사고,2022101800100203,2022년 10월 18일 11시,화요일,부산광역시 동구 범일동,경상사고,0,0,3,0,차대차 - 측면충돌,안전운전불이행,건조,맑음,단일로 - 기타,승용,남,75세,경상,승용,여,32세,경상
노인운전자사고,2.0221E+15,2022년 10월 18일 15시,화요일,부산광역시 해운대구 석대동,중상사고,0,4,3,1,차대차 - 추돌,기타,건조,맑음,단일로 - 기타,승용,남,71세,부상신고,승용,여,67세,중상
노인운전자사고,2022101800100361,2022년 10월 18일 15시,화요일,부산광역시 부산진구 개금동,경상사고,0,0,3,0,차대차 - 기타,안전거리미확보,건조,맑음,기타 - 기타,승용,남,74세,상해없음,승용,남,29세,상해없음
노인운전자사고,2022101800100411,2022년 10월 18일 16시,화요일,부산광역시 강서구 대저2동,경상사고,0,0,2,0,차대차 - 측면충돌,안전운전불이행,건조,맑음,단일로 - 기타,승용,남,65세,상해없음,승용,남,33세,경상
노인운전자사고,2022101800100602,2022년 10월 18일 20시,화요일,부산광역시 동래구 온천동,경상사고,0,0,1,0,차대사람 - 횡단중,안전운전불이행,건조,맑음,단일로 - 기타,승용,남,76세,상해없음,보행자,남,77세,경상
노인운전자사고,2.0221E+15,2022년 10월 19일 01시,수요일,부산광역시 부산진구 양정동,중상사고,0,1,0,0,차대사람 - 횡단중,보행자보호의무위반,건조,맑음,단일로 - 기타,승용,남,66세,상해없음,보행자,남,55세,중상
노인운전자사고,2022101900100139,2022년 10월 19일 09시,수요일,부산광역시 해운대구 송정동,경상사고,0,0,2,0,차대차 - 기타,안전운전불이행,건조,맑음,단일로 - 기타,건설기계,남,70세,상해없음,승용,여,64세,경상
노인운전자사고,2022101900100209,2022년 10월 19일 11시,수요일,부산광역시 해운대구 반여동,경상사고,0,0,1,0,차대차 - 측면충돌,교차로운행방법위반,건조,맑음,교차로 - 교차로안,승용,남,71세,상해없음,승용,남,54세,경상
노인운전자사고,2022101900100243,2022년 10월 19일 12시,수요일,부산광역시 사하구 신평동,중상사고,0,1,0,0,차대차 - 기타,안전운전불이행,건조,맑음,교차로 - 교차로부근,승용,남,68세,상해없음,이륜,남,52세,중상
노인운전자사고,2022101900100318,2022년 10월 19일 14시,수요일,부산광역시 해운대구 석대동,중상사고,0,1,1,0,차대차 - 추돌,안전운전불이행,건조,맑음,단일로 - 기타,건설기계,남,65세,상해없음,승용,여,38세,경상
노인운전자사고,2022101900100433,2022년 10월 19일 17시,수요일,부산광역시 동래구 온천동,경상사고,0,0,1,0,차대사람 - 횡단중,보행자보호의무위반,건조,맑음,교차로 - 교차로안,승용,여,67세,상해없음,보행자,여,70세,경상
노인운전자사고,2022101900100434,2022년 10월 19일 17시,수요일,부산광역시 영도구 동삼동,중상사고,0,1,0,0,차대사람 - 차도통행중,안전운전불이행,건조,맑음,교차로 - 교차로안,승용,여,70세,상해없음,보행자,여,67세,중상
노인운전자사고,2022101900100435,2022년 10월 19일 17시,수요일,부산광역시 해운대구 재송동,경상사고,0,0,1,0,차대사람 - 기타,안전운전불이행,건조,맑음,단일로 - 기타,승용,남,66세,상해없음,보행자,여,48세,경상
노인운전자사고,2022101900100475,2022년 10월 19일 18시,수요일,부산광역시 동구 좌천동,경상사고,0,0,2,0,차대차 - 측면충돌,신호위반,건조,맑음,단일로 - 기타,승용,여,73세,상해없음,승용,여,49세,경상
노인운전자사고,2022101900100476,2022년 10월 19일 18시,수요일,부산광역시 남구 용호동,경상사고,0,0,1,0,차대차 - 기타,안전운전불이행,건조,맑음,교차로 - 교차로부근,승용,여,73세,상해없음,승용,여,43세,경상
노인운전자사고,2022101900100651,2022년 10월 19일 23시,수요일,부산광역시 서구 서대신동1가,경상사고,0,0,2,0,차대차 - 기타,안전거리미확보,건조,맑음,교차로 - 교차로부근,승용,여,67세,상해없음,승용,남,24세,경상
노인운전자사고,2022102000100056,2022년 10월 20일 07시,목요일,부산광역시 수영구 광안동,경상사고,0,0,1,0,차대차 - 측면충돌,안전운전불이행,건조,맑음,단일로 - 기타,승용,남,74세,상해없음,승용,남,28세,경상
노인운전자사고,2022102000100087,2022년 10월 20일 08시,목요일,부산광역시 사하구 괴정동,경상사고,0,0,3,0,차대차 - 측면충돌,안전운전불이행,건조,맑음,교차로 - 교차로부근,승용,남,78세,상해없음,승용,남,46세,경상
노인운전자사고,2022102000100142,2022년 10월 20일 09시,목요일,부산광역시 동래구 사직동,경상사고,0,0,1,0,차대차 - 측면충돌,안전운전불이행,건조,맑음,교차로 - 교차로부근,화물,남,83세,상해없음,승용,여,40세,경상
노인운전자사고,2022102000100145,2022년 10월 20일 09시,목요일,부산광역시 강서구 강동동,경상사고,0,0,1,0,차대차 - 기타,안전운전불이행,건조,맑음,교차로 - 교차로안,화물,남,65세,상해없음,건설기계,남,59세,경상
노인운전자사고,2022102000100183,2022년 10월 20일 10시,목요일,부산광역시 영도구 동삼동,중상사고,0,1,1,0,차대차 - 추돌,신호위반,건조,맑음,단일로 - 지하차도(도로)내,승용,여,68세,경상,화물,남,25세,기타불명
노인운전자사고,2022102000100213,2022년 10월 20일 11시,목요일,부산광역시 사상구 주례동,중상사고,0,1,0,0,차대사람 - 횡단중,신호위반,건조,맑음,교차로 - 교차로부근,화물,남,78세,상해없음,보행자,남,71세,중상
노인운전자사고,2022102000100369,2022년 10월 20일 15시,목요일,부산광역시 동래구 온천동,경상사고,0,0,2,1,차대차 - 측면충돌,교차로운행방법위반,건조,맑음,교차로 - 교차로부근,승합,남,70세,상해없음,승용,남,45세,경상
노인운전자사고,2022102000100564,2022년 10월 20일 19시,목요일,부산광역시 사하구 당리동,중상사고,0,1,0,0,차대사람 - 횡단중,보행자보호의무위반,건조,맑음,교차로 - 교차로횡단보도내,승용,남,70세,상해없음,보행자,여,61세,중상
노인운전자사고,2022102000100565,2022년 10월 20일 19시,목요일,부산광역시 사하구 신평동,중상사고,0,1,0,0,차대차 - 기타,안전운전불이행,건조,맑음,교차로 - 교차로부근,승용,남,66세,기타불명,이륜,남,62세,중상
노인운전자사고,2022102000100566,2022년 10월 20일 19시,목요일,부산광역시 강서구 명지동,중상사고,0,1,0,0,차대차 - 기타,안전운전불이행,건조,맑음,단일로 - 기타,승용,남,80세,상해없음,자전거,여,41세,중상
노인운전자사고,2022102100100048,2022년 10월 21일 06시,금요일,부산광역시 부산진구 부전동,경상사고,0,0,2,0,차대차 - 측면충돌,신호위반,건조,맑음,교차로 - 교차로안,승용,남,67세,상해없음,승합,남,60세,경상
노인운전자사고,2022102100100049,2022년 10월 21일 06시,금요일,부산광역시 사하구 신평동,경상사고,0,0,1,0,차대차 - 기타,안전거리미확보,건조,맑음,단일로 - 기타,승용,남,79세,상해없음,승용,남,32세,경상
노인운전자사고,2022102100100151,2022년 10월 21일 09시,금요일,부산광역시 부산진구 부전동,경상사고,0,0,1,0,차대차 - 기타,안전운전불이행,건조,맑음,교차로 - 교차로부근,승용,여,72세,상해없음,화물,남,30세,경상
노인운전자사고,2022102100100296,2022년 10월 21일 14시,금요일,부산광역시 동래구 온천동,경상사고,0,0,2,0,차대차 - 기타,신호위반,건조,맑음,교차로 - 교차로안,승용,남,72세,상해없음,승용,여,29세,경상
노인운전자사고,2022102100100394,2022년 10월 21일 17시,금요일,부산광역시 동래구 안락동,경상사고,0,0,1,0,차대차 - 기타,안전운전불이행,건조,맑음,단일로 - 기타,이륜,남,68세,상해없음,이륜,남,18세,경상
노인운전자사고,2022102100100396,2022년 10월 21일 17시,금요일,부산광역시 해운대구 좌동,중상사고,0,1,0,0,차대차 - 측면충돌,교차로운행방법위반,건조,맑음,교차로 - 교차로부근,승용,남,74세,상해없음,자전거,여,28세,중상
노인운전자사고,2.0221E+15,2022년 10월 21일 19시,금요일,부산광역시 사하구 괴정동,경상사고,0,0,2,0,차대차 - 측면충돌,교차로운행방법위반,건조,맑음,교차로 - 교차로안,화물,남,72세,상해없음,자전거,남,28세,경상
노인운전자사고,2022102200100062,2022년 10월 22일 05시,토요일,부산광역시 사상구 감전동,중상사고,0,2,2,0,차대차 - 기타,신호위반,건조,맑음,교차로 - 교차로안,승합,남,74세,상해없음,승용,남,22세,중상
노인운전자사고,2.0221E+15,2022년 10월 22일 09시,토요일,부산광역시 사하구 하단동,경상사고,0,0,1,0,차대차 - 측면충돌,안전운전불이행,건조,맑음,단일로 - 기타,승용,남,81세,상해없음,자전거,남,71세,경상