사고부문,사고번호,사고일시,요일,시군구,사고내용,사망자수,중상자수,경상자수,부상신고자수,사고유형,법규위반,노면상태,기상상태,도로형태,가해운전자 차종,가해운전자 성별,가해운전자 연령,가해운전자 상해정도,피해운전자 차종,피해운전자 성별,피해운전자 연령,피해운전자 상해정도
노인운전자사고,2022102200100272,2022년 10월 22일 13시,토요일,부산광역시 사하구 하단동,부상신고사고,0,0,0,1,차대차 - 정면충돌,중앙선침범,건조,맑음,교차로 - 교차로부근,자전거,남,85세,부상신고,이륜,남,19세,상해없음
노인운전자사고,2022102200100313,2022년 10월 22일 14시,토요일,부산광역시 부산진구 가야동,경상사고,0,0,1,0,차대차 - 기타,안전거리미확보,건조,맑음,단일로 - 기타,승용,여,70세,상해없음,원동기,남,26세,경상
노인운전자사고,2022102300100084,2022년 10월 23일 09시,일요일,부산광역시 서구 서대신동1가,중상사고,0,1,0,0,차대사람 - 횡단중,안전운전불이행,건조,맑음,단일로 - 기타,승용,여,68세,상해없음,보행자,여,8세,중상
노인운전자사고,2022102300100102,2022년 10월 23일 10시,일요일,부산광역시 남구 감만동,경상사고,0,0,1,0,차대차 - 측면충돌,안전운전불이행,건조,맑음,단일로 - 기타,승용,남,68세,상해없음,이륜,여,24세,경상
노인운전자사고,2022102300100103,2022년 10월 23일 10시,일요일,부산광역시 남구 대연동,경상사고,0,0,1,0,차대차 - 추돌,안전거리미확보,건조,맑음,단일로 - 고가도로위,승용,남,66세,기타불명,승용,여,49세,경상
노인운전자사고,2.0221E+15,2022년 10월 23일 14시,일요일,부산광역시 동구 수정동,중상사고,0,1,0,0,차대차 - 기타,안전운전불이행,건조,맑음,단일로 - 기타,화물,남,74세,상해없음,자전거,남,74세,중상
노인운전자사고,2022102300100241,2022년 10월 23일 15시,일요일,부산광역시 북구 화명동,경상사고,0,0,5,0,차대차 - 측면충돌,신호위반,건조,맑음,교차로 - 교차로안,승용,여,66세,상해없음,승용,남,62세,경상
노인운전자사고,2.0221E+15,2022년 10월 23일 21시,일요일,부산광역시 북구 만덕동,경상사고,0,0,1,0,차대차 - 기타,안전운전불이행,건조,맑음,단일로 - 기타,승용,남,67세,상해없음,승합,남,63세,경상
노인운전자사고,2022102300100411,2022년 10월 23일 21시,일요일,부산광역시 부산진구 범천동,경상사고,0,0,2,0,차대차 - 추돌,안전운전불이행,건조,맑음,단일로 - 기타,승용,남,65세,상해없음,승용,여,44세,경상
노인운전자사고,2022102400100053,2022년 10월 24일 07시,월요일,부산광역시 부산진구 연지동,중상사고,0,1,0,0,차대사람 - 길가장자리구역통행중,안전운전불이행,건조,맑음,단일로 - 기타,승용,남,75세,상해없음,보행자,남,71세,중상
노인운전자사고,2022102400100101,2022년 10월 24일 08시,월요일,부산광역시 부산진구 당감동,경상사고,0,0,2,0,차대차 - 기타,안전거리미확보,건조,맑음,단일로 - 기타,화물,남,67세,상해없음,승용,여,57세,경상
노인운전자사고,2022102400100242,2022년 10월 24일 11시,월요일,부산광역시 수영구 광안동,중상사고,0,1,0,0,차대사람 - 기타,안전운전불이행,건조,맑음,단일로 - 기타,승용,남,74세,상해없음,보행자,여,54세,중상
노인운전자사고,2022102400100243,2022년 10월 24일 11시,월요일,부산광역시 사하구 구평동,부상신고사고,0,0,0,1,차량단독 - 기타,안전운전불이행,건조,맑음,기타 - 기타,승용,남,69세,부상신고,,,,
노인운전자사고,2022102400100275,2022년 10월 24일 12시,월요일,부산광역시 서구 서대신동2가,경상사고,0,0,1,0,차대차 - 기타,기타,건조,맑음,단일로 - 지하차도(도로)내,승용,남,69세,상해없음,이륜,남,34세,경상
노인운전자사고,2022102400100349,2022년 10월 24일 14시,월요일,부산광역시 서구 동대신동3가,경상사고,0,0,1,0,차대사람 - 차도통행중,안전운전불이행,건조,맑음,단일로 - 지하차도(도로)내,승용,여,75세,상해없음,보행자,여,55세,경상
노인운전자사고,2.0221E+15,2022년 10월 24일 14시,월요일,부산광역시 부산진구 양정동,중상사고,0,1,0,0,차대차 - 기타,안전운전불이행,건조,맑음,교차로 - 교차로안,승용,남,69세,상해없음,승합,남,63세,상해없음
노인운전자사고,2022102400100502,2022년 10월 24일 18시,월요일,부산광역시 강서구 강동동,경상사고,0,0,1,0,차대차 - 추돌,안전운전불이행,건조,맑음,단일로 - 기타,승용,남,65세,상해없음,승용,남,35세,경상
노인운전자사고,2022102400100565,2022년 10월 24일 19시,월요일,부산광역시 수영구 남천동,부상신고사고,0,0,0,1,차대차 - 기타,차로위반,건조,맑음,단일로 - 교량,승용,여,66세,상해없음,승용,남,46세,부상신고
노인운전자사고,2022102500100083,2022년 10월 25일 08시,화요일,부산광역시 남구 대연동,경상사고,0,0,1,0,차대차 - 기타,안전운전불이행,건조,맑음,교차로 - 교차로안,승용,여,67세,상해없음,이륜,남,29세,경상
노인운전자사고,2022102500100084,2022년 10월 25일 08시,화요일,부산광역시 수영구 광안동,경상사고,0,0,1,0,차대차 - 기타,안전운전불이행,건조,맑음,교차로 - 교차로안,화물,남,75세,상해없음,승용,여,49세,경상
노인운전자사고,2022102500100136,2022년 10월 25일 09시,화요일,부산광역시 부산진구 부전동,경상사고,0,0,1,0,차대차 - 정면충돌,신호위반,건조,맑음,교차로 - 교차로안,이륜,남,71세,상해없음,승용,여,36세,경상
노인운전자사고,2022102500100137,2022년 10월 25일 09시,화요일,부산광역시 강서구 대저1동,경상사고,0,0,1,0,차대차 - 기타,중앙선침범,건조,맑음,교차로 - 교차로부근,자전거,남,83세,경상,화물,남,52세,상해없음
노인운전자사고,2022102500100196,2022년 10월 25일 11시,화요일,부산광역시 수영구 광안동,중상사고,0,1,1,0,차대차 - 추돌,안전운전불이행,건조,맑음,교차로 - 교차로부근,승용,남,81세,상해없음,승용,남,45세,경상
노인운전자사고,2022102500100198,2022년 10월 25일 11시,화요일,부산광역시 연제구 연산동,경상사고,0,0,1,0,차대차 - 기타,교차로운행방법위반,건조,맑음,교차로 - 교차로안,승용,여,71세,상해없음,원동기,남,59세,경상
노인운전자사고,2022102500100262,2022년 10월 25일 13시,화요일,부산광역시 부산진구 양정동,경상사고,0,0,2,0,차대차 - 기타,안전거리미확보,건조,맑음,단일로 - 기타,승용,남,78세,상해없음,승용,여,67세,경상
노인운전자사고,2022102500100263,2022년 10월 25일 13시,화요일,부산광역시 수영구 망미동,경상사고,0,0,1,0,차대차 - 기타,안전운전불이행,건조,맑음,단일로 - 기타,승합,남,67세,상해없음,승용,여,31세,경상
노인운전자사고,2022102500100327,2022년 10월 25일 15시,화요일,부산광역시 동래구 안락동,경상사고,0,0,1,0,차대차 - 추돌,안전거리미확보,건조,맑음,단일로 - 기타,승용,남,73세,상해없음,이륜,남,41세,경상
노인운전자사고,2022102500100436,2022년 10월 25일 17시,화요일,부산광역시 사하구 괴정동,경상사고,0,0,4,0,차대차 - 측면충돌,안전거리미확보,건조,맑음,단일로 - 기타,승합,남,67세,상해없음,승용,남,24세,경상
노인운전자사고,2022102500100489,2022년 10월 25일 18시,화요일,부산광역시 강서구 대저2동,경상사고,0,0,1,0,차대차 - 기타,안전운전불이행,건조,맑음,단일로 - 기타,화물,남,67세,상해없음,승용,남,32세,경상
노인운전자사고,2022102500100555,2022년 10월 25일 19시,화요일,부산광역시 부산진구 전포동,중상사고,0,1,0,0,차대차 - 기타,기타,건조,맑음,단일로 - 기타,승용,남,72세,상해없음,이륜,여,27세,중상
노인운전자사고,2022102500100556,2022년 10월 25일 19시,화요일,부산광역시 사하구 괴정동,경상사고,0,0,1,0,차대사람 - 기타,안전운전불이행,건조,맑음,단일로 - 기타,승용,남,67세,상해없음,보행자,여,35세,경상
노인운전자사고,2022102600100069,2022년 10월 26일 07시,수요일,부산광역시 사하구 구평동,경상사고,0,0,1,0,차대차 - 기타,안전거리미확보,건조,맑음,단일로 - 기타,승용,남,65세,상해없음,이륜,남,31세,경상
노인운전자사고,2022102600100144,2022년 10월 26일 09시,수요일,부산광역시 사상구 괘법동,경상사고,0,0,1,0,차대차 - 측면충돌,안전운전불이행,건조,맑음,단일로 - 기타,승용,남,73세,상해없음,승용,남,62세,상해없음
노인운전자사고,2022102600100229,2022년 10월 26일 12시,수요일,부산광역시 금정구 부곡동,중상사고,0,1,1,0,차대차 - 기타,기타,건조,맑음,교차로 - 교차로안,화물,남,78세,중상,승용,남,58세,경상
노인운전자사고,2022102600100259,2022년 10월 26일 13시,수요일,부산광역시 중구 중앙동2가,경상사고,0,0,2,0,차대사람 - 보도통행중,기타,건조,맑음,단일로 - 기타,이륜,남,74세,상해없음,보행자,남,51세,경상
노인운전자사고,2.0221E+15,2022년 10월 26일 14시,수요일,부산광역시 동래구 온천동,경상사고,0,0,2,0,차대차 - 측면충돌,안전거리미확보,건조,맑음,교차로 - 교차로부근,건설기계,남,65세,상해없음,승용,남,71세,경상
노인운전자사고,2022102600100291,2022년 10월 26일 14시,수요일,부산광역시 사하구 신평동,중상사고,0,1,0,0,차대차 - 추돌,안전운전불이행,건조,맑음,단일로 - 기타,승용,남,71세,상해없음,승합,남,58세,상해없음
노인운전자사고,2022102600100396,2022년 10월 26일 17시,수요일,부산광역시 부산진구 부암동,경상사고,0,0,1,0,차량단독 - 기타,안전운전불이행,건조,맑음,단일로 - 기타,승용,남,68세,상해없음,,,,
노인운전자사고,2022102600100502,2022년 10월 26일 19시,수요일,부산광역시 수영구 광안동,경상사고,0,0,1,0,차대사람 - 기타,안전운전불이행,건조,맑음,단일로 - 기타,승용,남,65세,상해없음,보행자,여,63세,경상
노인운전자사고,2022102600100625,2022년 10월 26일 23시,수요일,부산광역시 부산진구 개금동,경상사고,0,0,1,0,차량단독 - 기타,안전운전불이행,건조,맑음,단일로 - 기타,승용,남,67세,상해없음,,,,
노인운전자사고,2022102700100032,2022년 10월 27일 05시,목요일,부산광역시 동래구 온천동,경상사고,0,0,1,0,차대차 - 추돌,안전운전불이행,건조,맑음,단일로 - 기타,승용,여,65세,상해없음,승용,여,48세,경상
노인운전자사고,2022102700100063,2022년 10월 27일 07시,목요일,부산광역시 해운대구 반송동,중상사고,0,1,0,0,차대사람 - 차도통행중,기타,건조,맑음,기타 - 기타,화물,남,67세,상해없음,보행자,남,71세,중상
노인운전자사고,2022102700100104,2022년 10월 27일 08시,목요일,부산광역시 부산진구 양정동,경상사고,0,0,2,0,차대차 - 측면충돌,신호위반,건조,맑음,교차로 - 교차로안,승용,남,76세,기타불명,승용,여,30세,경상
노인운전자사고,2022102700100189,2022년 10월 27일 10시,목요일,부산광역시 동구 좌천동,경상사고,0,0,1,0,차대차 - 측면충돌,기타,건조,맑음,단일로 - 기타,승용,남,72세,상해없음,자전거,남,78세,경상
노인운전자사고,2.0221E+15,2022년 10월 27일 10시,목요일,부산광역시 부산진구 개금동,중상사고,0,1,0,0,차대사람 - 기타,신호위반,건조,맑음,교차로 - 교차로안,승용,남,69세,상해없음,보행자,여,74세,중상
노인운전자사고,2.0221E+15,2022년 10월 27일 11시,목요일,부산광역시 남구 문현동,경상사고,0,0,1,0,차대차 - 기타,안전운전불이행,건조,맑음,단일로 - 지하차도(도로)내,화물,남,76세,상해없음,승용,여,49세,경상
노인운전자사고,2022102700100442,2022년 10월 27일 17시,목요일,부산광역시 남구 용호동,부상신고사고,0,0,0,1,차량단독 - 공작물충돌,안전운전불이행,건조,맑음,교차로 - 교차로부근,이륜,남,80세,부상신고,,,,
노인운전자사고,2022102700100443,2022년 10월 27일 17시,목요일,부산광역시 동래구 사직동,경상사고,0,0,1,0,차대차 - 측면충돌,교차로운행방법위반,건조,맑음,단일로 - 기타,승용,남,72세,상해없음,화물,남,66세,경상
노인운전자사고,2022102700100444,2022년 10월 27일 17시,목요일,부산광역시 부산진구 양정동,경상사고,0,0,1,0,차대차 - 기타,신호위반,건조,맑음,교차로 - 교차로안,승용,남,65세,상해없음,이륜,남,25세,경상
노인운전자사고,2022102700100447,2022년 10월 27일 17시,목요일,부산광역시 금정구 남산동,경상사고,0,0,1,0,차대사람 - 횡단중,보행자보호의무위반,건조,맑음,교차로 - 교차로안,승용,여,71세,상해없음,보행자,남,12세,경상
노인운전자사고,2022102700100651,2022년 10월 27일 22시,목요일,부산광역시 해운대구 우동,중상사고,0,1,0,0,차대사람 - 횡단중,안전운전불이행,건조,맑음,단일로 - 기타,승합,남,69세,상해없음,보행자,여,70세,중상
노인운전자사고,2022102800100042,2022년 10월 28일 06시,금요일,부산광역시 남구 대연동,중상사고,0,1,0,0,차대사람 - 횡단중,신호위반,건조,맑음,교차로 - 교차로부근,승용,남,68세,상해없음,보행자,여,28세,중상
노인운전자사고,2022102800100043,2022년 10월 28일 06시,금요일,부산광역시 강서구 지사동,중상사고,0,1,0,0,차대사람 - 횡단중,보행자보호의무위반,건조,맑음,교차로 - 교차로부근,승용,남,66세,상해없음,보행자,남,69세,중상
노인운전자사고,2022102800100099,2022년 10월 28일 08시,금요일,부산광역시 해운대구 우동,경상사고,0,0,1,0,차대사람 - 횡단중,보행자보호의무위반,건조,맑음,교차로 - 교차로안,승용,남,75세,기타불명,보행자,남,9세,경상
노인운전자사고,2022102800100102,2022년 10월 28일 08시,금요일,부산광역시 부산진구 당감동,중상사고,0,1,0,0,차대사람 - 횡단중,보행자보호의무위반,건조,맑음,교차로 - 교차로횡단보도내,화물,남,71세,상해없음,보행자,여,71세,중상
노인운전자사고,2022102800100183,2022년 10월 28일 10시,금요일,부산광역시 중구 중앙동4가,경상사고,0,0,1,0,차대차 - 측면충돌,차로위반,건조,맑음,교차로 - 교차로안,승용,남,66세,상해없음,이륜,남,47세,경상
노인운전자사고,2022102800100259,2022년 10월 28일 12시,금요일,부산광역시 기장군 철마면,사망사고,1,0,0,0,차대사람 - 기타,안전운전불이행,건조,맑음,기타 - 기타,화물,남,69세,상해없음,보행자,여,80세,사망
노인운전자사고,2022102800100294,2022년 10월 28일 13시,금요일,부산광역시 남구 용호동,중상사고,0,1,0,0,차대차 - 기타,안전운전불이행,건조,맑음,단일로 - 기타,승용,여,65세,상해없음,이륜,남,59세,중상
노인운전자사고,2022102800100296,2022년 10월 28일 13시,금요일,부산광역시 해운대구 우동,중상사고,0,1,0,0,차대사람 - 횡단중,보행자보호의무위반,건조,맑음,단일로 - 기타,이륜,남,82세,상해없음,보행자,남,78세,중상
노인운전자사고,2022102800100297,2022년 10월 28일 13시,금요일,부산광역시 부산진구 범천동,경상사고,0,0,2,0,차대차 - 측면충돌,안전운전불이행,건조,맑음,단일로 - 기타,승용,남,73세,상해없음,승용,남,32세,경상
노인운전자사고,2022102800100431,2022년 10월 28일 16시,금요일,부산광역시 남구 대연동,경상사고,0,0,1,0,차대차 - 측면충돌,안전운전불이행,건조,맑음,교차로 - 교차로안,건설기계,남,65세,기타불명,승용,여,60세,경상
노인운전자사고,2022102800100533,2022년 10월 28일 18시,금요일,부산광역시 사하구 감천동,부상신고사고,0,0,0,1,차대차 - 측면충돌,안전거리미확보,건조,맑음,단일로 - 기타,화물,남,67세,상해없음,승용,남,37세,부상신고
노인운전자사고,2022102800100622,2022년 10월 28일 19시,금요일,부산광역시 기장군 정관읍,중상사고,0,1,0,0,차대차 - 기타,중앙선침범,건조,맑음,교차로 - 교차로부근,원동기,남,70세,상해없음,원동기,남,49세,중상
노인운전자사고,2022102800100706,2022년 10월 28일 21시,금요일,부산광역시 동구 좌천동,중상사고,0,1,0,0,차대차 - 기타,기타,젖음/습기,흐림,교차로 - 교차로안,승용,남,70세,상해없음,이륜,남,64세,중상
노인운전자사고,2022102900100041,2022년 10월 29일 04시,토요일,부산광역시 부산진구 부전동,경상사고,0,0,2,0,차대차 - 기타,안전거리미확보,건조,맑음,단일로 - 기타,승용,남,65세,상해없음,승용,여,57세,상해없음
노인운전자사고,2022102900100078,2022년 10월 29일 08시,토요일,부산광역시 부산진구 가야동,경상사고,0,0,1,0,차대사람 - 기타,안전운전불이행,건조,맑음,단일로 - 기타,승용,여,78세,상해없음,보행자,여,65세,경상
노인운전자사고,2022102900100412,2022년 10월 29일 17시,토요일,부산광역시 북구 화명동,경상사고,0,0,1,0,차대사람 - 기타,안전운전불이행,건조,맑음,단일로 - 기타,승용,남,67세,상해없음,보행자,남,49세,경상
노인운전자사고,2022102900100497,2022년 10월 29일 19시,토요일,부산광역시 남구 대연동,경상사고,0,0,1,0,차대차 - 측면충돌,안전운전불이행,건조,맑음,교차로 - 교차로부근,승용,남,79세,상해없음,이륜,남,39세,경상
노인운전자사고,2022102900100536,2022년 10월 29일 20시,토요일,부산광역시 동구 범일동,경상사고,0,0,5,0,차대차 - 측면충돌,안전거리미확보,건조,맑음,교차로 - 교차로부근,승합,남,70세,상해없음,승용,남,33세,경상
노인운전자사고,2022102900100539,2022년 10월 29일 20시,토요일,부산광역시 부산진구 전포동,경상사고,0,0,1,0,차대차 - 측면충돌,신호위반,건조,맑음,교차로 - 교차로부근,승용,남,73세,상해없음,승용,남,26세,경상
노인운전자사고,2022102900100613,2022년 10월 29일 22시,토요일,부산광역시 남구 대연동,경상사고,0,0,1,0,차대차 - 기타,안전거리미확보,건조,맑음,단일로 - 기타,승용,남,69세,상해없음,승합,남,67세,상해없음
노인운전자사고,2022102900100643,2022년 10월 29일 23시,토요일,부산광역시 사하구 당리동,중상사고,0,1,0,0,차대사람 - 기타,안전운전불이행,건조,맑음,단일로 - 기타,승용,남,66세,상해없음,보행자,남,48세,중상
노인운전자사고,2022103000100125,2022년 10월 30일 10시,일요일,부산광역시 동래구 복천동,중상사고,0,1,0,0,차대사람 - 기타,안전운전불이행,건조,맑음,단일로 - 기타,승용,남,73세,상해없음,보행자,여,80세,중상
노인운전자사고,2022103000100215,2022년 10월 30일 13시,일요일,부산광역시 사하구 하단동,경상사고,0,0,1,0,차대차 - 측면충돌,신호위반,건조,맑음,교차로 - 교차로안,승용,남,68세,상해없음,이륜,남,27세,경상
노인운전자사고,2022103000100216,2022년 10월 30일 13시,일요일,부산광역시 수영구 수영동,경상사고,0,0,1,0,차대차 - 추돌,교차로운행방법위반,건조,맑음,교차로 - 교차로안,승용,남,72세,상해없음,승용,남,33세,상해없음
노인운전자사고,2022103000100246,2022년 10월 30일 14시,일요일,부산광역시 부산진구 전포동,경상사고,0,0,1,0,차대차 - 기타,안전운전불이행,건조,맑음,교차로 - 교차로안,이륜,남,65세,상해없음,이륜,남,35세,경상
노인운전자사고,2022103100100122,2022년 10월 31일 09시,월요일,부산광역시 사하구 구평동,경상사고,0,0,2,0,차대차 - 기타,안전거리미확보,건조,맑음,단일로 - 기타,화물,남,69세,경상,승용,여,63세,경상
노인운전자사고,2022103100100123,2022년 10월 31일 09시,월요일,부산광역시 강서구 대저1동,중상사고,0,1,0,0,차대차 - 측면충돌,기타,건조,맑음,단일로 - 기타,화물,남,74세,상해없음,승용,남,38세,중상
노인운전자사고,2022103100100187,2022년 10월 31일 11시,월요일,부산광역시 부산진구 연지동,경상사고,0,0,2,0,차대차 - 후진중충돌,안전운전불이행,건조,맑음,단일로 - 기타,화물,남,66세,경상,승용,여,63세,경상
노인운전자사고,2022103100100225,2022년 10월 31일 12시,월요일,부산광역시 동래구 명륜동,경상사고,0,0,1,0,차대사람 - 보도통행중,보행자보호의무위반,건조,맑음,교차로 - 교차로횡단보도내,승용,여,69세,상해없음,보행자,남,63세,경상
노인운전자사고,2022103100100295,2022년 10월 31일 14시,월요일,부산광역시 연제구 연산동,중상사고,0,1,0,0,차대차 - 추돌,안전운전불이행,건조,맑음,단일로 - 기타,자전거,남,68세,중상,승합,남,64세,상해없음
노인운전자사고,2022103100100331,2022년 10월 31일 15시,월요일,부산광역시 남구 대연동,경상사고,0,0,1,0,차대차 - 기타,안전운전불이행,건조,맑음,단일로 - 지하차도(도로)내,승합,남,66세,상해없음,승용,남,56세,경상
노인운전자사고,2022103100100332,2022년 10월 31일 15시,월요일,부산광역시 동래구 온천동,중상사고,0,1,0,0,차대사람 - 횡단중,보행자보호의무위반,건조,맑음,교차로 - 교차로횡단보도내,승용,남,82세,상해없음,보행자,여,75세,중상
노인운전자사고,2022103100100454,2022년 10월 31일 18시,월요일,부산광역시 해운대구 재송동,경상사고,0,0,2,0,차대차 - 측면충돌,신호위반,건조,맑음,교차로 - 교차로부근,승용,남,69세,상해없음,승용,여,36세,경상
노인운전자사고,2022103100100514,2022년 10월 31일 19시,월요일,부산광역시 수영구 수영동,경상사고,0,0,1,0,차대차 - 측면충돌,안전운전불이행,건조,맑음,교차로 - 교차로안,승용,남,69세,상해없음,승용,남,40세,경상
노인운전자사고,2022110100100033,2022년 11월 1일 04시,화요일,부산광역시 사하구 당리동,중상사고,0,1,0,0,차대사람 - 횡단중,신호위반,건조,맑음,단일로 - 기타,승용,남,69세,상해없음,보행자,여,66세,중상
노인운전자사고,2022110100100081,2022년 11월 1일 08시,화요일,부산광역시 금정구 부곡동,경상사고,0,0,1,1,차대차 - 측면충돌,신호위반,건조,맑음,교차로 - 교차로안,이륜,남,79세,상해없음,화물,남,53세,경상
노인운전자사고,2022110100100083,2022년 11월 1일 08시,화요일,부산광역시 사하구 장림동,경상사고,0,0,1,0,차대차 - 후진중충돌,안전운전불이행,건조,맑음,단일로 - 기타,승용,여,75세,상해없음,승용,남,39세,경상
노인운전자사고,2.02211E+15,2022년 11월 1일 12시,화요일,부산광역시 중구 대청동4가,중상사고,0,1,1,0,차대차 - 정면충돌,안전운전불이행,건조,맑음,교차로 - 교차로부근,이륜,남,69세,상해없음,이륜,남,69세,중상
노인운전자사고,2022110100100212,2022년 11월 1일 12시,화요일,부산광역시 해운대구 우동,중상사고,0,1,0,0,차대차 - 측면충돌,신호위반,건조,맑음,교차로 - 교차로안,화물,남,71세,상해없음,이륜,남,68세,중상
노인운전자사고,2.02211E+15,2022년 11월 1일 14시,화요일,부산광역시 서구 서대신동3가,사망사고,1,0,0,0,차대차 - 추돌,안전운전불이행,건조,맑음,단일로 - 터널,이륜,남,78세,사망,승용,남,51세,상해없음
노인운전자사고,2022110100100281,2022년 11월 1일 14시,화요일,부산광역시 연제구 연산동,경상사고,0,0,1,0,차대차 - 기타,안전운전불이행,건조,맑음,기타 - 기타,이륜,남,70세,상해없음,자전거,여,55세,경상
노인운전자사고,2.02211E+15,2022년 11월 1일 17시,화요일,부산광역시 남구 대연동,경상사고,0,0,2,0,차대차 - 기타,안전거리미확보,건조,맑음,단일로 - 기타,승용,남,65세,경상,이륜,남,59세,경상
노인운전자사고,2.02211E+15,2022년 11월 2일 08시,수요일,부산광역시 사하구 장림동,경상사고,0,0,2,0,차대차 - 기타,안전운전불이행,건조,맑음,교차로 - 교차로부근,승용,남,72세,상해없음,승용,여,38세,경상
노인운전자사고,2022110200100178,2022년 11월 2일 10시,수요일,부산광역시 사상구 모라동,중상사고,0,1,0,0,차대차 - 기타,안전운전불이행,건조,맑음,단일로 - 터널,이륜,남,70세,중상,화물,남,58세,상해없음
노인운전자사고,2022110200100203,2022년 11월 2일 11시,수요일,부산광역시 남구 용호동,경상사고,0,0,1,0,차대차 - 기타,안전운전불이행,건조,맑음,단일로 - 기타,승용,남,66세,상해없음,승용,여,63세,경상
노인운전자사고,2022110200100256,2022년 11월 2일 13시,수요일,부산광역시 해운대구 반여동,중상사고,0,1,0,0,차대차 - 기타,안전운전불이행,건조,맑음,단일로 - 기타,승용,여,76세,상해없음,이륜,남,29세,중상
노인운전자사고,2022110200100411,2022년 11월 2일 17시,수요일,부산광역시 수영구 남천동,경상사고,0,0,1,0,차대차 - 기타,안전거리미확보,건조,맑음,단일로 - 기타,승용,남,69세,상해없음,이륜,남,23세,경상
노인운전자사고,2022110300100149,2022년 11월 3일 10시,목요일,부산광역시 서구 동대신동3가,경상사고,0,0,1,0,차대사람 - 기타,안전운전불이행,건조,맑음,단일로 - 기타,승용,남,68세,상해없음,보행자,남,33세,경상
노인운전자사고,2022110300100376,2022년 11월 3일 17시,목요일,부산광역시 북구 구포동,경상사고,0,0,1,1,차대차 - 기타,안전운전불이행,건조,맑음,단일로 - 기타,승용,남,78세,기타불명,승용,남,43세,경상
노인운전자사고,2022110300100378,2022년 11월 3일 17시,목요일,부산광역시 사하구 장림동,경상사고,0,0,1,0,차대차 - 기타,안전운전불이행,건조,맑음,교차로 - 교차로부근,특수,남,68세,상해없음,승용,남,31세,경상
노인운전자사고,2.02211E+15,2022년 11월 3일 17시,목요일,부산광역시 기장군 일광읍,경상사고,0,0,4,0,차대차 - 측면충돌,신호위반,건조,맑음,단일로 - 기타,승용,남,70세,상해없음,승용,남,38세,경상
노인운전자사고,2022110300100512,2022년 11월 3일 20시,목요일,부산광역시 강서구 대저2동,경상사고,0,0,1,0,차대차 - 기타,안전운전불이행,건조,맑음,단일로 - 기타,승용,남,74세,상해없음,승용,여,30세,경상
노인운전자사고,2022110400100021,2022년 11월 4일 02시,금요일,부산광역시 해운대구 반송동,경상사고,0,0,4,0,차대차 - 기타,안전운전불이행,건조,맑음,교차로 - 교차로안,승용,남,67세,상해없음,승용,남,60세,상해없음
노인운전자사고,2022110400100056,2022년 11월 4일 07시,금요일,부산광역시 강서구 명지동,경상사고,0,0,2,0,차대차 - 측면충돌,불법유턴,건조,맑음,단일로 - 기타,승용,여,73세,기타불명,승용,남,39세,경상
노인운전자사고,2022110400100088,2022년 11월 4일 08시,금요일,부산광역시 영도구 청학동,중상사고,0,1,1,0,차대차 - 측면충돌,교차로운행방법위반,건조,맑음,교차로 - 교차로부근,승용,남,71세,경상,이륜,남,52세,중상
노인운전자사고,2022110400100186,2022년 11월 4일 10시,금요일,부산광역시 사하구 하단동,경상사고,0,0,1,0,차대차 - 기타,안전운전불이행,건조,맑음,단일로 - 기타,화물,남,65세,상해없음,화물,남,34세,경상
노인운전자사고,2022110400100271,2022년 11월 4일 12시,금요일,부산광역시 남구 용호동,경상사고,0,0,1,0,차대사람 - 기타,안전운전불이행,건조,맑음,단일로 - 기타,승용,남,81세,상해없음,보행자,여,62세,경상
노인운전자사고,2022110400100348,2022년 11월 4일 14시,금요일,부산광역시 부산진구 전포동,경상사고,0,0,2,0,차대차 - 추돌,안전운전불이행,건조,맑음,단일로 - 기타,승용,남,66세,상해없음,승용,남,77세,상해없음
노인운전자사고,2022110400100386,2022년 11월 4일 15시,금요일,부산광역시 사하구 하단동,중상사고,0,1,0,0,차대사람 - 차도통행중,안전운전불이행,건조,맑음,단일로 - 기타,건설기계,남,67세,상해없음,보행자,남,82세,중상
노인운전자사고,2022110400100489,2022년 11월 4일 17시,금요일,부산광역시 연제구 연산동,경상사고,0,0,1,0,차대차 - 기타,교차로운행방법위반,건조,맑음,교차로 - 교차로안,승용,남,68세,상해없음,이륜,남,22세,경상
노인운전자사고,2022110500100004,2022년 11월 5일 00시,토요일,부산광역시 동구 범일동,경상사고,0,0,1,0,차대차 - 기타,차로위반,건조,맑음,단일로 - 기타,승용,남,67세,상해없음,승용,남,43세,경상
노인운전자사고,2022110500100059,2022년 11월 5일 07시,토요일,부산광역시 부산진구 부전동,경상사고,0,0,1,0,차대차 - 기타,안전운전불이행,건조,맑음,단일로 - 기타,승용,남,72세,상해없음,이륜,남,43세,경상