사고부문,사고번호,사고일시,요일,시군구,사고내용,사망자수,중상자수,경상자수,부상신고자수,사고유형,법규위반,노면상태,기상상태,도로형태,가해운전자 차종,가해운전자 성별,가해운전자 연령,가해운전자 상해정도,피해운전자 차종,피해운전자 성별,피해운전자 연령,피해운전자 상해정도
노인운전자사고,2.02211E+15,2022년 11월 5일 12시,토요일,부산광역시 북구 구포동,경상사고,0,0,1,0,차대차 - 기타,안전운전불이행,건조,맑음,단일로 - 기타,승용,남,70세,상해없음,승용,여,51세,경상
노인운전자사고,2022110500100211,2022년 11월 5일 12시,토요일,부산광역시 부산진구 가야동,경상사고,0,0,1,0,차대차 - 측면충돌,안전운전불이행,건조,맑음,단일로 - 기타,승합,남,68세,상해없음,자전거,남,49세,경상
노인운전자사고,2022110500100306,2022년 11월 5일 14시,토요일,부산광역시 금정구 구서동,경상사고,0,0,1,0,차대사람 - 횡단중,안전운전불이행,건조,맑음,단일로 - 기타,승용,남,74세,상해없음,보행자,남,9세,경상
노인운전자사고,2022110500100449,2022년 11월 5일 17시,토요일,부산광역시 해운대구 반송동,경상사고,0,0,2,0,차대차 - 측면충돌,안전거리미확보,건조,맑음,단일로 - 고가도로위,승용,남,82세,상해없음,승용,남,31세,경상
노인운전자사고,2.02211E+15,2022년 11월 5일 17시,토요일,부산광역시 금정구 장전동,중상사고,0,1,0,0,차대사람 - 횡단중,교차로운행방법위반,건조,맑음,교차로 - 교차로안,승용,남,71세,상해없음,보행자,여,82세,중상
노인운전자사고,2.02211E+15,2022년 11월 5일 19시,토요일,부산광역시 해운대구 재송동,경상사고,0,0,2,0,차대차 - 추돌,안전운전불이행,건조,맑음,교차로 - 교차로부근,화물,남,69세,상해없음,승용,남,29세,경상
노인운전자사고,2022110600100119,2022년 11월 6일 10시,일요일,부산광역시 동래구 안락동,중상사고,0,1,0,0,차대차 - 측면충돌,신호위반,건조,맑음,교차로 - 교차로안,승합,남,65세,상해없음,원동기,남,44세,중상
노인운전자사고,2022110600100384,2022년 11월 6일 18시,일요일,부산광역시 동구 초량동,경상사고,0,0,1,0,차대사람 - 횡단중,보행자보호의무위반,건조,맑음,단일로 - 기타,승용,남,66세,상해없음,보행자,남,5세,경상
노인운전자사고,2022110700100022,2022년 11월 7일 05시,월요일,부산광역시 부산진구 부암동,경상사고,0,0,1,0,차대차 - 추돌,안전운전불이행,건조,맑음,단일로 - 기타,승용,남,71세,상해없음,건설기계,남,58세,경상
노인운전자사고,2022110700100051,2022년 11월 7일 07시,월요일,부산광역시 기장군 정관읍,중상사고,0,1,0,0,차대사람 - 기타,안전운전불이행,건조,맑음,교차로 - 교차로안,화물,남,73세,상해없음,보행자,여,52세,중상
노인운전자사고,2022110700100079,2022년 11월 7일 08시,월요일,부산광역시 강서구 구랑동,경상사고,0,0,1,0,차대차 - 측면충돌,안전운전불이행,건조,맑음,교차로 - 교차로부근,승용,남,75세,상해없음,승용,여,29세,경상
노인운전자사고,2022110700100131,2022년 11월 7일 09시,월요일,부산광역시 사상구 덕포동,경상사고,0,0,1,0,차대사람 - 횡단중,안전운전불이행,건조,맑음,교차로 - 교차로부근,승용,남,72세,상해없음,보행자,남,72세,경상
노인운전자사고,2022110700100176,2022년 11월 7일 10시,월요일,부산광역시 사하구 괴정동,경상사고,0,0,1,0,차대차 - 추돌,안전운전불이행,건조,맑음,단일로 - 기타,승용,남,73세,기타불명,승용,여,35세,경상
노인운전자사고,2022110700100212,2022년 11월 7일 11시,월요일,부산광역시 동구 범일동,경상사고,0,0,1,0,차대차 - 추돌,안전운전불이행,건조,맑음,교차로 - 교차로부근,승용,남,74세,상해없음,승용,여,50세,경상
노인운전자사고,2022110700100213,2022년 11월 7일 11시,월요일,부산광역시 북구 만덕동,경상사고,0,0,1,0,차대차 - 기타,안전거리미확보,건조,맑음,교차로 - 교차로부근,승용,남,80세,상해없음,원동기,남,46세,경상
노인운전자사고,2022110700100275,2022년 11월 7일 13시,월요일,부산광역시 연제구 연산동,경상사고,0,0,1,0,차대차 - 측면충돌,교차로운행방법위반,건조,맑음,교차로 - 교차로안,승용,남,70세,상해없음,승용,남,64세,경상
노인운전자사고,2022110700100423,2022년 11월 7일 17시,월요일,부산광역시 영도구 봉래동2가,경상사고,0,0,1,0,차대사람 - 기타,안전운전불이행,건조,맑음,단일로 - 기타,승용,남,72세,상해없음,보행자,남,60세,경상
노인운전자사고,2022110700100603,2022년 11월 7일 22시,월요일,부산광역시 중구 창선동1가,경상사고,0,0,1,0,차대사람 - 차도통행중,안전운전불이행,건조,맑음,단일로 - 기타,승용,남,66세,상해없음,보행자,남,28세,경상
노인운전자사고,2022110800100062,2022년 11월 8일 07시,화요일,부산광역시 사하구 하단동,경상사고,0,0,2,0,차대차 - 측면충돌,직진우회전진행방해,건조,맑음,교차로 - 교차로안,화물,남,65세,기타불명,승용,여,31세,경상
노인운전자사고,2.02211E+15,2022년 11월 8일 08시,화요일,부산광역시 남구 대연동,경상사고,0,0,3,0,차대차 - 측면충돌,안전운전불이행,건조,맑음,교차로 - 교차로안,승용,남,68세,경상,승용,남,47세,경상
노인운전자사고,2022110800100134,2022년 11월 8일 09시,화요일,부산광역시 금정구 부곡동,중상사고,0,1,0,0,차대차 - 기타,안전운전불이행,건조,맑음,단일로 - 기타,승용,남,67세,상해없음,승합,여,46세,상해없음
노인운전자사고,2022110800100135,2022년 11월 8일 09시,화요일,부산광역시 부산진구 양정동,경상사고,0,0,1,0,차대차 - 기타,안전거리미확보,건조,맑음,단일로 - 기타,승용,남,74세,상해없음,승용,남,53세,상해없음
노인운전자사고,2022110800100345,2022년 11월 8일 15시,화요일,부산광역시 서구 동대신동1가,경상사고,0,0,1,0,차대차 - 측면충돌,안전운전불이행,건조,맑음,단일로 - 지하차도(도로)내,승합,남,71세,상해없음,승용,여,31세,경상
노인운전자사고,2022110800100431,2022년 11월 8일 17시,화요일,부산광역시 동래구 명장동,경상사고,0,0,1,0,차대차 - 추돌,안전운전불이행,건조,맑음,단일로 - 지하차도(도로)내,승용,남,69세,상해없음,승용,남,61세,경상
노인운전자사고,2022110800100549,2022년 11월 8일 19시,화요일,부산광역시 금정구 구서동,경상사고,0,0,1,0,차대차 - 기타,안전운전불이행,건조,맑음,단일로 - 기타,승합,남,73세,상해없음,이륜,남,41세,경상
노인운전자사고,2.02211E+15,2022년 11월 8일 19시,화요일,부산광역시 사하구 당리동,경상사고,0,0,2,0,차대차 - 측면충돌,안전운전불이행,건조,맑음,교차로 - 교차로안,승합,남,72세,상해없음,화물,남,57세,경상
노인운전자사고,2022110900100302,2022년 11월 9일 15시,수요일,부산광역시 동래구 수안동,경상사고,0,0,1,0,차대차 - 기타,기타,건조,맑음,교차로 - 교차로부근,화물,남,66세,상해없음,승용,남,45세,경상
노인운전자사고,2.02211E+15,2022년 11월 9일 20시,수요일,부산광역시 기장군 기장읍,경상사고,0,0,2,0,차대차 - 기타,안전운전불이행,건조,맑음,교차로 - 교차로안,승합,남,68세,상해없음,승용,여,28세,경상
노인운전자사고,2022111000100142,2022년 11월 10일 09시,목요일,부산광역시 강서구 명지동,경상사고,0,0,2,0,차대차 - 기타,안전운전불이행,건조,맑음,단일로 - 기타,승용,여,67세,상해없음,화물,남,31세,경상
노인운전자사고,2022111000100201,2022년 11월 10일 11시,목요일,부산광역시 남구 대연동,경상사고,0,0,2,0,차대차 - 측면충돌,안전운전불이행,건조,맑음,단일로 - 기타,승용,여,65세,상해없음,승용,여,41세,경상
노인운전자사고,2022111000100331,2022년 11월 10일 15시,목요일,부산광역시 부산진구 연지동,경상사고,0,0,1,0,차대차 - 기타,안전거리미확보,건조,맑음,단일로 - 기타,건설기계,남,71세,상해없음,승용,여,41세,경상
노인운전자사고,2.02211E+15,2022년 11월 10일 16시,목요일,부산광역시 기장군 철마면,경상사고,0,0,2,0,차대사람 - 보도통행중,기타,건조,맑음,단일로 - 기타,이륜,남,71세,상해없음,보행자,여,29세,경상
노인운전자사고,2022111100100015,2022년 11월 11일 01시,금요일,부산광역시 금정구 서동,경상사고,0,0,1,0,차대차 - 기타,안전운전불이행,건조,맑음,교차로 - 교차로부근,승용,남,72세,상해없음,승용,남,63세,상해없음
노인운전자사고,2.02211E+15,2022년 11월 11일 08시,금요일,부산광역시 남구 용당동,경상사고,0,0,1,0,차대차 - 측면충돌,안전운전불이행,건조,맑음,교차로 - 교차로부근,화물,남,65세,상해없음,승용,남,42세,경상
노인운전자사고,2022111100100092,2022년 11월 11일 08시,금요일,부산광역시 강서구 구랑동,경상사고,0,0,2,0,차대차 - 측면충돌,신호위반,건조,맑음,교차로 - 교차로부근,승용,남,80세,상해없음,화물,남,48세,경상
노인운전자사고,2.02211E+15,2022년 11월 11일 09시,금요일,부산광역시 부산진구 개금동,경상사고,0,0,2,0,차대차 - 측면충돌,안전운전불이행,건조,맑음,단일로 - 기타,건설기계,남,72세,경상,승용,여,68세,경상
노인운전자사고,2022111100100303,2022년 11월 11일 14시,금요일,부산광역시 동래구 수안동,경상사고,0,0,2,0,차대차 - 측면충돌,교차로운행방법위반,건조,맑음,교차로 - 교차로안,화물,남,73세,상해없음,승용,남,30세,경상
노인운전자사고,2022111100100335,2022년 11월 11일 15시,금요일,부산광역시 부산진구 가야동,경상사고,0,0,1,0,차대차 - 측면충돌,안전운전불이행,건조,맑음,단일로 - 기타,화물,남,67세,상해없음,승용,남,34세,경상
노인운전자사고,2022111100100426,2022년 11월 11일 17시,금요일,부산광역시 금정구 구서동,부상신고사고,0,0,0,1,차대차 - 측면충돌,안전거리미확보,건조,맑음,교차로 - 교차로부근,승용,남,81세,상해없음,승용,남,33세,부상신고
노인운전자사고,2022111100100427,2022년 11월 11일 17시,금요일,부산광역시 금정구 노포동,중상사고,0,1,0,0,차대차 - 정면충돌,신호위반,건조,맑음,단일로 - 기타,승용,여,65세,상해없음,승용,남,67세,중상
노인운전자사고,2022111100100477,2022년 11월 11일 18시,금요일,부산광역시 동구 수정동,부상신고사고,0,0,0,2,차대차 - 측면충돌,안전운전불이행,건조,맑음,단일로 - 기타,승용,남,65세,상해없음,승용,남,27세,부상신고
노인운전자사고,2022111100100481,2022년 11월 11일 18시,금요일,부산광역시 사상구 감전동,경상사고,0,0,2,0,차대차 - 측면충돌,교차로운행방법위반,건조,맑음,단일로 - 기타,승용,남,66세,기타불명,승용,남,34세,경상
노인운전자사고,2022111200100241,2022년 11월 12일 13시,토요일,부산광역시 서구 서대신동3가,경상사고,0,0,1,0,차대차 - 측면충돌,안전운전불이행,건조,맑음,교차로 - 교차로부근,승용,남,91세,상해없음,승용,남,38세,경상
노인운전자사고,2022111200100452,2022년 11월 12일 18시,토요일,부산광역시 동구 범일동,경상사고,0,0,2,0,차대차 - 측면충돌,안전거리미확보,건조,맑음,교차로 - 교차로부근,승용,남,80세,상해없음,승용,남,45세,경상
노인운전자사고,2022111200100517,2022년 11월 12일 19시,토요일,부산광역시 남구 대연동,경상사고,0,0,1,0,차대차 - 측면충돌,안전운전불이행,건조,맑음,교차로 - 교차로부근,승용,남,69세,상해없음,승용,남,43세,경상
노인운전자사고,2022111200100518,2022년 11월 12일 19시,토요일,부산광역시 강서구 녹산동,경상사고,0,0,2,0,차대차 - 측면충돌,안전운전불이행,건조,맑음,교차로 - 교차로부근,승용,남,73세,상해없음,승용,남,32세,경상
노인운전자사고,2.02211E+15,2022년 11월 12일 20시,토요일,부산광역시 동래구 안락동,경상사고,0,0,2,0,차대차 - 기타,신호위반,젖음/습기,비,교차로 - 교차로안,승용,남,67세,상해없음,승용,남,28세,경상
노인운전자사고,2022111300100097,2022년 11월 13일 09시,일요일,부산광역시 수영구 광안동,경상사고,0,0,1,0,차대사람 - 길가장자리구역통행중,안전운전불이행,젖음/습기,맑음,단일로 - 기타,승용,남,74세,상해없음,보행자,여,15세,경상
노인운전자사고,2022111300100154,2022년 11월 13일 12시,일요일,부산광역시 수영구 망미동,중상사고,0,1,2,0,차대차 - 측면충돌,직진우회전진행방해,건조,맑음,교차로 - 교차로안,승용,남,71세,상해없음,승용,남,46세,경상
노인운전자사고,2022111300100179,2022년 11월 13일 13시,일요일,부산광역시 동구 초량동,경상사고,0,0,2,0,차대차 - 측면충돌,교차로운행방법위반,건조,맑음,교차로 - 교차로안,승용,남,78세,기타불명,승용,남,48세,경상
노인운전자사고,2022111300100264,2022년 11월 13일 16시,일요일,부산광역시 사상구 감전동,경상사고,0,0,1,0,차대사람 - 횡단중,보행자보호의무위반,건조,맑음,단일로 - 기타,승용,남,69세,상해없음,보행자,남,27세,경상
노인운전자사고,2022111300100419,2022년 11월 13일 21시,일요일,부산광역시 금정구 장전동,경상사고,0,0,4,0,차대차 - 측면충돌,신호위반,건조,맑음,교차로 - 교차로안,승용,여,66세,경상,승합,여,47세,경상
노인운전자사고,2.02211E+15,2022년 11월 14일 06시,월요일,부산광역시 동구 초량동,중상사고,0,1,0,0,차대사람 - 횡단중,안전운전불이행,건조,맑음,단일로 - 기타,승합,남,74세,상해없음,보행자,남,80세,중상
노인운전자사고,2022111400100087,2022년 11월 14일 08시,월요일,부산광역시 금정구 회동동,경상사고,0,0,1,0,차대차 - 기타,안전운전불이행,건조,맑음,교차로 - 교차로안,화물,남,67세,상해없음,화물,남,51세,경상
노인운전자사고,2022111400100209,2022년 11월 14일 12시,월요일,부산광역시 서구 서대신동3가,경상사고,0,0,1,0,차대차 - 측면충돌,안전거리미확보,건조,맑음,단일로 - 기타,승용,남,78세,상해없음,원동기,남,41세,경상
노인운전자사고,2.02211E+15,2022년 11월 14일 12시,월요일,부산광역시 서구 남부민동,경상사고,0,0,1,0,차대사람 - 횡단중,안전운전불이행,건조,맑음,단일로 - 기타,승용,남,76세,상해없음,보행자,여,62세,경상
노인운전자사고,2022111400100244,2022년 11월 14일 13시,월요일,부산광역시 수영구 남천동,경상사고,0,0,1,0,차대차 - 추돌,안전운전불이행,건조,맑음,단일로 - 기타,승용,여,70세,상해없음,승용,남,57세,경상
노인운전자사고,2022111400100432,2022년 11월 14일 18시,월요일,부산광역시 강서구 송정동,경상사고,0,0,1,0,차대차 - 측면충돌,교차로운행방법위반,건조,맑음,교차로 - 교차로안,화물,남,70세,기타불명,승용,여,24세,경상
노인운전자사고,2022111400100525,2022년 11월 14일 20시,월요일,부산광역시 동래구 온천동,경상사고,0,0,1,0,차량단독 - 기타,안전운전불이행,건조,맑음,단일로 - 기타,승합,남,65세,상해없음,,,,
노인운전자사고,2022111500100043,2022년 11월 15일 06시,화요일,부산광역시 남구 대연동,경상사고,0,0,1,0,차대사람 - 기타,안전운전불이행,건조,맑음,단일로 - 기타,승용,여,72세,상해없음,보행자,남,29세,경상
노인운전자사고,2022111500100073,2022년 11월 15일 07시,화요일,부산광역시 영도구 동삼동,중상사고,0,1,0,0,차대사람 - 기타,신호위반,건조,맑음,교차로 - 교차로횡단보도내,승합,남,78세,상해없음,보행자,남,21세,중상
노인운전자사고,2022111500100175,2022년 11월 15일 10시,화요일,부산광역시 동래구 명장동,경상사고,0,0,1,0,차대차 - 기타,직진우회전진행방해,건조,맑음,교차로 - 교차로안,승용,남,67세,상해없음,이륜,남,23세,경상
노인운전자사고,2022111500100176,2022년 11월 15일 10시,화요일,부산광역시 동래구 온천동,경상사고,0,0,1,0,차대차 - 측면충돌,차로위반,건조,맑음,단일로 - 기타,승용,남,69세,상해없음,승용,남,35세,경상
노인운전자사고,2022111500100203,2022년 11월 15일 11시,화요일,부산광역시 동래구 낙민동,경상사고,0,0,1,0,차대차 - 측면충돌,신호위반,젖음/습기,맑음,교차로 - 교차로안,승용,남,65세,상해없음,승합,남,56세,상해없음
노인운전자사고,2022111500100235,2022년 11월 15일 12시,화요일,부산광역시 해운대구 좌동,경상사고,0,0,1,0,차대차 - 기타,차로위반,기타,맑음,단일로 - 기타,승용,남,75세,상해없음,승용,여,50세,경상
노인운전자사고,2022111500100236,2022년 11월 15일 12시,화요일,부산광역시 사하구 당리동,경상사고,0,0,1,0,차대차 - 측면충돌,안전거리미확보,건조,맑음,단일로 - 기타,승용,남,68세,상해없음,이륜,남,29세,경상
노인운전자사고,2022111500100276,2022년 11월 15일 13시,화요일,부산광역시 동구 수정동,중상사고,0,1,0,0,차대사람 - 보도통행중,보행자보호의무위반,건조,맑음,단일로 - 기타,화물,남,79세,상해없음,보행자,여,77세,중상
노인운전자사고,2022111500100315,2022년 11월 15일 14시,화요일,부산광역시 서구 동대신동3가,중상사고,0,1,0,0,차대차 - 기타,중앙선침범,건조,맑음,단일로 - 기타,승용,남,67세,상해없음,이륜,남,51세,중상
노인운전자사고,2.02211E+15,2022년 11월 15일 16시,화요일,부산광역시 금정구 서동,사망사고,2,0,0,0,차량단독 - 공작물충돌,중앙선침범,건조,맑음,교차로 - 교차로안,원동기,남,84세,사망,,,,
노인운전자사고,2022111500100475,2022년 11월 15일 18시,화요일,부산광역시 연제구 연산동,경상사고,0,0,1,0,차대사람 - 기타,기타,건조,맑음,기타 - 기타,승용,남,72세,상해없음,보행자,남,33세,경상
노인운전자사고,2022111500100533,2022년 11월 15일 19시,화요일,부산광역시 사하구 신평동,경상사고,0,0,1,0,차대차 - 추돌,안전운전불이행,건조,맑음,단일로 - 기타,승용,남,79세,상해없음,승용,여,38세,경상
노인운전자사고,2022111500100534,2022년 11월 15일 19시,화요일,부산광역시 기장군 장안읍,경상사고,0,0,12,0,차대차 - 정면충돌,안전운전불이행,건조,맑음,교차로 - 교차로안,화물,남,73세,상해없음,승합,남,66세,경상
노인운전자사고,2022111500100592,2022년 11월 15일 21시,화요일,부산광역시 사하구 장림동,경상사고,0,0,1,1,차대차 - 추돌,안전운전불이행,건조,맑음,교차로 - 교차로부근,승용,남,73세,상해없음,승용,남,33세,경상
노인운전자사고,2022111600100069,2022년 11월 16일 07시,수요일,부산광역시 동래구 사직동,경상사고,0,0,2,0,차대차 - 기타,교차로운행방법위반,건조,맑음,교차로 - 교차로부근,승용,남,73세,상해없음,승용,남,30세,경상
노인운전자사고,2022111600100181,2022년 11월 16일 10시,수요일,부산광역시 해운대구 반여동,중상사고,0,1,2,0,차대차 - 정면충돌,중앙선침범,건조,맑음,기타 - 기타,승용,남,65세,기타불명,승합,남,59세,경상
노인운전자사고,2022111600100182,2022년 11월 16일 10시,수요일,부산광역시 강서구 강동동,중상사고,0,1,0,0,차대차 - 기타,안전운전불이행,건조,맑음,교차로 - 교차로안,승용,남,72세,상해없음,이륜,남,45세,중상
노인운전자사고,2022111600100255,2022년 11월 16일 12시,수요일,부산광역시 수영구 광안동,경상사고,0,0,1,0,차대차 - 기타,안전거리미확보,건조,맑음,교차로 - 교차로안,승용,여,73세,상해없음,승용,남,29세,경상
노인운전자사고,2022111600100256,2022년 11월 16일 12시,수요일,부산광역시 연제구 연산동,경상사고,0,0,1,0,차대사람 - 기타,안전운전불이행,건조,맑음,교차로 - 교차로부근,승용,남,80세,상해없음,보행자,남,42세,경상
노인운전자사고,2022111600100298,2022년 11월 16일 13시,수요일,부산광역시 사상구 학장동,중상사고,0,1,0,0,차대차 - 측면충돌,안전거리미확보,건조,맑음,단일로 - 기타,화물,남,67세,상해없음,승용,남,60세,중상
노인운전자사고,2022111700100149,2022년 11월 17일 10시,목요일,부산광역시 사상구 주례동,중상사고,0,1,0,0,차대차 - 기타,안전운전불이행,건조,맑음,단일로 - 기타,자전거,여,71세,중상,승합,남,47세,상해없음
노인운전자사고,2022111700100178,2022년 11월 17일 11시,목요일,부산광역시 기장군 정관읍,사망사고,1,0,1,0,차대차 - 기타,안전운전불이행,건조,맑음,단일로 - 기타,승용,여,65세,사망,승용,여,45세,경상
노인운전자사고,2022111700100221,2022년 11월 17일 12시,목요일,부산광역시 서구 부용동2가,중상사고,0,1,0,0,차대사람 - 기타,안전운전불이행,건조,맑음,교차로 - 교차로안,화물,남,66세,상해없음,보행자,여,71세,중상
노인운전자사고,2022111700100346,2022년 11월 17일 16시,목요일,부산광역시 해운대구 반여동,경상사고,0,0,1,0,차대차 - 추돌,안전운전불이행,건조,맑음,단일로 - 기타,승용,남,65세,상해없음,승용,여,32세,경상
노인운전자사고,2022111700100383,2022년 11월 17일 17시,목요일,부산광역시 동구 좌천동,경상사고,0,0,1,0,차대차 - 측면충돌,안전거리미확보,건조,맑음,단일로 - 기타,승용,남,66세,상해없음,승용,남,48세,경상
노인운전자사고,2022111700100385,2022년 11월 17일 17시,목요일,부산광역시 부산진구 전포동,경상사고,0,0,1,0,차대사람 - 횡단중,보행자보호의무위반,건조,맑음,단일로 - 기타,이륜,남,68세,상해없음,보행자,남,43세,경상
노인운전자사고,2022111700100551,2022년 11월 17일 20시,목요일,부산광역시 동래구 명장동,경상사고,0,0,1,0,차대차 - 측면충돌,안전운전불이행,건조,맑음,교차로 - 교차로부근,승용,남,77세,상해없음,이륜,남,35세,경상
노인운전자사고,2022111700100552,2022년 11월 17일 20시,목요일,부산광역시 부산진구 범천동,중상사고,0,1,0,0,차대사람 - 횡단중,보행자보호의무위반,건조,맑음,교차로 - 교차로부근,승용,남,68세,상해없음,보행자,남,22세,중상
노인운전자사고,2022111700100597,2022년 11월 17일 22시,목요일,부산광역시 서구 동대신동2가,경상사고,0,0,1,0,차대차 - 측면충돌,안전운전불이행,건조,맑음,단일로 - 기타,승용,남,66세,상해없음,화물,남,24세,경상
노인운전자사고,2022111800100124,2022년 11월 18일 09시,금요일,부산광역시 부산진구 부암동,중상사고,0,1,0,0,차대사람 - 횡단중,보행자보호의무위반,건조,맑음,교차로 - 교차로횡단보도내,화물,남,65세,상해없음,보행자,남,70세,중상
노인운전자사고,2.02211E+15,2022년 11월 18일 11시,금요일,부산광역시 연제구 거제동,경상사고,0,0,1,0,차대차 - 기타,안전운전불이행,기타,맑음,단일로 - 기타,승용,남,70세,상해없음,승용,남,44세,경상
노인운전자사고,2022111800100255,2022년 11월 18일 13시,금요일,부산광역시 금정구 구서동,경상사고,0,0,1,0,차대차 - 측면충돌,안전운전불이행,건조,맑음,단일로 - 기타,승합,여,65세,상해없음,승용,여,30세,경상
노인운전자사고,2.02211E+15,2022년 11월 18일 15시,금요일,부산광역시 사상구 엄궁동,중상사고,0,1,0,0,차대사람 - 횡단중,안전운전불이행,건조,맑음,교차로 - 교차로안,화물,남,67세,상해없음,보행자,남,82세,중상
노인운전자사고,2022111800100423,2022년 11월 18일 17시,금요일,부산광역시 금정구 부곡동,중상사고,0,1,0,0,차대사람 - 기타,보행자보호의무위반,건조,맑음,단일로 - 기타,승용,남,70세,상해없음,보행자,여,78세,중상
노인운전자사고,2022111900100106,2022년 11월 19일 09시,토요일,부산광역시 금정구 서동,경상사고,0,0,3,0,차대차 - 기타,직진우회전진행방해,건조,맑음,교차로 - 교차로안,승용,남,77세,경상,승용,남,44세,경상
노인운전자사고,2022111900100164,2022년 11월 19일 11시,토요일,부산광역시 강서구 명지동,경상사고,0,0,1,0,차대차 - 측면충돌,안전거리미확보,건조,맑음,단일로 - 기타,승용,남,65세,상해없음,승용,남,40세,경상
노인운전자사고,2022111900100266,2022년 11월 19일 14시,토요일,부산광역시 서구 남부민동,중상사고,0,1,0,0,차대차 - 측면충돌,안전운전불이행,건조,맑음,단일로 - 기타,자전거,남,85세,중상,승합,남,50세,상해없음
노인운전자사고,2022111900100435,2022년 11월 19일 18시,토요일,부산광역시 사하구 장림동,경상사고,0,0,1,0,차대차 - 측면충돌,신호위반,건조,맑음,교차로 - 교차로안,화물,남,73세,상해없음,승용,남,33세,경상
노인운전자사고,2022112000100089,2022년 11월 20일 10시,일요일,부산광역시 서구 서대신동1가,경상사고,0,0,1,0,차대사람 - 횡단중,신호위반,건조,맑음,단일로 - 기타,승용,남,85세,상해없음,보행자,여,65세,경상
노인운전자사고,2022112000100169,2022년 11월 20일 13시,일요일,부산광역시 강서구 대저2동,중상사고,0,1,1,0,차량단독 - 도로외이탈 - 추락,안전운전불이행,건조,맑음,단일로 - 기타,승용,남,67세,기타불명,,,,
노인운전자사고,2.02211E+15,2022년 11월 20일 17시,일요일,부산광역시 영도구 동삼동,경상사고,0,0,1,0,차대차 - 후진중충돌,안전운전불이행,건조,맑음,단일로 - 기타,화물,남,66세,상해없음,승용,남,35세,경상
노인운전자사고,2022112000100318,2022년 11월 20일 18시,일요일,부산광역시 북구 덕천동,중상사고,0,1,0,0,차대차 - 기타,안전운전불이행,건조,맑음,기타 - 기타,승용,남,73세,상해없음,승용,여,52세,중상
노인운전자사고,2022112000100431,2022년 11월 20일 22시,일요일,부산광역시 수영구 수영동,중상사고,0,1,0,0,차대사람 - 기타,안전운전불이행,건조,맑음,단일로 - 기타,승용,남,72세,상해없음,보행자,여,57세,중상
노인운전자사고,2022112100100047,2022년 11월 21일 07시,월요일,부산광역시 사상구 덕포동,경상사고,0,0,1,0,차대차 - 측면충돌,안전운전불이행,건조,맑음,단일로 - 기타,자전거,남,66세,경상,승용,남,50세,상해없음
노인운전자사고,2022112100100296,2022년 11월 21일 15시,월요일,부산광역시 서구 남부민동,경상사고,0,0,3,0,차대차 - 측면충돌,안전운전불이행,건조,맑음,단일로 - 기타,원동기,남,73세,경상,승용,남,27세,경상
노인운전자사고,2022112100100337,2022년 11월 21일 16시,월요일,부산광역시 동구 좌천동,경상사고,0,0,2,0,차대차 - 추돌,안전거리미확보,건조,맑음,단일로 - 고가도로위,승용,남,67세,경상,승용,남,21세,상해없음
노인운전자사고,2022112100100525,2022년 11월 21일 20시,월요일,부산광역시 동구 초량동,경상사고,0,0,2,0,차대차 - 측면충돌,안전거리미확보,건조,맑음,교차로 - 교차로부근,화물,남,68세,상해없음,승용,여,61세,경상
노인운전자사고,2022112200100052,2022년 11월 22일 07시,화요일,부산광역시 동래구 명장동,경상사고,0,0,1,0,차대차 - 측면충돌,교차로운행방법위반,건조,맑음,교차로 - 교차로안,승용,남,65세,상해없음,승용,여,36세,경상
노인운전자사고,2022112200100417,2022년 11월 22일 18시,화요일,부산광역시 중구 부평동2가,경상사고,0,0,1,0,차대차 - 측면충돌,차로위반,건조,맑음,교차로 - 교차로부근,승용,여,75세,상해없음,승용,남,36세,경상
노인운전자사고,2.02211E+15,2022년 11월 23일 16시,수요일,부산광역시 남구 대연동,경상사고,0,0,1,0,차대차 - 기타,안전운전불이행,건조,맑음,교차로 - 교차로안,승용,남,70세,상해없음,이륜,남,19세,경상
노인운전자사고,2022112300100322,2022년 11월 23일 16시,수요일,부산광역시 영도구 동삼동,경상사고,0,0,1,0,차량단독 - 전도전복 - 전도,기타,건조,흐림,단일로 - 지하차도(도로)내,자전거,남,81세,경상,,,,
노인운전자사고,2022112300100323,2022년 11월 23일 16시,수요일,부산광역시 금정구 두구동,경상사고,0,0,1,0,차대차 - 추돌,안전운전불이행,건조,맑음,단일로 - 기타,승용,남,76세,상해없음,승용,남,43세,경상
노인운전자사고,2022112300100502,2022년 11월 23일 20시,수요일,부산광역시 기장군 정관읍,중상사고,0,1,0,0,차대차 - 기타,안전운전불이행,건조,맑음,단일로 - 기타,승용,남,76세,상해없음,이륜,남,16세,중상
노인운전자사고,2022112300100569,2022년 11월 23일 23시,수요일,부산광역시 사상구 주례동,중상사고,0,1,0,0,차대차 - 기타,차로위반,기타,맑음,교차로 - 교차로부근,승용,남,69세,상해없음,이륜,남,32세,중상