사고부문,사고번호,사고일시,요일,시군구,사고내용,사망자수,중상자수,경상자수,부상신고자수,사고유형,법규위반,노면상태,기상상태,도로형태,가해운전자 차종,가해운전자 성별,가해운전자 연령,가해운전자 상해정도,피해운전자 차종,피해운전자 성별,피해운전자 연령,피해운전자 상해정도
노인운전자사고,2.02211E+15,2022년 11월 24일 08시,목요일,부산광역시 중구 중앙동4가,중상사고,0,1,0,0,차대차 - 측면충돌,교차로운행방법위반,건조,맑음,교차로 - 교차로안,승용,남,69세,상해없음,자전거,남,34세,중상
노인운전자사고,2022112400100083,2022년 11월 24일 08시,목요일,부산광역시 수영구 민락동,경상사고,0,0,1,0,차대사람 - 횡단중,안전운전불이행,건조,맑음,단일로 - 기타,승용,남,69세,상해없음,보행자,남,34세,경상
노인운전자사고,2022112400100292,2022년 11월 24일 14시,목요일,부산광역시 사상구 학장동,경상사고,0,0,1,0,차대사람 - 횡단중,신호위반,건조,맑음,교차로 - 교차로안,승용,남,82세,상해없음,보행자,남,11세,경상
노인운전자사고,2022112400100367,2022년 11월 24일 16시,목요일,부산광역시 부산진구 범천동,중상사고,0,1,0,0,차대차 - 측면충돌,교차로운행방법위반,건조,맑음,교차로 - 교차로안,승용,남,66세,상해없음,이륜,남,24세,중상
노인운전자사고,2022112400100368,2022년 11월 24일 16시,목요일,부산광역시 금정구 부곡동,중상사고,0,1,0,0,차대사람 - 길가장자리구역통행중,안전운전불이행,건조,맑음,교차로 - 교차로부근,승용,여,68세,상해없음,보행자,남,65세,중상
노인운전자사고,2022112400100579,2022년 11월 24일 21시,목요일,부산광역시 수영구 광안동,경상사고,0,0,4,0,차대차 - 측면충돌,안전운전불이행,건조,맑음,교차로 - 교차로부근,승용,남,70세,상해없음,승용,남,31세,경상
노인운전자사고,2022112500100067,2022년 11월 25일 07시,금요일,부산광역시 중구 중앙동6가,경상사고,0,0,1,0,차대차 - 측면충돌,신호위반,건조,맑음,교차로 - 교차로부근,승용,남,73세,상해없음,승합,남,44세,경상
노인운전자사고,2022112500100148,2022년 11월 25일 10시,금요일,부산광역시 중구 중앙동6가,경상사고,0,0,2,0,차대차 - 기타,신호위반,건조,맑음,교차로 - 교차로부근,승용,남,67세,상해없음,승합,남,35세,경상
노인운전자사고,2022112500100216,2022년 11월 25일 12시,금요일,부산광역시 연제구 연산동,경상사고,0,0,1,0,차대차 - 추돌,안전운전불이행,건조,맑음,단일로 - 기타,승용,남,74세,기타불명,승용,여,42세,경상
노인운전자사고,2022112500100299,2022년 11월 25일 15시,금요일,부산광역시 사하구 장림동,중상사고,0,1,0,0,차대차 - 기타,안전운전불이행,건조,맑음,교차로 - 교차로안,승용,여,67세,상해없음,이륜,남,60세,중상
노인운전자사고,2022112500100445,2022년 11월 25일 18시,금요일,부산광역시 남구 대연동,경상사고,0,0,1,0,차대차 - 기타,신호위반,건조,맑음,단일로 - 기타,승용,여,66세,상해없음,자전거,남,51세,경상
노인운전자사고,2022112500100448,2022년 11월 25일 18시,금요일,부산광역시 금정구 선동,경상사고,0,0,2,1,차대차 - 추돌,안전운전불이행,건조,맑음,단일로 - 기타,화물,남,65세,부상신고,승용,남,36세,경상
노인운전자사고,2022112500100516,2022년 11월 25일 19시,금요일,부산광역시 북구 만덕동,중상사고,0,2,0,0,차대차 - 기타,안전운전불이행,건조,맑음,단일로 - 기타,승용,남,67세,중상,승용,남,63세,중상
노인운전자사고,2022112500100588,2022년 11월 25일 21시,금요일,부산광역시 동래구 온천동,경상사고,0,0,2,0,차대차 - 기타,안전운전불이행,건조,맑음,교차로 - 교차로부근,승용,남,65세,상해없음,승용,여,38세,상해없음
노인운전자사고,2022112600100005,2022년 11월 26일 00시,토요일,부산광역시 서구 서대신동2가,경상사고,0,0,2,0,차대차 - 측면충돌,직진우회전진행방해,건조,맑음,교차로 - 교차로안,승용,남,76세,경상,승용,남,47세,경상
노인운전자사고,2022112600100025,2022년 11월 26일 01시,토요일,부산광역시 중구 중앙동5가,경상사고,0,0,1,0,차대차 - 추돌,안전운전불이행,건조,맑음,단일로 - 기타,승용,남,65세,상해없음,승용,여,46세,경상
노인운전자사고,2022112600100032,2022년 11월 26일 02시,토요일,부산광역시 서구 토성동2가,경상사고,0,0,1,0,차대차 - 측면충돌,안전운전불이행,건조,맑음,단일로 - 기타,승용,남,72세,상해없음,이륜,남,20세,경상
노인운전자사고,2022112600100158,2022년 11월 26일 11시,토요일,부산광역시 동래구 명륜동,경상사고,0,0,1,0,차대사람 - 횡단중,보행자보호의무위반,건조,맑음,단일로 - 기타,승용,남,67세,상해없음,보행자,여,32세,경상
노인운전자사고,2022112600100188,2022년 11월 26일 12시,토요일,부산광역시 연제구 거제동,부상신고사고,0,0,0,1,차대사람 - 기타,안전운전불이행,건조,맑음,단일로 - 기타,승용,남,69세,상해없음,보행자,남,62세,부상신고
노인운전자사고,2022112600100227,2022년 11월 26일 13시,토요일,부산광역시 수영구 남천동,중상사고,0,1,0,0,차대차 - 측면충돌,안전운전불이행,건조,맑음,교차로 - 교차로부근,승용,남,70세,상해없음,이륜,남,53세,중상
노인운전자사고,2022112600100282,2022년 11월 26일 15시,토요일,부산광역시 해운대구 좌동,경상사고,0,0,1,0,차대차 - 측면충돌,안전운전불이행,건조,맑음,단일로 - 기타,승용,여,75세,경상,승용,남,69세,상해없음
노인운전자사고,2022112600100356,2022년 11월 26일 17시,토요일,부산광역시 수영구 수영동,경상사고,0,0,1,0,차대사람 - 기타,안전운전불이행,건조,맑음,단일로 - 기타,승용,남,68세,상해없음,보행자,남,62세,경상
노인운전자사고,2022112700100004,2022년 11월 27일 00시,일요일,부산광역시 영도구 영선동1가,경상사고,0,0,1,0,차량단독 - 기타,안전운전불이행,건조,맑음,단일로 - 기타,승용,남,67세,기타불명,,,,
노인운전자사고,2022112700100015,2022년 11월 27일 01시,일요일,부산광역시 서구 동대신동2가,경상사고,0,0,1,0,차대차 - 기타,안전운전불이행,건조,맑음,단일로 - 기타,승용,남,67세,상해없음,이륜,남,22세,경상
노인운전자사고,2022112700100126,2022년 11월 27일 12시,일요일,부산광역시 수영구 남천동,경상사고,0,0,2,0,차대차 - 추돌,안전운전불이행,건조,맑음,교차로 - 교차로안,승용,남,69세,상해없음,이륜,남,55세,경상
노인운전자사고,2022112700100242,2022년 11월 27일 16시,일요일,부산광역시 기장군 기장읍,중상사고,0,1,0,0,차대사람 - 횡단중,보행자보호의무위반,건조,맑음,교차로 - 교차로부근,승용,여,67세,상해없음,보행자,남,63세,중상
노인운전자사고,2022112800100085,2022년 11월 28일 08시,월요일,부산광역시 연제구 연산동,경상사고,0,0,1,0,차대차 - 측면충돌,직진우회전진행방해,건조,맑음,교차로 - 교차로안,화물,남,66세,상해없음,승용,남,50세,경상
노인운전자사고,2022112800100209,2022년 11월 28일 12시,월요일,부산광역시 서구 암남동,경상사고,0,0,2,0,차대차 - 후진중충돌,안전운전불이행,건조,맑음,주차장 - 주차장,승용,남,73세,상해없음,승용,여,37세,경상
노인운전자사고,2.02211E+15,2022년 11월 28일 12시,월요일,부산광역시 부산진구 양정동,경상사고,0,0,1,0,차대차 - 기타,중앙선침범,건조,맑음,교차로 - 교차로부근,승용,남,77세,상해없음,이륜,남,22세,경상
노인운전자사고,2022112800100236,2022년 11월 28일 13시,월요일,부산광역시 북구 화명동,경상사고,0,0,2,0,차대차 - 추돌,안전운전불이행,건조,맑음,주차장 - 주차장,승용,남,79세,기타불명,승용,여,63세,경상
노인운전자사고,2022112800100303,2022년 11월 28일 15시,월요일,부산광역시 부산진구 범천동,경상사고,0,0,1,0,차대사람 - 기타,안전운전불이행,건조,맑음,단일로 - 기타,승용,여,70세,상해없음,보행자,남,63세,경상
노인운전자사고,2022112800100345,2022년 11월 28일 16시,월요일,부산광역시 동래구 사직동,부상신고사고,0,0,0,1,차대사람 - 횡단중,안전운전불이행,건조,맑음,단일로 - 기타,승용,여,66세,상해없음,보행자,남,7세,부상신고
노인운전자사고,2022112800100346,2022년 11월 28일 16시,월요일,부산광역시 사상구 모라동,경상사고,0,0,1,1,차대차 - 측면충돌,안전운전불이행,건조,맑음,단일로 - 기타,건설기계,남,66세,상해없음,승용,남,59세,경상
노인운전자사고,2022112900100001,2022년 11월 29일 00시,화요일,부산광역시 금정구 오륜동,중상사고,0,1,1,0,차량단독 - 공작물충돌,안전운전불이행,젖음/습기,비,단일로 - 기타,승용,남,66세,상해없음,,,,
노인운전자사고,2022112900100054,2022년 11월 29일 06시,화요일,부산광역시 서구 암남동,경상사고,0,0,2,0,차대차 - 측면충돌,신호위반,젖음/습기,비,교차로 - 교차로안,승용,남,71세,상해없음,승합,남,46세,경상
노인운전자사고,2022112900100113,2022년 11월 29일 08시,화요일,부산광역시 서구 남부민동,경상사고,0,0,1,0,차대사람 - 기타,안전운전불이행,젖음/습기,비,단일로 - 기타,승합,여,69세,상해없음,보행자,남,41세,경상
노인운전자사고,2022112900100114,2022년 11월 29일 08시,화요일,부산광역시 북구 덕천동,경상사고,0,0,1,0,차대차 - 기타,안전운전불이행,건조,맑음,단일로 - 기타,승용,남,68세,상해없음,승용,남,43세,경상
노인운전자사고,2022112900100115,2022년 11월 29일 08시,화요일,부산광역시 연제구 거제동,경상사고,0,0,1,0,차대사람 - 기타,안전운전불이행,건조,맑음,단일로 - 기타,승용,남,71세,상해없음,보행자,여,51세,경상
노인운전자사고,2022112900100179,2022년 11월 29일 10시,화요일,부산광역시 기장군 철마면,중상사고,0,1,1,0,차대차 - 정면충돌,신호위반,젖음/습기,흐림,교차로 - 교차로안,승용,남,67세,상해없음,승합,남,47세,상해없음
노인운전자사고,2022112900100369,2022년 11월 29일 16시,화요일,부산광역시 남구 대연동,중상사고,0,2,0,0,차량단독 - 공작물충돌,안전운전불이행,건조,맑음,단일로 - 기타,승용,남,83세,중상,,,,
노인운전자사고,2022113000100166,2022년 11월 30일 11시,수요일,부산광역시 동래구 명장동,경상사고,0,0,1,0,차대차 - 측면충돌,안전운전불이행,건조,맑음,교차로 - 교차로안,승용,여,68세,상해없음,승용,여,41세,경상
노인운전자사고,2022113000100346,2022년 11월 30일 17시,수요일,부산광역시 연제구 거제동,부상신고사고,0,0,0,1,차대차 - 기타,안전운전불이행,건조,맑음,단일로 - 기타,승용,남,78세,상해없음,자전거,남,39세,부상신고
노인운전자사고,2022113000100519,2022년 11월 30일 22시,수요일,부산광역시 해운대구 좌동,중상사고,0,1,1,0,차대차 - 측면충돌,안전운전불이행,건조,맑음,단일로 - 기타,승용,남,78세,상해없음,승용,남,57세,상해없음
노인운전자사고,2022113000100539,2022년 11월 30일 23시,수요일,부산광역시 동구 수정동,경상사고,0,0,1,0,차대사람 - 보도통행중,기타,건조,맑음,단일로 - 기타,승합,남,68세,상해없음,보행자,남,51세,경상
노인운전자사고,2022120100100147,2022년 12월 1일 10시,목요일,부산광역시 해운대구 중동,경상사고,0,0,1,0,차대차 - 측면충돌,안전거리미확보,건조,맑음,교차로 - 교차로부근,승용,남,67세,상해없음,승용,남,51세,경상
노인운전자사고,2022120100100245,2022년 12월 1일 13시,목요일,부산광역시 동래구 안락동,경상사고,0,0,2,0,차대차 - 측면충돌,안전운전불이행,건조,맑음,단일로 - 기타,승용,남,77세,상해없음,승합,남,28세,경상
노인운전자사고,2022120100100273,2022년 12월 1일 14시,목요일,부산광역시 해운대구 우동,중상사고,0,1,0,0,차대사람 - 기타,보행자보호의무위반,건조,맑음,교차로 - 교차로안,승용,여,70세,상해없음,보행자,여,42세,중상
노인운전자사고,2022120100100373,2022년 12월 1일 17시,목요일,부산광역시 연제구 거제동,경상사고,0,0,1,0,차대차 - 측면충돌,안전거리미확보,건조,맑음,단일로 - 기타,승용,남,73세,상해없음,승용,남,28세,경상
노인운전자사고,2022120200100018,2022년 12월 2일 01시,금요일,부산광역시 해운대구 좌동,경상사고,0,0,1,0,차대차 - 측면충돌,중앙선침범,건조,맑음,교차로 - 교차로안,승용,남,68세,상해없음,이륜,남,19세,경상
노인운전자사고,2.02212E+15,2022년 12월 2일 06시,금요일,부산광역시 기장군 기장읍,사망사고,1,0,0,0,차대사람 - 횡단중,기타,건조,맑음,교차로 - 교차로안,승용,여,68세,상해없음,보행자,여,66세,사망
노인운전자사고,2.02212E+15,2022년 12월 2일 07시,금요일,부산광역시 남구 문현동,중상사고,0,1,0,0,차대차 - 정면충돌,신호위반,건조,맑음,교차로 - 교차로안,이륜,남,65세,중상,승용,남,59세,상해없음
노인운전자사고,2.02212E+15,2022년 12월 2일 08시,금요일,부산광역시 서구 남부민동,부상신고사고,0,0,0,1,차대사람 - 횡단중,보행자보호의무위반,건조,맑음,교차로 - 교차로횡단보도내,승용,남,71세,상해없음,보행자,남,72세,부상신고
노인운전자사고,2022120200100101,2022년 12월 2일 08시,금요일,부산광역시 부산진구 부암동,중상사고,0,1,0,0,차대차 - 측면충돌,안전운전불이행,건조,맑음,교차로 - 교차로안,승용,여,74세,상해없음,자전거,남,76세,중상
노인운전자사고,2022120200100262,2022년 12월 2일 13시,금요일,부산광역시 금정구 장전동,경상사고,0,0,1,0,차대차 - 측면충돌,교차로운행방법위반,건조,맑음,교차로 - 교차로안,승용,여,66세,상해없음,자전거,남,68세,경상
노인운전자사고,2022120200100263,2022년 12월 2일 13시,금요일,부산광역시 강서구 강동동,경상사고,0,0,2,0,차대차 - 기타,교차로운행방법위반,건조,맑음,교차로 - 교차로안,승용,남,68세,상해없음,승용,여,31세,경상
노인운전자사고,2022120200100266,2022년 12월 2일 13시,금요일,부산광역시 기장군 일광읍,중상사고,0,1,0,0,차대차 - 측면충돌,교차로운행방법위반,건조,맑음,교차로 - 교차로부근,승용,남,76세,기타불명,승용,여,64세,중상
노인운전자사고,2022120200100334,2022년 12월 2일 15시,금요일,부산광역시 사하구 하단동,경상사고,0,0,1,0,차대차 - 기타,안전거리미확보,건조,맑음,단일로 - 기타,승합,남,65세,상해없음,승용,남,67세,경상
노인운전자사고,2022120200100364,2022년 12월 2일 16시,금요일,부산광역시 중구 중앙동5가,경상사고,0,0,1,0,차대차 - 측면충돌,안전거리미확보,건조,맑음,교차로 - 교차로부근,승용,남,68세,상해없음,승용,남,38세,경상
노인운전자사고,2022120200100419,2022년 12월 2일 17시,금요일,부산광역시 수영구 광안동,중상사고,0,1,0,0,차대차 - 기타,안전운전불이행,건조,맑음,단일로 - 기타,승용,남,66세,상해없음,이륜,남,54세,중상
노인운전자사고,2.02212E+15,2022년 12월 2일 17시,금요일,부산광역시 사하구 하단동,경상사고,0,0,1,0,차대차 - 측면충돌,신호위반,건조,맑음,교차로 - 교차로안,승용,남,65세,상해없음,이륜,남,32세,경상
노인운전자사고,2022120200100602,2022년 12월 2일 21시,금요일,부산광역시 금정구 장전동,경상사고,0,0,1,0,차대사람 - 횡단중,보행자보호의무위반,건조,맑음,교차로 - 교차로횡단보도내,승용,남,67세,상해없음,보행자,남,57세,경상
노인운전자사고,2022120200100639,2022년 12월 2일 23시,금요일,부산광역시 부산진구 가야동,경상사고,0,0,1,0,차대차 - 추돌,안전거리미확보,건조,맑음,단일로 - 기타,승용,남,80세,상해없음,이륜,남,27세,경상
노인운전자사고,2022120300100194,2022년 12월 3일 12시,토요일,부산광역시 해운대구 우동,경상사고,0,0,1,0,차대차 - 기타,차로위반,건조,맑음,단일로 - 교량,화물,남,71세,상해없음,승용,남,57세,경상
노인운전자사고,2022120300100228,2022년 12월 3일 13시,토요일,부산광역시 연제구 연산동,경상사고,0,0,1,0,차대차 - 기타,안전운전불이행,건조,맑음,단일로 - 기타,승용,남,68세,상해없음,화물,남,48세,경상
노인운전자사고,2022120300100479,2022년 12월 3일 20시,토요일,부산광역시 부산진구 범천동,경상사고,0,0,1,0,차대차 - 기타,안전운전불이행,건조,맑음,교차로 - 교차로안,승용,남,74세,상해없음,승용,남,52세,경상
노인운전자사고,2022120400100069,2022년 12월 4일 09시,일요일,부산광역시 강서구 명지동,경상사고,0,0,1,0,차대차 - 기타,신호위반,건조,맑음,교차로 - 교차로안,승용,남,78세,상해없음,승용,남,57세,경상
노인운전자사고,2022120400100201,2022년 12월 4일 15시,일요일,부산광역시 중구 남포동5가,경상사고,0,0,1,0,차대사람 - 차도통행중,안전운전불이행,건조,맑음,단일로 - 기타,승용,남,67세,상해없음,보행자,남,58세,경상
노인운전자사고,2022120400100236,2022년 12월 4일 16시,일요일,부산광역시 수영구 망미동,경상사고,0,0,2,0,차대차 - 기타,안전운전불이행,건조,맑음,단일로 - 기타,승용,남,74세,상해없음,승용,남,26세,경상
노인운전자사고,2022120500100088,2022년 12월 5일 09시,월요일,부산광역시 강서구 강동동,중상사고,0,1,0,0,차대차 - 측면충돌,안전운전불이행,건조,맑음,단일로 - 기타,승용,남,80세,상해없음,이륜,남,69세,중상
노인운전자사고,2022120500100188,2022년 12월 5일 13시,월요일,부산광역시 부산진구 개금동,경상사고,0,0,3,0,차대차 - 추돌,안전운전불이행,건조,맑음,단일로 - 기타,승용,남,67세,상해없음,승용,남,58세,경상
노인운전자사고,2022120500100477,2022년 12월 5일 21시,월요일,부산광역시 기장군 기장읍,경상사고,0,0,2,0,차대차 - 기타,안전거리미확보,건조,맑음,교차로 - 교차로부근,승용,남,69세,상해없음,승용,남,23세,경상
노인운전자사고,2022120600100087,2022년 12월 6일 08시,화요일,부산광역시 서구 아미동2가,경상사고,0,0,1,0,차대차 - 추돌,안전운전불이행,건조,맑음,교차로 - 교차로부근,승용,남,80세,상해없음,승용,여,37세,경상
노인운전자사고,2.02212E+15,2022년 12월 6일 10시,화요일,부산광역시 연제구 거제동,경상사고,0,0,2,0,차대차 - 기타,안전거리미확보,건조,맑음,교차로 - 교차로부근,승용,남,71세,상해없음,이륜,남,53세,경상
노인운전자사고,2022120600100266,2022년 12월 6일 12시,화요일,부산광역시 서구 동대신동1가,경상사고,0,0,1,0,차대차 - 측면충돌,안전운전불이행,건조,맑음,교차로 - 교차로부근,승용,남,75세,상해없음,화물,남,64세,경상
노인운전자사고,2022120600100387,2022년 12월 6일 16시,화요일,부산광역시 서구 서대신동3가,경상사고,0,0,1,0,차대차 - 측면충돌,안전운전불이행,건조,맑음,교차로 - 교차로부근,승용,남,67세,상해없음,승용,여,50세,경상
노인운전자사고,2022120700100126,2022년 12월 7일 09시,수요일,부산광역시 동구 초량동,경상사고,0,0,1,0,차대사람 - 길가장자리구역통행중,안전운전불이행,건조,맑음,단일로 - 기타,승용,남,70세,상해없음,보행자,여,25세,경상
노인운전자사고,2022120700100127,2022년 12월 7일 09시,수요일,부산광역시 동래구 명장동,경상사고,0,0,1,0,차대사람 - 횡단중,보행자보호의무위반,건조,맑음,단일로 - 지하차도(도로)내,이륜,남,76세,상해없음,보행자,여,66세,경상
노인운전자사고,2022120700100128,2022년 12월 7일 09시,수요일,부산광역시 부산진구 범천동,경상사고,0,0,1,0,차대차 - 추돌,안전운전불이행,건조,맑음,단일로 - 기타,승용,남,66세,상해없음,원동기,남,32세,경상
노인운전자사고,2022120700100151,2022년 12월 7일 10시,수요일,부산광역시 중구 부평동2가,경상사고,0,0,1,0,차대차 - 측면충돌,안전거리미확보,건조,맑음,기타 - 기타,자전거,여,68세,상해없음,승용,여,68세,경상
노인운전자사고,2022120700100179,2022년 12월 7일 11시,수요일,부산광역시 서구 부민동2가,중상사고,0,1,0,0,차대사람 - 기타,안전운전불이행,건조,맑음,단일로 - 기타,승용,남,73세,상해없음,보행자,여,75세,중상
노인운전자사고,2.02212E+15,2022년 12월 7일 11시,수요일,부산광역시 북구 덕천동,경상사고,0,0,1,0,차대차 - 기타,안전거리미확보,건조,맑음,단일로 - 기타,승용,남,65세,경상,화물,남,74세,상해없음
노인운전자사고,2022120700100293,2022년 12월 7일 15시,수요일,부산광역시 동구 수정동,경상사고,0,0,1,0,차대사람 - 횡단중,안전운전불이행,건조,맑음,교차로 - 교차로부근,승용,남,71세,상해없음,보행자,여,69세,경상
노인운전자사고,2022120700100436,2022년 12월 7일 18시,수요일,부산광역시 중구 보수동1가,경상사고,0,0,1,0,차대차 - 측면충돌,안전운전불이행,건조,맑음,단일로 - 기타,화물,남,65세,상해없음,승용,남,36세,경상
노인운전자사고,2022120700100543,2022년 12월 7일 20시,수요일,부산광역시 금정구 구서동,중상사고,0,1,0,0,차대사람 - 차도통행중,안전운전불이행,건조,맑음,단일로 - 기타,승용,여,66세,상해없음,보행자,남,80세,중상
노인운전자사고,2022120800100151,2022년 12월 8일 09시,목요일,부산광역시 부산진구 초읍동,경상사고,0,0,1,0,차대사람 - 횡단중,보행자보호의무위반,건조,맑음,교차로 - 교차로횡단보도내,승용,남,71세,상해없음,보행자,여,60세,경상
노인운전자사고,2022120800100191,2022년 12월 8일 10시,목요일,부산광역시 서구 서대신동3가,경상사고,0,0,1,0,차대사람 - 횡단중,보행자보호의무위반,건조,맑음,단일로 - 기타,승용,남,80세,상해없음,보행자,여,61세,경상
노인운전자사고,2022120800100229,2022년 12월 8일 11시,목요일,부산광역시 서구 서대신동3가,경상사고,0,0,2,0,차대차 - 측면충돌,안전운전불이행,건조,맑음,교차로 - 교차로부근,승용,남,81세,경상,승용,남,32세,경상
노인운전자사고,2.02212E+15,2022년 12월 8일 11시,목요일,부산광역시 해운대구 우동,중상사고,0,1,0,0,차대사람 - 보도통행중,기타,건조,맑음,단일로 - 기타,승용,남,72세,상해없음,보행자,남,65세,중상
노인운전자사고,2.02212E+15,2022년 12월 8일 12시,목요일,부산광역시 서구 부용동2가,부상신고사고,0,0,0,1,차대차 - 측면충돌,안전거리미확보,건조,맑음,단일로 - 지하차도(도로)내,승용,남,67세,상해없음,이륜,남,29세,부상신고
노인운전자사고,2022120800100291,2022년 12월 8일 13시,목요일,부산광역시 서구 부민동1가,경상사고,0,0,1,0,차대차 - 추돌,안전운전불이행,건조,맑음,교차로 - 교차로부근,승용,남,66세,상해없음,이륜,남,41세,경상
노인운전자사고,2022120800100293,2022년 12월 8일 13시,목요일,부산광역시 금정구 장전동,경상사고,0,0,1,0,차대사람 - 기타,안전운전불이행,건조,맑음,기타 - 기타,승용,남,67세,상해없음,보행자,남,47세,경상
노인운전자사고,2022120800100294,2022년 12월 8일 13시,목요일,부산광역시 금정구 부곡동,경상사고,0,0,1,0,차대차 - 측면충돌,안전운전불이행,건조,맑음,교차로 - 교차로부근,승용,남,73세,상해없음,승용,여,48세,경상
노인운전자사고,2022120800100367,2022년 12월 8일 15시,목요일,부산광역시 동구 좌천동,경상사고,0,0,1,0,차대사람 - 차도통행중,안전운전불이행,건조,맑음,단일로 - 지하차도(도로)내,승용,남,65세,상해없음,보행자,여,33세,경상
노인운전자사고,2.02212E+15,2022년 12월 8일 17시,목요일,부산광역시 사하구 괴정동,경상사고,0,0,1,0,차대차 - 기타,안전거리미확보,건조,맑음,교차로 - 교차로안,승용,남,65세,상해없음,승용,남,38세,경상
노인운전자사고,2022120800100583,2022년 12월 8일 20시,목요일,부산광역시 동래구 복천동,경상사고,0,0,1,0,차대차 - 기타,신호위반,건조,맑음,교차로 - 교차로안,승용,남,66세,상해없음,승용,남,69세,상해없음
노인운전자사고,2022120900100062,2022년 12월 9일 07시,금요일,부산광역시 동래구 명장동,중상사고,0,1,0,0,차대사람 - 기타,보행자보호의무위반,건조,맑음,단일로 - 기타,승용,남,77세,상해없음,보행자,여,66세,중상
노인운전자사고,2022120900100112,2022년 12월 9일 09시,금요일,부산광역시 북구 만덕동,경상사고,0,0,1,0,차대차 - 추돌,안전운전불이행,건조,맑음,교차로 - 교차로부근,화물,남,70세,상해없음,승용,여,49세,경상
노인운전자사고,2022120900100407,2022년 12월 9일 18시,금요일,부산광역시 강서구 지사동,경상사고,0,0,1,0,차대차 - 측면충돌,교차로운행방법위반,건조,맑음,교차로 - 교차로안,승용,남,66세,상해없음,승용,남,35세,경상
노인운전자사고,2022120900100483,2022년 12월 9일 19시,금요일,부산광역시 남구 대연동,경상사고,0,0,1,0,차대사람 - 횡단중,보행자보호의무위반,건조,맑음,교차로 - 교차로횡단보도내,승용,남,66세,상해없음,보행자,남,19세,경상
노인운전자사고,2022120900100485,2022년 12월 9일 19시,금요일,부산광역시 부산진구 당감동,경상사고,0,0,1,0,차대차 - 기타,안전거리미확보,건조,맑음,단일로 - 기타,승합,남,78세,상해없음,승합,남,60세,상해없음
노인운전자사고,2022121000100127,2022년 12월 10일 09시,토요일,부산광역시 사하구 감천동,경상사고,0,0,1,0,차대차 - 기타,안전운전불이행,건조,맑음,단일로 - 기타,승용,여,65세,상해없음,승용,남,41세,경상
노인운전자사고,2022121000100303,2022년 12월 10일 15시,토요일,부산광역시 동구 범일동,경상사고,0,0,1,0,차대사람 - 차도통행중,안전운전불이행,건조,맑음,단일로 - 지하차도(도로)내,승용,여,70세,상해없음,보행자,여,24세,경상
노인운전자사고,2022121000100396,2022년 12월 10일 18시,토요일,부산광역시 수영구 수영동,경상사고,0,0,2,0,차대차 - 측면충돌,교차로운행방법위반,건조,맑음,교차로 - 교차로안,승용,남,66세,상해없음,승용,남,66세,상해없음
노인운전자사고,2022121000100437,2022년 12월 10일 19시,토요일,부산광역시 부산진구 가야동,중상사고,0,1,0,0,차대차 - 측면충돌,기타,건조,맑음,교차로 - 교차로부근,승용,남,70세,상해없음,이륜,남,19세,중상
노인운전자사고,2022121100100168,2022년 12월 11일 13시,일요일,부산광역시 해운대구 반여동,경상사고,0,0,1,1,차대차 - 측면충돌,기타,건조,맑음,교차로 - 교차로부근,승용,남,75세,부상신고,승용,남,71세,경상
노인운전자사고,2022121100100235,2022년 12월 11일 15시,일요일,부산광역시 북구 구포동,경상사고,0,0,1,0,차대차 - 추돌,안전운전불이행,건조,맑음,단일로 - 기타,승용,남,77세,상해없음,승용,남,44세,경상
노인운전자사고,2022121100100261,2022년 12월 11일 16시,일요일,부산광역시 사하구 다대동,경상사고,0,0,3,0,차대차 - 기타,교차로운행방법위반,건조,맑음,단일로 - 지하차도(도로)내,승용,남,66세,기타불명,승용,남,42세,경상
노인운전자사고,2022121100100414,2022년 12월 11일 21시,일요일,부산광역시 해운대구 우동,경상사고,0,0,1,0,차대차 - 기타,신호위반,기타,맑음,교차로 - 교차로안,이륜,남,69세,경상,승합,남,60세,상해없음
노인운전자사고,2022121200100124,2022년 12월 12일 10시,월요일,부산광역시 북구 덕천동,경상사고,0,0,1,0,차대사람 - 길가장자리구역통행중,기타,건조,맑음,단일로 - 기타,승용,남,80세,상해없음,보행자,여,24세,경상
노인운전자사고,2022121200100236,2022년 12월 12일 14시,월요일,부산광역시 사하구 감천동,중상사고,0,1,0,0,차대차 - 추돌,안전거리미확보,건조,맑음,단일로 - 지하차도(도로)내,화물,남,72세,기타불명,승용,여,61세,중상
노인운전자사고,2022121200100267,2022년 12월 12일 15시,월요일,부산광역시 연제구 연산동,경상사고,0,0,1,0,차대차 - 측면충돌,신호위반,건조,맑음,교차로 - 교차로부근,승용,여,66세,기타불명,화물,남,39세,경상
노인운전자사고,2022121200100299,2022년 12월 12일 16시,월요일,부산광역시 서구 동대신동3가,경상사고,0,0,2,0,차대차 - 후진중충돌,안전운전불이행,건조,맑음,교차로 - 교차로부근,승용,남,68세,상해없음,승용,여,23세,경상