사고부문,사고번호,사고일시,요일,시군구,사고내용,사망자수,중상자수,경상자수,부상신고자수,사고유형,법규위반,노면상태,기상상태,도로형태,가해운전자 차종,가해운전자 성별,가해운전자 연령,가해운전자 상해정도,피해운전자 차종,피해운전자 성별,피해운전자 연령,피해운전자 상해정도
노인운전자사고,2.02212E+15,2022년 12월 12일 18시,월요일,부산광역시 동래구 사직동,중상사고,0,1,0,0,차대사람 - 횡단중,안전운전불이행,건조,맑음,교차로 - 교차로안,승용,여,71세,상해없음,보행자,남,8세,중상
노인운전자사고,2022121200100512,2022년 12월 12일 20시,월요일,부산광역시 동래구 수안동,경상사고,0,0,2,0,차대차 - 측면충돌,안전거리미확보,젖음/습기,비,교차로 - 교차로부근,화물,남,65세,상해없음,승용,남,20세,경상
노인운전자사고,2022121300100139,2022년 12월 13일 10시,화요일,부산광역시 해운대구 중동,중상사고,0,1,0,0,차대차 - 측면충돌,교차로운행방법위반,건조,맑음,교차로 - 교차로부근,승용,남,73세,상해없음,승용,여,62세,중상
노인운전자사고,2022121300100167,2022년 12월 13일 11시,화요일,부산광역시 사하구 다대동,중상사고,0,1,0,0,차대사람 - 기타,안전운전불이행,건조,맑음,단일로 - 기타,승용,여,67세,기타불명,보행자,남,36세,중상
노인운전자사고,2022121300100198,2022년 12월 13일 12시,화요일,부산광역시 남구 문현동,경상사고,0,0,1,0,차대차 - 기타,안전운전불이행,건조,맑음,교차로 - 교차로안,승용,남,69세,상해없음,승용,남,27세,경상
노인운전자사고,2022121300100283,2022년 12월 13일 15시,화요일,부산광역시 동래구 낙민동,경상사고,0,0,3,0,차대차 - 추돌,안전거리미확보,건조,맑음,단일로 - 기타,승용,남,74세,상해없음,승용,남,60세,경상
노인운전자사고,2022121300100343,2022년 12월 13일 17시,화요일,부산광역시 해운대구 반여동,중상사고,0,1,0,0,차대사람 - 횡단중,보행자보호의무위반,건조,맑음,교차로 - 교차로부근,화물,남,70세,상해없음,보행자,여,61세,중상
노인운전자사고,2022121400100081,2022년 12월 14일 08시,수요일,부산광역시 서구 부민동1가,중상사고,0,1,0,0,차대사람 - 차도통행중,안전운전불이행,건조,맑음,단일로 - 기타,승합,남,68세,상해없음,보행자,여,58세,중상
노인운전자사고,2022121400100082,2022년 12월 14일 08시,수요일,부산광역시 금정구 남산동,경상사고,0,0,2,0,차대차 - 기타,중앙선침범,건조,맑음,기타 - 기타,이륜,남,66세,상해없음,승용,여,35세,경상
노인운전자사고,2022121400100187,2022년 12월 14일 10시,수요일,부산광역시 수영구 남천동,중상사고,0,1,0,0,차대사람 - 차도통행중,안전운전불이행,건조,맑음,기타 - 기타,승용,남,67세,상해없음,보행자,남,26세,중상
노인운전자사고,2022121400100188,2022년 12월 14일 10시,수요일,부산광역시 강서구 송정동,중상사고,0,1,0,0,차대차 - 측면충돌,신호위반,건조,맑음,교차로 - 교차로안,화물,남,67세,상해없음,승용,여,34세,중상
노인운전자사고,2022121400100566,2022년 12월 14일 19시,수요일,부산광역시 부산진구 개금동,중상사고,0,1,0,0,차대사람 - 횡단중,안전운전불이행,건조,맑음,단일로 - 기타,승용,남,71세,상해없음,보행자,여,21세,중상
노인운전자사고,2022121400100679,2022년 12월 14일 23시,수요일,부산광역시 남구 대연동,경상사고,0,0,1,0,차대차 - 기타,기타,건조,맑음,교차로 - 교차로부근,승용,남,66세,상해없음,이륜,남,40세,경상
노인운전자사고,2022121500100077,2022년 12월 15일 07시,목요일,부산광역시 남구 문현동,경상사고,0,0,1,0,차대차 - 후진중충돌,안전운전불이행,건조,맑음,단일로 - 기타,화물,남,65세,상해없음,승용,남,33세,경상
노인운전자사고,2022121500100444,2022년 12월 15일 18시,목요일,부산광역시 부산진구 당감동,경상사고,0,0,1,0,차대차 - 측면충돌,안전운전불이행,건조,맑음,교차로 - 교차로안,승용,남,67세,상해없음,화물,남,57세,경상
노인운전자사고,2022121600100049,2022년 12월 16일 06시,금요일,부산광역시 강서구 구랑동,중상사고,0,1,0,0,차대차 - 기타,신호위반,건조,맑음,교차로 - 교차로안,건설기계,남,65세,상해없음,승용,남,47세,중상
노인운전자사고,2022121600100159,2022년 12월 16일 10시,금요일,부산광역시 금정구 남산동,경상사고,0,0,2,0,차대차 - 추돌,안전운전불이행,건조,맑음,단일로 - 지하차도(도로)내,자전거,남,66세,경상,승용,남,64세,상해없음
노인운전자사고,2022121600100244,2022년 12월 16일 13시,금요일,부산광역시 연제구 연산동,중상사고,0,1,0,0,차대차 - 기타,안전운전불이행,건조,맑음,단일로 - 기타,자전거,남,72세,중상,승용,남,66세,상해없음
노인운전자사고,2022121600100338,2022년 12월 16일 16시,금요일,부산광역시 강서구 녹산동,경상사고,0,0,1,0,차대차 - 측면충돌,안전거리미확보,건조,맑음,단일로 - 기타,화물,남,65세,상해없음,승용,남,28세,경상
노인운전자사고,2022121600100528,2022년 12월 16일 21시,금요일,부산광역시 사하구 감천동,경상사고,0,0,2,0,차대차 - 추돌,안전운전불이행,건조,맑음,단일로 - 기타,승용,남,65세,상해없음,승용,여,41세,경상
노인운전자사고,2022121600100582,2022년 12월 16일 23시,금요일,부산광역시 동래구 사직동,경상사고,0,0,4,0,차대차 - 정면충돌,신호위반,건조,맑음,교차로 - 교차로안,승용,남,71세,상해없음,승용,남,59세,경상
노인운전자사고,2022121700100134,2022년 12월 17일 10시,토요일,부산광역시 강서구 명지동,경상사고,0,0,1,0,차대차 - 추돌,안전운전불이행,건조,맑음,단일로 - 기타,승용,남,77세,상해없음,승용,남,24세,경상
노인운전자사고,2022121700100506,2022년 12월 17일 21시,토요일,부산광역시 부산진구 당감동,경상사고,0,0,1,0,차대사람 - 횡단중,신호위반,건조,맑음,단일로 - 기타,승용,남,69세,상해없음,보행자,여,34세,경상
노인운전자사고,2022121700100531,2022년 12월 17일 22시,토요일,부산광역시 동래구 사직동,중상사고,0,2,0,0,차대차 - 측면충돌,안전운전불이행,건조,맑음,단일로 - 기타,승용,남,66세,상해없음,이륜,남,23세,중상
노인운전자사고,2022121800100093,2022년 12월 18일 10시,일요일,부산광역시 동구 좌천동,중상사고,0,1,0,0,차대차 - 추돌,안전운전불이행,건조,맑음,단일로 - 기타,승용,남,67세,상해없음,승용,여,47세,중상
노인운전자사고,2022121800100117,2022년 12월 18일 11시,일요일,부산광역시 동래구 온천동,경상사고,0,0,1,0,차대차 - 추돌,안전운전불이행,건조,맑음,단일로 - 기타,승용,여,71세,상해없음,승용,남,59세,경상
노인운전자사고,2022121800100119,2022년 12월 18일 11시,일요일,부산광역시 연제구 연산동,경상사고,0,0,1,0,차대사람 - 횡단중,안전운전불이행,건조,맑음,교차로 - 교차로부근,화물,남,68세,상해없음,보행자,남,75세,경상
노인운전자사고,2022121800100369,2022년 12월 18일 20시,일요일,부산광역시 해운대구 재송동,경상사고,0,0,1,0,차대차 - 측면충돌,교차로운행방법위반,건조,맑음,교차로 - 교차로안,승용,남,75세,상해없음,승용,여,52세,경상
노인운전자사고,2022121900100064,2022년 12월 19일 07시,월요일,부산광역시 사하구 신평동,경상사고,0,0,1,0,차대사람 - 기타,보행자보호의무위반,건조,맑음,단일로 - 기타,승용,남,75세,상해없음,보행자,여,40세,경상
노인운전자사고,2022121900100131,2022년 12월 19일 09시,월요일,부산광역시 동구 좌천동,경상사고,0,0,1,0,차대사람 - 차도통행중,안전운전불이행,건조,맑음,교차로 - 교차로부근,승합,여,66세,상해없음,보행자,남,67세,경상
노인운전자사고,2022121900100188,2022년 12월 19일 11시,월요일,부산광역시 중구 남포동6가,부상신고사고,0,0,0,1,차대사람 - 횡단중,안전운전불이행,건조,맑음,교차로 - 교차로안,승용,남,74세,상해없음,보행자,남,67세,부상신고
노인운전자사고,2022121900100382,2022년 12월 19일 17시,월요일,부산광역시 해운대구 우동,경상사고,0,0,1,0,차대차 - 측면충돌,안전거리미확보,건조,맑음,단일로 - 기타,승용,여,65세,상해없음,승용,남,18세,경상
노인운전자사고,2022121900100435,2022년 12월 19일 18시,월요일,부산광역시 부산진구 전포동,경상사고,0,0,1,0,차대차 - 기타,안전거리미확보,건조,맑음,단일로 - 기타,승용,남,75세,경상,승용,남,69세,상해없음
노인운전자사고,2022121900100524,2022년 12월 19일 21시,월요일,부산광역시 동구 범일동,중상사고,0,1,0,0,차대차 - 측면충돌,교차로운행방법위반,건조,맑음,교차로 - 교차로안,승용,남,65세,상해없음,승합,남,61세,상해없음
노인운전자사고,2022122000100136,2022년 12월 20일 09시,화요일,부산광역시 사하구 신평동,경상사고,0,0,1,0,차대차 - 기타,안전운전불이행,건조,맑음,단일로 - 지하차도(도로)내,건설기계,남,72세,기타불명,승용,남,56세,경상
노인운전자사고,2022122000100137,2022년 12월 20일 09시,화요일,부산광역시 강서구 대저2동,경상사고,0,0,2,0,차대차 - 기타,안전운전불이행,건조,맑음,교차로 - 교차로안,화물,남,67세,경상,화물,남,34세,경상
노인운전자사고,2022122000100316,2022년 12월 20일 14시,화요일,부산광역시 금정구 청룡동,중상사고,0,1,0,0,차대사람 - 길가장자리구역통행중,안전운전불이행,건조,맑음,단일로 - 기타,승용,남,78세,상해없음,보행자,남,65세,중상
노인운전자사고,2022122000100317,2022년 12월 20일 14시,화요일,부산광역시 금정구 부곡동,중상사고,0,1,1,0,차대차 - 기타,중앙선침범,건조,맑음,단일로 - 기타,이륜,남,71세,경상,승용,남,63세,상해없음
노인운전자사고,2022122000100398,2022년 12월 20일 16시,화요일,부산광역시 서구 서대신동3가,경상사고,0,0,3,0,차대차 - 기타,안전거리미확보,건조,맑음,교차로 - 교차로부근,승용,남,68세,상해없음,승용,여,44세,경상
노인운전자사고,2022122000100586,2022년 12월 20일 20시,화요일,부산광역시 강서구 명지동,경상사고,0,0,1,0,차대차 - 기타,안전운전불이행,건조,맑음,교차로 - 교차로부근,승용,남,65세,상해없음,자전거,남,74세,경상
노인운전자사고,2022122100100045,2022년 12월 21일 06시,수요일,부산광역시 부산진구 가야동,경상사고,0,0,1,0,차대차 - 기타,신호위반,젖음/습기,비,교차로 - 교차로안,화물,남,71세,기타불명,승용,남,66세,경상
노인운전자사고,2022122100100046,2022년 12월 21일 06시,수요일,부산광역시 금정구 노포동,경상사고,0,0,1,0,차대차 - 기타,안전운전불이행,젖음/습기,맑음,단일로 - 교량,승합,남,65세,상해없음,승용,여,57세,경상
노인운전자사고,2022122100100064,2022년 12월 21일 07시,수요일,부산광역시 금정구 부곡동,중상사고,0,1,1,0,차대차 - 기타,안전운전불이행,건조,맑음,교차로 - 교차로안,승용,남,74세,경상,승용,남,51세,중상
노인운전자사고,2022122100100165,2022년 12월 21일 09시,수요일,부산광역시 금정구 서동,중상사고,0,1,0,0,차대사람 - 횡단중,보행자보호의무위반,건조,맑음,교차로 - 교차로안,승용,남,67세,상해없음,보행자,남,53세,중상
노인운전자사고,2022122100100342,2022년 12월 21일 17시,수요일,부산광역시 강서구 신호동,중상사고,0,1,0,0,차대사람 - 횡단중,안전운전불이행,건조,맑음,교차로 - 교차로부근,승용,남,66세,상해없음,보행자,여,19세,중상
노인운전자사고,2022122100100382,2022년 12월 21일 18시,수요일,부산광역시 해운대구 좌동,경상사고,0,0,1,0,차대차 - 추돌,안전운전불이행,건조,맑음,교차로 - 교차로안,승용,남,65세,상해없음,승용,남,33세,경상
노인운전자사고,2022122100100412,2022년 12월 21일 19시,수요일,부산광역시 수영구 남천동,경상사고,0,0,1,0,차대차 - 측면충돌,신호위반,젖음/습기,흐림,단일로 - 기타,승용,남,69세,상해없음,승용,남,58세,경상
노인운전자사고,2022122100100414,2022년 12월 21일 19시,수요일,부산광역시 부산진구 초읍동,경상사고,0,0,1,0,차대차 - 측면충돌,안전운전불이행,건조,맑음,단일로 - 기타,승용,남,66세,상해없음,이륜,남,18세,경상
노인운전자사고,2022122100100442,2022년 12월 21일 20시,수요일,부산광역시 남구 대연동,중상사고,0,1,0,0,차대차 - 기타,안전거리미확보,건조,맑음,단일로 - 기타,승용,남,67세,상해없음,이륜,남,57세,중상
노인운전자사고,2022122200100038,2022년 12월 22일 05시,목요일,부산광역시 강서구 강동동,경상사고,0,0,1,0,차대차 - 측면충돌,중앙선침범,건조,맑음,단일로 - 기타,화물,남,67세,상해없음,승용,남,71세,경상
노인운전자사고,2022122200100039,2022년 12월 22일 05시,목요일,부산광역시 사상구 학장동,경상사고,0,0,1,0,차대사람 - 횡단중,신호위반,건조,맑음,단일로 - 기타,승용,남,77세,상해없음,보행자,여,70세,경상
노인운전자사고,2.02212E+15,2022년 12월 22일 05시,목요일,부산광역시 사상구 학장동,중상사고,0,1,0,0,차대차 - 기타,신호위반,건조,맑음,교차로 - 교차로안,승용,남,67세,상해없음,자전거,남,64세,중상
노인운전자사고,2022122200100045,2022년 12월 22일 06시,목요일,부산광역시 중구 부평동2가,경상사고,0,0,2,0,차대차 - 측면충돌,신호위반,건조,맑음,단일로 - 기타,승용,남,69세,상해없음,화물,남,42세,경상
노인운전자사고,2022122200100196,2022년 12월 22일 12시,목요일,부산광역시 남구 용당동,경상사고,0,0,1,0,차대차 - 기타,안전운전불이행,건조,맑음,단일로 - 기타,특수,남,67세,기타불명,특수,남,38세,경상
노인운전자사고,2022122300100003,2022년 12월 23일 00시,금요일,부산광역시 남구 용호동,중상사고,0,1,0,0,차대차 - 기타,신호위반,건조,맑음,교차로 - 교차로안,승용,남,65세,상해없음,이륜,남,24세,중상
노인운전자사고,2022122300100138,2022년 12월 23일 10시,금요일,부산광역시 부산진구 부암동,중상사고,0,1,0,0,차대사람 - 기타,보행자보호의무위반,건조,맑음,교차로 - 교차로횡단보도내,승용,여,75세,상해없음,보행자,여,72세,중상
노인운전자사고,2022122300100191,2022년 12월 23일 12시,금요일,부산광역시 강서구 명지동,경상사고,0,0,1,0,차대사람 - 횡단중,보행자보호의무위반,건조,맑음,교차로 - 교차로횡단보도내,승용,남,66세,상해없음,보행자,남,23세,경상
노인운전자사고,2022122300100208,2022년 12월 23일 13시,금요일,부산광역시 수영구 남천동,중상사고,0,1,0,0,차대사람 - 보도통행중,중앙선침범,건조,맑음,단일로 - 기타,승용,남,80세,상해없음,보행자,여,89세,중상
노인운전자사고,2022122300100305,2022년 12월 23일 16시,금요일,부산광역시 사상구 주례동,중상사고,0,1,0,0,차대사람 - 차도통행중,안전운전불이행,건조,맑음,단일로 - 기타,승용,남,73세,상해없음,보행자,여,79세,중상
노인운전자사고,2.02212E+15,2022년 12월 23일 21시,금요일,부산광역시 동래구 명륜동,경상사고,0,0,1,0,차대차 - 측면충돌,신호위반,건조,맑음,교차로 - 교차로안,승용,남,66세,상해없음,이륜,남,30세,경상
노인운전자사고,2022122300100502,2022년 12월 23일 21시,금요일,부산광역시 연제구 연산동,경상사고,0,0,1,0,차대사람 - 기타,안전운전불이행,건조,맑음,단일로 - 기타,승용,남,68세,상해없음,보행자,남,66세,경상
노인운전자사고,2022122400100107,2022년 12월 24일 10시,토요일,부산광역시 해운대구 좌동,경상사고,0,0,1,0,차대차 - 기타,안전운전불이행,건조,맑음,교차로 - 교차로부근,원동기,남,79세,경상,승합,남,51세,상해없음
노인운전자사고,2022122400100128,2022년 12월 24일 11시,토요일,부산광역시 동구 초량동,중상사고,0,1,1,0,차대사람 - 횡단중,보행자보호의무위반,건조,맑음,교차로 - 교차로횡단보도내,화물,남,68세,상해없음,보행자,남,61세,중상
노인운전자사고,2022122400100208,2022년 12월 24일 13시,토요일,부산광역시 수영구 광안동,경상사고,0,0,1,0,차량단독 - 기타,안전운전불이행,건조,맑음,교차로 - 교차로안,승용,남,71세,상해없음,,,,
노인운전자사고,2.02212E+15,2022년 12월 24일 14시,토요일,부산광역시 수영구 광안동,중상사고,0,1,2,0,차대차 - 추돌,안전운전불이행,건조,맑음,단일로 - 터널,화물,남,69세,상해없음,승용,여,48세,경상
노인운전자사고,2022122400100454,2022년 12월 24일 19시,토요일,부산광역시 중구 동광동1가,경상사고,0,0,1,0,차대사람 - 기타,안전운전불이행,건조,맑음,단일로 - 기타,승용,남,71세,상해없음,보행자,남,36세,경상
노인운전자사고,2022122400100455,2022년 12월 24일 19시,토요일,부산광역시 중구 부평동1가,경상사고,0,0,1,0,차대차 - 측면충돌,중앙선침범,건조,맑음,단일로 - 기타,승용,남,70세,상해없음,승용,남,70세,경상
노인운전자사고,2022122500100032,2022년 12월 25일 04시,일요일,부산광역시 연제구 거제동,경상사고,0,0,1,0,차대사람 - 기타,기타,건조,맑음,단일로 - 기타,승용,여,69세,상해없음,보행자,남,40세,경상
노인운전자사고,2022122500100101,2022년 12월 25일 11시,일요일,부산광역시 부산진구 부전동,경상사고,0,0,1,0,차대차 - 기타,안전운전불이행,건조,맑음,단일로 - 기타,승용,남,67세,상해없음,이륜,남,32세,경상
노인운전자사고,2022122500100103,2022년 12월 25일 11시,일요일,부산광역시 연제구 거제동,중상사고,0,1,0,0,차대사람 - 횡단중,안전운전불이행,건조,맑음,단일로 - 기타,승용,남,82세,상해없음,보행자,여,72세,중상
노인운전자사고,2022122500100119,2022년 12월 25일 12시,일요일,부산광역시 금정구 서동,경상사고,0,0,1,0,차대차 - 기타,안전운전불이행,건조,맑음,기타 - 기타,승용,남,66세,상해없음,이륜,남,44세,경상
노인운전자사고,2022122500100189,2022년 12월 25일 15시,일요일,부산광역시 부산진구 전포동,경상사고,0,0,1,1,차대차 - 측면충돌,안전거리미확보,건조,맑음,단일로 - 고가도로위,특수,남,65세,상해없음,승용,남,57세,부상신고
노인운전자사고,2022122500100227,2022년 12월 25일 16시,일요일,부산광역시 해운대구 재송동,경상사고,0,0,1,0,차대차 - 측면충돌,신호위반,건조,맑음,교차로 - 교차로안,승용,남,68세,상해없음,승용,남,51세,경상
노인운전자사고,2022122500100228,2022년 12월 25일 16시,일요일,부산광역시 사하구 다대동,경상사고,0,0,1,0,차대차 - 측면충돌,신호위반,건조,맑음,단일로 - 기타,이륜,남,71세,경상,승용,남,42세,상해없음
노인운전자사고,2022122600100267,2022년 12월 26일 14시,월요일,부산광역시 연제구 연산동,부상신고사고,0,0,0,1,차대차 - 기타,안전운전불이행,건조,맑음,교차로 - 교차로부근,승용,남,65세,상해없음,승용,남,25세,부상신고
노인운전자사고,2022122600100323,2022년 12월 26일 16시,월요일,부산광역시 금정구 남산동,경상사고,0,0,1,0,차대차 - 측면충돌,안전거리미확보,건조,맑음,교차로 - 교차로부근,화물,남,75세,상해없음,이륜,남,28세,경상
노인운전자사고,2022122600100352,2022년 12월 26일 17시,월요일,부산광역시 동래구 안락동,중상사고,0,1,0,0,차대차 - 기타,안전거리미확보,건조,맑음,단일로 - 기타,승용,남,66세,상해없음,승합,남,44세,상해없음
노인운전자사고,2022122600100353,2022년 12월 26일 17시,월요일,부산광역시 부산진구 범천동,경상사고,0,0,2,0,차대차 - 추돌,안전거리미확보,건조,맑음,단일로 - 기타,승용,남,67세,상해없음,승용,여,26세,경상
노인운전자사고,2022122600100354,2022년 12월 26일 17시,월요일,부산광역시 부산진구 전포동,경상사고,0,0,1,0,차대차 - 기타,안전운전불이행,건조,맑음,교차로 - 교차로부근,승용,남,73세,상해없음,이륜,남,33세,경상
노인운전자사고,2022122700100046,2022년 12월 27일 06시,화요일,부산광역시 강서구 명지동,경상사고,0,0,1,0,차대차 - 측면충돌,신호위반,건조,맑음,교차로 - 교차로안,승용,남,70세,상해없음,화물,남,54세,경상
노인운전자사고,2022122700100173,2022년 12월 27일 10시,화요일,부산광역시 남구 대연동,경상사고,0,0,1,0,차대차 - 기타,신호위반,건조,맑음,교차로 - 교차로부근,자전거,남,82세,경상,승용,남,32세,상해없음
노인운전자사고,2022122700100175,2022년 12월 27일 10시,화요일,부산광역시 금정구 부곡동,경상사고,0,0,1,1,차대차 - 기타,직진우회전진행방해,건조,맑음,교차로 - 교차로안,이륜,남,78세,경상,화물,남,53세,부상신고
노인운전자사고,2022122700100257,2022년 12월 27일 13시,화요일,부산광역시 동래구 온천동,부상신고사고,0,0,0,1,차대차 - 기타,안전운전불이행,건조,맑음,교차로 - 교차로안,승용,남,81세,상해없음,승용,여,36세,부상신고
노인운전자사고,2022122700100258,2022년 12월 27일 13시,화요일,부산광역시 동래구 명륜동,경상사고,0,0,1,0,차대차 - 기타,안전운전불이행,건조,맑음,단일로 - 기타,자전거,남,75세,경상,승용,남,79세,상해없음
노인운전자사고,2022122700100349,2022년 12월 27일 16시,화요일,부산광역시 해운대구 좌동,중상사고,0,4,0,0,차대차 - 측면충돌,안전운전불이행,건조,맑음,단일로 - 기타,승용,남,68세,상해없음,승용,여,47세,중상
노인운전자사고,2022122700100422,2022년 12월 27일 18시,화요일,부산광역시 사하구 괴정동,중상사고,0,1,0,0,차대차 - 기타,안전운전불이행,건조,맑음,교차로 - 교차로부근,승용,남,67세,상해없음,이륜,남,41세,중상
노인운전자사고,2022122700100537,2022년 12월 27일 21시,화요일,부산광역시 남구 대연동,중상사고,0,1,0,0,차대차 - 측면충돌,안전운전불이행,건조,맑음,교차로 - 교차로부근,승용,남,69세,상해없음,개인형이동수단(PM),남,29세,중상
노인운전자사고,2022122800100013,2022년 12월 28일 01시,수요일,부산광역시 사하구 괴정동,경상사고,0,0,1,0,차대차 - 기타,안전운전불이행,건조,맑음,단일로 - 기타,승용,남,80세,상해없음,화물,남,65세,경상
노인운전자사고,2022122800100057,2022년 12월 28일 07시,수요일,부산광역시 남구 대연동,경상사고,0,0,1,0,차대사람 - 기타,안전운전불이행,건조,맑음,단일로 - 기타,승용,여,68세,상해없음,보행자,남,47세,경상
노인운전자사고,2022122800100201,2022년 12월 28일 12시,수요일,부산광역시 동구 범일동,경상사고,0,0,1,0,차대차 - 추돌,안전운전불이행,건조,맑음,단일로 - 기타,승합,남,66세,상해없음,승용,남,54세,경상
노인운전자사고,2022122800100202,2022년 12월 28일 12시,수요일,부산광역시 동래구 수안동,경상사고,0,0,1,0,차대차 - 측면충돌,교차로운행방법위반,건조,맑음,교차로 - 교차로안,승용,여,70세,상해없음,자전거,남,62세,경상
노인운전자사고,2022122800100238,2022년 12월 28일 13시,수요일,부산광역시 부산진구 부전동,경상사고,0,0,1,0,차대사람 - 길가장자리구역통행중,안전운전불이행,건조,맑음,단일로 - 기타,승용,여,65세,상해없음,보행자,여,53세,경상
노인운전자사고,2.02212E+15,2022년 12월 28일 16시,수요일,부산광역시 동구 수정동,경상사고,0,0,1,0,차대차 - 추돌,안전운전불이행,건조,맑음,단일로 - 기타,승용,남,69세,상해없음,화물,남,21세,경상
노인운전자사고,2022122800100352,2022년 12월 28일 16시,수요일,부산광역시 서구 충무동1가,경상사고,0,0,1,0,차대사람 - 차도통행중,안전운전불이행,건조,맑음,단일로 - 기타,승용,남,70세,상해없음,보행자,여,70세,경상
노인운전자사고,2022122900100063,2022년 12월 29일 07시,목요일,부산광역시 강서구 신호동,중상사고,0,1,0,0,차대사람 - 횡단중,보행자보호의무위반,건조,맑음,단일로 - 교량,승용,남,68세,상해없음,보행자,남,31세,중상
노인운전자사고,2022122900100111,2022년 12월 29일 09시,목요일,부산광역시 영도구 청학동,중상사고,0,1,1,0,차대차 - 측면충돌,안전운전불이행,건조,맑음,교차로 - 교차로안,승용,남,70세,중상,승용,남,55세,경상
노인운전자사고,2.02212E+15,2022년 12월 29일 11시,목요일,부산광역시 사상구 모라동,중상사고,0,1,0,0,차대차 - 측면충돌,신호위반,건조,맑음,단일로 - 기타,승용,남,75세,기타불명,이륜,남,29세,중상
노인운전자사고,2022122900100195,2022년 12월 29일 12시,목요일,부산광역시 남구 대연동,경상사고,0,0,2,0,차대차 - 측면충돌,안전거리미확보,건조,맑음,교차로 - 교차로부근,승용,남,69세,기타불명,승용,남,23세,경상
노인운전자사고,2022122900100196,2022년 12월 29일 12시,목요일,부산광역시 해운대구 반여동,중상사고,0,2,0,0,차대차 - 측면충돌,안전거리미확보,건조,맑음,단일로 - 기타,특수,남,67세,상해없음,승용,남,63세,상해없음
노인운전자사고,2022122900100226,2022년 12월 29일 13시,목요일,부산광역시 연제구 연산동,경상사고,0,0,1,0,차대차 - 추돌,안전운전불이행,건조,맑음,교차로 - 교차로안,승용,남,65세,기타불명,승용,남,46세,경상
노인운전자사고,2022122900100302,2022년 12월 29일 15시,목요일,부산광역시 수영구 남천동,중상사고,0,1,0,0,차대차 - 측면충돌,안전거리미확보,건조,맑음,단일로 - 기타,화물,남,67세,상해없음,이륜,남,62세,중상
노인운전자사고,2022122900100382,2022년 12월 29일 17시,목요일,부산광역시 사상구 학장동,경상사고,0,0,2,0,차대차 - 측면충돌,교차로운행방법위반,건조,맑음,교차로 - 교차로안,승용,남,72세,상해없음,승용,남,57세,경상
노인운전자사고,2022122900100436,2022년 12월 29일 18시,목요일,부산광역시 수영구 민락동,경상사고,0,0,1,0,차대사람 - 횡단중,신호위반,건조,맑음,교차로 - 교차로횡단보도내,승용,여,67세,상해없음,보행자,여,57세,경상
노인운전자사고,2022122900100437,2022년 12월 29일 18시,목요일,부산광역시 연제구 연산동,경상사고,0,0,1,0,차대차 - 측면충돌,안전운전불이행,건조,맑음,교차로 - 교차로안,승용,여,67세,상해없음,화물,남,37세,경상
노인운전자사고,2022123000100242,2022년 12월 30일 13시,금요일,부산광역시 중구 남포동1가,경상사고,0,0,1,0,차대차 - 추돌,안전운전불이행,건조,맑음,단일로 - 기타,승용,남,80세,상해없음,승용,남,67세,경상
노인운전자사고,2022123000100289,2022년 12월 30일 14시,금요일,부산광역시 금정구 부곡동,경상사고,0,0,4,1,차대차 - 추돌,안전운전불이행,건조,맑음,단일로 - 기타,승용,남,79세,상해없음,승용,여,45세,부상신고
노인운전자사고,2022123000100502,2022년 12월 30일 18시,금요일,부산광역시 부산진구 양정동,경상사고,0,0,1,0,차대차 - 측면충돌,안전운전불이행,기타,맑음,교차로 - 교차로안,화물,남,65세,상해없음,승용,여,60세,경상
노인운전자사고,2022123000100505,2022년 12월 30일 18시,금요일,부산광역시 금정구 남산동,경상사고,0,0,1,0,차대사람 - 길가장자리구역통행중,안전운전불이행,건조,맑음,기타 - 기타,승용,남,66세,상해없음,보행자,여,33세,경상
노인운전자사고,2022123000100654,2022년 12월 30일 22시,금요일,부산광역시 기장군 기장읍,경상사고,0,0,2,0,차대차 - 추돌,안전운전불이행,건조,맑음,교차로 - 교차로부근,승용,남,67세,기타불명,승용,남,35세,경상
노인운전자사고,2022123100100085,2022년 12월 31일 06시,토요일,부산광역시 해운대구 우동,경상사고,0,0,2,0,차대차 - 기타,안전거리미확보,건조,맑음,교차로 - 교차로부근,건설기계,남,77세,상해없음,승용,남,52세,경상
노인운전자사고,2022123100100382,2022년 12월 31일 18시,토요일,부산광역시 중구 남포동2가,경상사고,0,0,1,0,차대차 - 추돌,기타,건조,맑음,단일로 - 기타,승용,남,74세,상해없음,이륜,남,22세,경상
노인운전자사고,2022123100100452,2022년 12월 31일 20시,토요일,부산광역시 북구 구포동,경상사고,0,0,1,0,차대사람 - 기타,기타,건조,맑음,단일로 - 기타,승용,남,69세,상해없음,보행자,남,37세,경상